critic_seed,best_step,final_training_step,best_val_mi,test_mi,test_product_shuffle_sd,heldout_joint_minus_mismatch_score,pairing_sensitivity_original_cyclic_shift_mean,pairing_sensitivity_original_cyclic_shift_sd,pairing_sensitivity_derandomized_shift_mean,pairing_sensitivity_derandomized_shift_sd,pairing_sensitivity_full_permutation_mean,pairing_sensitivity_full_permutation_sd,pairing_sensitivity_cyclic_vs_derandomized_gap,pairing_sensitivity_cyclic_vs_full_permutation_gap,layer,subset_mask,order_k,representation_dim,n_train,n_val,n_test,run_fingerprint
11,525,775,0.1940147876739502,0.20713337262471518,0.34022889036266196,0.39009714126586914,0.20713337262471518,0.34022889036266196,0.586199680964152,0.02101046277673396,0.5839616060256958,0.052142701297942,0.3790663083394368,0.3768282334009806,0,1,1,2560,7352,245,613,5da1c407274d9f2e64016876300738144d1a41605925a916babeba82ea35e9a6
23,400,650,0.18591594696044922,0.185577392578125,0.3036621837516237,0.34919166564941406,0.185577392578125,0.3036621837516237,0.5813727378845215,0.03816930865991372,0.581503689289093,0.056780827177253315,0.3957953453063965,0.395926296710968,0,1,1,2560,7352,245,613,5da1c407274d9f2e64016876300738144d1a41605925a916babeba82ea35e9a6
37,650,900,0.20750951766967773,0.21746583779652914,0.3442800625368273,0.45150208473205566,0.21746583779652914,0.3442800625368273,0.5883020162582397,0.03796297511872479,0.5872254371643066,0.04908139387310278,0.3708361784617106,0.36975959936777747,0,1,1,2560,7352,245,613,5da1c407274d9f2e64016876300738144d1a41605925a916babeba82ea35e9a6
11,950,1000,0.9481313228607178,0.7088302771250407,0.39645335924976544,4.598810195922852,0.7088302771250407,0.39645335924976544,0.9904086192448934,0.061943827199040506,0.978269100189209,0.05087818950443843,0.2815783421198528,0.26943882306416833,0,2,1,2560,7352,245,613,5da1c407274d9f2e64016876300738144d1a41605925a916babeba82ea35e9a6
23,850,1000,0.8855859041213989,0.6467654705047607,0.3647337146153087,4.395599842071533,0.6467654705047607,0.3647337146153087,0.9520978132883707,0.08119443817469928,0.9386655688285828,0.054516458561910966,0.30533234278361,0.291900098323822,0,2,1,2560,7352,245,613,5da1c407274d9f2e64016876300738144d1a41605925a916babeba82ea35e9a6
37,950,1000,0.9415372610092163,0.6922155221303304,0.40245395934641437,4.726224899291992,0.6922155221303304,0.40245395934641437,0.9663851261138916,0.08204207377656664,0.9684494733810425,0.046928080136997605,0.27416960398356116,0.27623395125071204,0,2,1,2560,7352,245,613,5da1c407274d9f2e64016876300738144d1a41605925a916babeba82ea35e9a6
11,25,275,8.568167686462402e-08,-3.948807716369629e-07,0.0,0.0,-3.948807716369629e-07,0.0,-3.948807716369629e-07,0.0,-3.948807716369629e-07,0.0,0.0,0.0,0,3,2,2560,7352,245,613,5da1c407274d9f2e64016876300738144d1a41605925a916babeba82ea35e9a6
23,25,275,2.9802322387695312e-08,-9.934107462565104e-09,2.247831920581015e-07,-1.4901161193847656e-08,-9.934107462565104e-09,2.247831920581015e-07,1.9868214925130207e-08,2.247831920581015e-07,-1.4901161193847656e-07,2.3084779657169682e-07,2.9802322387695312e-08,1.3907750447591147e-07,0,3,2,2560,7352,245,613,5da1c407274d9f2e64016876300738144d1a41605925a916babeba82ea35e9a6
37,25,275,3.427267074584961e-07,2.9802322387695312e-08,0.0,0.0,2.9802322387695312e-08,0.0,3.725290298461914e-08,0.0,2.9802322387695312e-08,0.0,7.450580596923828e-09,0.0,0,3,2,2560,7352,245,613,5da1c407274d9f2e64016876300738144d1a41605925a916babeba82ea35e9a6
11,175,425,0.03766602277755737,0.03925985097885132,0.017587969564750745,0.0779464840888977,0.03925985097885132,0.017587969564750745,0.05669285853703817,0.010612194030763026,0.04851937294006348,0.008148422912985709,0.01743300755818685,0.009259521961212158,0,4,1,2560,7352,245,613,5da1c407274d9f2e64016876300738144d1a41605925a916babeba82ea35e9a6
23,250,500,0.043249547481536865,0.041700899600982666,0.014957960894237121,0.10031726956367493,0.041700899600982666,0.014957960894237121,0.059657394886016846,0.014892462477061347,0.05215561389923096,0.005399128732644684,0.01795649528503418,0.010454714298248291,0,4,1,2560,7352,245,613,5da1c407274d9f2e64016876300738144d1a41605925a916babeba82ea35e9a6
37,425,675,0.051724135875701904,0.05014584461847941,0.01398894347645689,0.12101545929908752,0.05014584461847941,0.01398894347645689,0.0707281231880188,0.013436975913999293,0.06089520454406738,0.008139352551135315,0.02058227856953939,0.010749359925587974,0,4,1,2560,7352,245,613,5da1c407274d9f2e64016876300738144d1a41605925a916babeba82ea35e9a6
11,25,275,3.725290298461914e-09,-2.1979212760925293e-07,0.0,-3.725290298461914e-09,-2.1979212760925293e-07,0.0,-2.1979212760925293e-07,0.0,-2.1979212760925293e-07,0.0,0.0,0.0,0,5,2,2560,7352,245,613,5da1c407274d9f2e64016876300738144d1a41605925a916babeba82ea35e9a6
23,25,275,3.427267074584961e-07,-1.142422358194987e-07,2.247831920581015e-07,0.0,-1.142422358194987e-07,2.247831920581015e-07,-2.7318795522054035e-07,2.247831920581015e-07,-1.341104507446289e-07,2.3084779657169682e-07,1.5894571940104163e-07,1.9868214925130204e-08,0,5,2,2560,7352,245,613,5da1c407274d9f2e64016876300738144d1a41605925a916babeba82ea35e9a6
37,25,275,-1.1175870895385742e-07,-2.644956111907959e-07,0.0,-7.450580596923828e-09,-2.644956111907959e-07,0.0,-2.644956111907959e-07,0.0,-2.644956111907959e-07,0.0,0.0,0.0,0,5,2,2560,7352,245,613,5da1c407274d9f2e64016876300738144d1a41605925a916babeba82ea35e9a6
11,25,275,1.1920928955078125e-07,-3.0174851417541504e-07,0.0,0.0,-3.0174851417541504e-07,0.0,-3.0174851417541504e-07,0.0,-3.0174851417541504e-07,0.0,0.0,0.0,0,6,2,2560,7352,245,613,5da1c407274d9f2e64016876300738144d1a41605925a916babeba82ea35e9a6
23,25,275,-3.5762786865234375e-07,-2.9802322387695312e-08,0.0,0.0,-2.9802322387695312e-08,0.0,-2.9802322387695312e-08,0.0,-2.9802322387695312e-08,0.0,0.0,0.0,0,6,2,2560,7352,245,613,5da1c407274d9f2e64016876300738144d1a41605925a916babeba82ea35e9a6
37,25,275,4.470348358154297e-07,-1.1175870895385742e-07,0.0,0.0,-1.1175870895385742e-07,0.0,-1.1175870895385742e-07,0.0,-1.1175870895385742e-07,0.0,0.0,0.0,0,6,2,2560,7352,245,613,5da1c407274d9f2e64016876300738144d1a41605925a916babeba82ea35e9a6
11,25,275,-2.1606683731079102e-07,1.4156103134155273e-07,0.0,0.0,1.4156103134155273e-07,0.0,1.4156103134155273e-07,0.0,1.4156103134155273e-07,0.0,0.0,0.0,0,7,3,2560,7352,245,613,5da1c407274d9f2e64016876300738144d1a41605925a916babeba82ea35e9a6
23,25,275,-3.427267074584961e-07,1.4901161193847656e-07,0.0,1.4901161193847656e-08,1.4901161193847656e-07,0.0,1.4901161193847656e-07,0.0,1.4901161193847656e-07,0.0,0.0,0.0,0,7,3,2560,7352,245,613,5da1c407274d9f2e64016876300738144d1a41605925a916babeba82ea35e9a6
37,25,275,8.940696716308594e-08,-1.4901161193847656e-07,0.0,7.450580596923828e-09,-1.4901161193847656e-07,0.0,-1.4901161193847656e-07,0.0,-1.4901161193847656e-07,0.0,0.0,0.0,0,7,3,2560,7352,245,613,5da1c407274d9f2e64016876300738144d1a41605925a916babeba82ea35e9a6
11,625,875,0.3424021005630493,0.34237054983774823,0.0509663914311529,0.9892130494117737,0.34237054983774823,0.0509663914311529,0.3880449930826823,0.03688267345193439,0.373843252658844,0.022447285501348974,0.04567444324493408,0.031472702821095766,0,8,1,2560,7352,245,613,5da1c407274d9f2e64016876300738144d1a41605925a916babeba82ea35e9a6
23,950,1000,0.3565635681152344,0.34643757343292236,0.05215064990030344,1.3082480430603027,0.34643757343292236,0.05215064990030344,0.40780381361643475,0.04151542844232593,0.38602614402770996,0.02523536307500491,0.06136624018351239,0.0395885705947876,0,8,1,2560,7352,245,613,5da1c407274d9f2e64016876300738144d1a41605925a916babeba82ea35e9a6
37,975,1000,0.35908907651901245,0.3633553783098857,0.04137835625872266,1.1586350202560425,0.3633553783098857,0.04137835625872266,0.39832502603530884,0.033352282629342506,0.3845070004463196,0.018016381175717713,0.03496964772542316,0.0211516221364339,0,8,1,2560,7352,245,613,5da1c407274d9f2e64016876300738144d1a41605925a916babeba82ea35e9a6
11,25,275,1.7881393432617188e-07,-2.60770320892334e-08,0.0,0.0,-2.60770320892334e-08,0.0,-2.60770320892334e-08,0.0,-2.60770320892334e-08,0.0,0.0,0.0,0,9,2,2560,7352,245,613,5da1c407274d9f2e64016876300738144d1a41605925a916babeba82ea35e9a6
23,25,275,5.960464477539063e-08,2.9802322387695312e-08,0.0,0.0,2.9802322387695312e-08,0.0,2.9802322387695312e-08,0.0,2.9802322387695312e-08,0.0,0.0,0.0,0,9,2,2560,7352,245,613,5da1c407274d9f2e64016876300738144d1a41605925a916babeba82ea35e9a6
37,25,275,4.6193599700927734e-07,-1.2665987014770508e-07,0.0,0.0,-1.2665987014770508e-07,0.0,-1.2665987014770508e-07,0.0,-1.2665987014770508e-07,0.0,0.0,0.0,0,9,2,2560,7352,245,613,5da1c407274d9f2e64016876300738144d1a41605925a916babeba82ea35e9a6
11,25,275,7.450580596923828e-09,-4.78699803352356e-07,0.0,0.0,-4.78699803352356e-07,0.0,-4.78699803352356e-07,0.0,-4.78699803352356e-07,0.0,0.0,0.0,0,10,2,2560,7352,245,613,5da1c407274d9f2e64016876300738144d1a41605925a916babeba82ea35e9a6
23,25,275,2.5331974029541016e-07,-9.437402089436849e-08,1.777067166566682e-07,0.0,-9.437402089436849e-08,1.777067166566682e-07,-9.437402089436849e-08,1.777067166566682e-07,-7.450580596923828e-08,1.5769906706002895e-07,0.0,1.9868214925130204e-08,0,10,2,2560,7352,245,613,5da1c407274d9f2e64016876300738144d1a41605925a916babeba82ea35e9a6
37,25,275,4.6193599700927734e-07,9.189049402872722e-08,1.777067166566682e-07,0.0,9.189049402872722e-08,1.777067166566682e-07,1.7136335372924805e-07,0.0,1.1175870895385742e-07,1.5769906706002895e-07,7.947285970052083e-08,1.9868214925130204e-08,0,10,2,2560,7352,245,613,5da1c407274d9f2e64016876300738144d1a41605925a916babeba82ea35e9a6
11,25,275,-1.7508864402770996e-07,1.1175870895385742e-07,0.0,0.0,1.1175870895385742e-07,0.0,1.1175870895385742e-07,0.0,1.1175870895385742e-07,0.0,0.0,0.0,0,11,3,2560,7352,245,613,5da1c407274d9f2e64016876300738144d1a41605925a916babeba82ea35e9a6
23,25,275,-2.682209014892578e-07,-1.4901161193847656e-07,0.0,0.0,-1.4901161193847656e-07,0.0,-1.4901161193847656e-07,0.0,-1.4901161193847656e-07,0.0,0.0,0.0,0,11,3,2560,7352,245,613,5da1c407274d9f2e64016876300738144d1a41605925a916babeba82ea35e9a6
37,25,275,-2.086162567138672e-07,-8.443991343180339e-08,1.777067166566682e-07,0.0,-8.443991343180339e-08,1.777067166566682e-07,-1.6391277313232422e-07,0.0,-1.6391277313232422e-07,0.0,7.947285970052083e-08,7.947285970052083e-08,0,11,3,2560,7352,245,613,5da1c407274d9f2e64016876300738144d1a41605925a916babeba82ea35e9a6
11,25,275,1.601874828338623e-07,3.725290298461914e-09,0.0,0.0,3.725290298461914e-09,0.0,3.725290298461914e-09,0.0,3.725290298461914e-09,0.0,0.0,0.0,0,12,2,2560,7352,245,613,5da1c407274d9f2e64016876300738144d1a41605925a916babeba82ea35e9a6
23,25,275,1.341104507446289e-07,-2.5331974029541016e-07,0.0,0.0,-2.5331974029541016e-07,0.0,-2.682209014892578e-07,0.0,-2.5331974029541016e-07,0.0,1.4901161193847656e-08,0.0,0,12,2,2560,7352,245,613,5da1c407274d9f2e64016876300738144d1a41605925a916babeba82ea35e9a6
37,25,275,1.4156103134155273e-07,-2.2351741790771484e-07,0.0,0.0,-2.2351741790771484e-07,0.0,-2.2351741790771484e-07,0.0,-2.2351741790771484e-07,0.0,0.0,0.0,0,12,2,2560,7352,245,613,5da1c407274d9f2e64016876300738144d1a41605925a916babeba82ea35e9a6
11,25,275,-2.7567148208618164e-07,-2.446273962656657e-07,2.247831920581015e-07,0.0,-2.446273962656657e-07,2.247831920581015e-07,-4.0357311566670734e-07,2.247831920581015e-07,-3.241002559661865e-07,2.384185791015625e-07,1.5894571940104163e-07,7.947285970052082e-08,0,13,3,2560,7352,245,613,5da1c407274d9f2e64016876300738144d1a41605925a916babeba82ea35e9a6
23,25,275,1.1920928955078125e-07,-1.9371509552001953e-07,0.0,0.0,-1.9371509552001953e-07,0.0,-1.9371509552001953e-07,0.0,-1.9371509552001953e-07,0.0,0.0,0.0,0,13,3,2560,7352,245,613,5da1c407274d9f2e64016876300738144d1a41605925a916babeba82ea35e9a6
37,25,275,1.564621925354004e-07,1.1175870895385742e-07,0.0,0.0,1.1175870895385742e-07,0.0,1.1175870895385742e-07,0.0,1.1175870895385742e-07,0.0,0.0,0.0,0,13,3,2560,7352,245,613,5da1c407274d9f2e64016876300738144d1a41605925a916babeba82ea35e9a6
11,25,275,-2.682209014892578e-07,-4.731118679046631e-07,0.0,0.0,-4.731118679046631e-07,0.0,-4.731118679046631e-07,0.0,-4.731118679046631e-07,0.0,0.0,0.0,0,14,3,2560,7352,245,613,5da1c407274d9f2e64016876300738144d1a41605925a916babeba82ea35e9a6
23,25,275,-7.450580596923828e-08,-3.129243850708008e-07,0.0,0.0,-3.129243850708008e-07,0.0,-3.129243850708008e-07,0.0,-3.129243850708008e-07,0.0,0.0,0.0,0,14,3,2560,7352,245,613,5da1c407274d9f2e64016876300738144d1a41605925a916babeba82ea35e9a6
37,25,275,1.9371509552001953e-07,4.470348358154297e-08,0.0,0.0,4.470348358154297e-08,0.0,4.470348358154297e-08,0.0,4.470348358154297e-08,0.0,0.0,0.0,0,14,3,2560,7352,245,613,5da1c407274d9f2e64016876300738144d1a41605925a916babeba82ea35e9a6
11,25,275,-1.7136335372924805e-07,-2.0613272984822592e-07,1.7770671665666814e-07,0.0,-2.0613272984822592e-07,1.7770671665666814e-07,-2.0985802014668783e-07,1.7770671665666814e-07,-2.4586915969848633e-07,2.0647654623614278e-07,3.725290298461914e-09,3.973642985026041e-08,0,15,4,2560,7352,245,613,5da1c407274d9f2e64016876300738144d1a41605925a916babeba82ea35e9a6
23,25,275,3.427267074584961e-07,-5.960464477539063e-08,0.0,0.0,-5.960464477539063e-08,0.0,-5.960464477539063e-08,0.0,-5.960464477539063e-08,0.0,0.0,0.0,0,15,4,2560,7352,245,613,5da1c407274d9f2e64016876300738144d1a41605925a916babeba82ea35e9a6
37,25,275,-3.0547380447387695e-07,-5.736947059631348e-07,0.0,0.0,-5.736947059631348e-07,0.0,-5.736947059631348e-07,0.0,-5.736947059631348e-07,0.0,0.0,0.0,0,15,4,2560,7352,245,613,5da1c407274d9f2e64016876300738144d1a41605925a916babeba82ea35e9a6
11,950,1000,0.8144584894180298,0.8352354764938354,0.3790843615131803,2.736729383468628,0.8352354764938354,0.3790843615131803,1.2579413255055745,0.1092543023525025,1.2769495248794556,0.05468007679693524,0.422705849011739,0.4417140483856201,1,1,1,2560,7352,245,613,5da1c407274d9f2e64016876300738144d1a41605925a916babeba82ea35e9a6
23,650,900,0.64633409678936,0.645637720823288,0.365034035365622,1.9187862873077393,0.645637720823288,0.365034035365622,1.103025754292806,0.042302967941270704,1.1063407063484192,0.0521111397008324,0.45738803346951795,0.4607029855251312,1,1,1,2560,7352,245,613,5da1c407274d9f2e64016876300738144d1a41605925a916babeba82ea35e9a6
37,650,900,0.5947964191436768,0.617716391881307,0.32718382635893495,1.998150110244751,0.617716391881307,0.32718382635893495,1.0615068276723225,0.06730863094238737,1.0699151158332825,0.0589690819778837,0.4437904357910155,0.45219872395197547,1,1,1,2560,7352,245,613,5da1c407274d9f2e64016876300738144d1a41605925a916babeba82ea35e9a6
11,750,1000,1.1745997667312622,0.9498204787572225,0.36994387560341785,5.025639057159424,0.9498204787572225,0.36994387560341785,1.210293173789978,0.06048191453020627,1.2118340730667114,0.05371103101899241,0.2604726950327555,0.2620135943094889,1,2,1,2560,7352,245,613,5da1c407274d9f2e64016876300738144d1a41605925a916babeba82ea35e9a6
23,1000,1000,1.1304419040679932,0.9256755808989207,0.4264311294975265,6.954273223876953,0.9256755808989207,0.4264311294975265,1.3005980253219604,0.06131865929411446,1.2924495339393616,0.06131325019679886,0.3749224444230398,0.3667739530404409,1,2,1,2560,7352,245,613,5da1c407274d9f2e64016876300738144d1a41605925a916babeba82ea35e9a6
37,825,1000,1.1583087593317032,0.8984269003073374,0.35930759527724954,4.917501926422119,0.8984269003073374,0.35930759527724954,1.188407023747762,0.07704642565783051,1.2118622064590454,0.05459017055837577,0.28998012344042456,0.313435306151708,1,2,1,2560,7352,245,613,5da1c407274d9f2e64016876300738144d1a41605925a916babeba82ea35e9a6
11,975,1000,0.7390251085162163,0.6554044485092163,0.37798218883254314,3.260118007659912,0.6554044485092163,0.37798218883254314,0.9851638078689575,0.03440578998641592,1.0033318400382996,0.06422925312097683,0.3297593593597412,0.34792739152908325,1,3,2,2560,7352,245,613,5da1c407274d9f2e64016876300738144d1a41605925a916babeba82ea35e9a6
23,850,1000,0.7343528680503368,0.6256716698408127,0.359096870146493,3.3888497352600098,0.6256716698408127,0.359096870146493,0.8807673652966818,0.05322889894400484,0.9201544523239136,0.07342415643248824,0.2550956954558691,0.2944827824831009,1,3,2,2560,7352,245,613,5da1c407274d9f2e64016876300738144d1a41605925a916babeba82ea35e9a6
37,975,1000,0.7815921306610107,0.7102675040562948,0.2964797537038797,3.3542699813842773,0.7102675040562948,0.2964797537038797,0.9863900740941366,0.06375823805908702,1.0084888339042664,0.0663395769282169,0.2761225700378418,0.29822132984797156,1,3,2,2560,7352,245,613,5da1c407274d9f2e64016876300738144d1a41605925a916babeba82ea35e9a6
11,900,1000,0.9087011516094208,0.8332721789677938,0.19470263427944218,3.455273389816284,0.8332721789677938,0.19470263427944218,1.0441288153330486,0.05378631340999186,1.0337122157216072,0.03959562519493186,0.21085663636525476,0.2004400367538134,1,4,1,2560,7352,245,613,5da1c407274d9f2e64016876300738144d1a41605925a916babeba82ea35e9a6
23,900,1000,1.02428437769413,0.7603810131549835,0.34287029774600775,4.068488121032715,0.7603810131549835,0.34287029774600775,1.1912754376729329,0.0395790282760344,1.0772326067090034,0.19355481363127836,0.43089442451794935,0.31685159355401993,1,4,1,2560,7352,245,613,5da1c407274d9f2e64016876300738144d1a41605925a916babeba82ea35e9a6
37,825,1000,0.9257795810699463,0.7443602383136749,0.29514031738924645,3.605073928833008,0.7443602383136749,0.29514031738924645,1.138863166173299,0.03732402342317514,1.0251264944672585,0.1383800631463288,0.39450292785962415,0.2807662561535835,1,4,1,2560,7352,245,613,5da1c407274d9f2e64016876300738144d1a41605925a916babeba82ea35e9a6
11,950,1000,0.5627827048301697,-1.425811489423116,3.1612302196271127,2.0003771781921387,-1.425811489423116,3.1612302196271127,0.9057414333025614,0.05629630878529631,0.971285380423069,0.06776283042518601,2.3315529227256775,2.3970968698461848,1,5,2,2560,7352,245,613,5da1c407274d9f2e64016876300738144d1a41605925a916babeba82ea35e9a6
23,1000,1000,0.49272727966308594,0.33229778210322064,0.3771641123679218,2.0236098766326904,0.33229778210322064,0.3771641123679218,0.968681812286377,0.03271904672644914,0.9678338766098022,0.07928019045016114,0.6363840301831563,0.6355360945065816,1,5,2,2560,7352,245,613,5da1c407274d9f2e64016876300738144d1a41605925a916babeba82ea35e9a6
37,875,1000,0.5128156542778015,0.0021540820598602295,0.9653735870467165,1.860837697982788,0.0021540820598602295,0.9653735870467165,0.9431244234244028,0.07760606825668794,0.9471110552549362,0.07683306639356818,0.9409703413645426,0.944956973195076,1,5,2,2560,7352,245,613,5da1c407274d9f2e64016876300738144d1a41605925a916babeba82ea35e9a6
11,975,1000,0.989522323012352,0.7994108498096466,0.41998200256148593,4.920115947723389,0.7994108498096466,0.41998200256148593,1.0836661756038666,0.07827029588089468,1.1074738502502441,0.04444017354294679,0.28425532579421997,0.30806300044059753,1,6,2,2560,7352,245,613,5da1c407274d9f2e64016876300738144d1a41605925a916babeba82ea35e9a6
23,825,1000,0.9672485589981079,0.7432881593704224,0.37502427158467805,4.362435817718506,0.7432881593704224,0.37502427158467805,1.004693627357483,0.08739086220961505,1.0172830820083618,0.06320918066194758,0.26140546798706055,0.27399492263793945,1,6,2,2560,7352,245,613,5da1c407274d9f2e64016876300738144d1a41605925a916babeba82ea35e9a6
37,975,1000,1.0273175090551376,0.8123650153477987,0.41061700836782805,4.679276466369629,0.8123650153477987,0.41061700836782805,1.0719432135423024,0.08690603089043174,1.0757173299789429,0.06031836825335767,0.2595781981945037,0.26335231463114417,1,6,2,2560,7352,245,613,5da1c407274d9f2e64016876300738144d1a41605925a916babeba82ea35e9a6
11,875,1000,0.7928769662976265,0.6011262734731039,0.6065957490156801,3.9892005920410156,0.6011262734731039,0.6065957490156801,1.0042463143666585,0.10763801059459119,0.9366284012794495,0.23478668122032587,0.4031200408935546,0.3355021278063456,1,7,3,2560,7352,245,613,5da1c407274d9f2e64016876300738144d1a41605925a916babeba82ea35e9a6
23,900,1000,0.873069278895855,0.6859289109706879,0.464180638591908,4.2645416259765625,0.6859289109706879,0.464180638591908,1.0236539840698242,0.0748573303625014,1.062033474445343,0.09809647128629073,0.33772507309913635,0.37610456347465515,1,7,3,2560,7352,245,613,5da1c407274d9f2e64016876300738144d1a41605925a916babeba82ea35e9a6
37,875,1000,0.8644347190856934,0.7060451904932658,0.43571739561502015,4.655481815338135,0.7060451904932658,0.43571739561502015,0.9986329476038615,0.06931611110486327,1.0078789293766022,0.10110067893886626,0.2925877571105957,0.3018337388833364,1,7,3,2560,7352,245,613,5da1c407274d9f2e64016876300738144d1a41605925a916babeba82ea35e9a6
11,975,1000,0.9768403768539429,0.9549295902252197,0.15431181109059477,3.9294919967651367,0.9549295902252197,0.15431181109059477,1.2239205837249756,0.06382503378784216,1.1430566906929016,0.1268920999183926,0.26899099349975586,0.18812710046768188,1,8,1,2560,7352,245,613,5da1c407274d9f2e64016876300738144d1a41605925a916babeba82ea35e9a6
23,900,1000,0.8978802263736725,0.9609288771947225,0.17742477001508825,3.978285312652588,0.9609288771947225,0.17742477001508825,1.227675239245097,0.046124500967223675,1.1380168795585632,0.14398249948992312,0.2667463620503744,0.1770880023638407,1,8,1,2560,7352,245,613,5da1c407274d9f2e64016876300738144d1a41605925a916babeba82ea35e9a6
37,1000,1000,1.0833109468221664,0.9513671000798544,0.18057031511346605,4.546319961547852,0.9513671000798544,0.18057031511346605,1.2391778628031414,0.08666087949266005,1.096099779009819,0.23025945934628336,0.287810762723287,0.14473267892996466,1,8,1,2560,7352,245,613,5da1c407274d9f2e64016876300738144d1a41605925a916babeba82ea35e9a6
11,975,1000,0.6962776929140091,0.6522647539774576,0.2464470078844372,2.432162284851074,0.6522647539774576,0.2464470078844372,1.0340957641601562,0.05340991838615791,1.0311204195022583,0.06703018068622686,0.3818310101826986,0.37885566552480066,1,9,2,2560,7352,245,613,5da1c407274d9f2e64016876300738144d1a41605925a916babeba82ea35e9a6
23,850,1000,0.6723536103963852,0.6264614959557852,0.22735387995574804,2.3347151279449463,0.6264614959557852,0.22735387995574804,1.0319159030914307,0.07547334114790626,1.0381891131401062,0.07346145313757915,0.4054544071356455,0.41172761718432105,1,9,2,2560,7352,245,613,5da1c407274d9f2e64016876300738144d1a41605925a916babeba82ea35e9a6
37,950,1000,0.6455897092819214,0.7039090494314829,0.25062745954015636,2.5978009700775146,0.7039090494314829,0.25062745954015636,1.0737849871317546,0.052522433610427036,1.0800571516156197,0.06438042746609085,0.3698759377002717,0.37614810218413675,1,9,2,2560,7352,245,613,5da1c407274d9f2e64016876300738144d1a41605925a916babeba82ea35e9a6
11,975,1000,0.9623503684997559,0.6027835508187612,0.4414056664914823,3.95943021774292,0.6027835508187612,0.4414056664914823,0.9226052363713583,0.07597670515918004,0.9624316096305847,0.10333811337918174,0.31982168555259705,0.3596480588118235,1,10,2,2560,7352,245,613,5da1c407274d9f2e64016876300738144d1a41605925a916babeba82ea35e9a6
23,850,1000,0.8888919353485107,0.740194042523702,0.2422043101941298,3.6605963706970215,0.740194042523702,0.2422043101941298,0.9682686726252238,0.059128905915125166,0.9729537963867188,0.08119702964429115,0.22807463010152174,0.23275975386301673,1,10,2,2560,7352,245,613,5da1c407274d9f2e64016876300738144d1a41605925a916babeba82ea35e9a6
37,925,1000,0.9069509506225586,0.710825170079867,0.2398205695573443,3.6006903648376465,0.710825170079867,0.2398205695573443,0.8925559918085734,0.06022481787160479,0.9447965621948242,0.07658658361049825,0.18173082172870636,0.2339713921149572,1,10,2,2560,7352,245,613,5da1c407274d9f2e64016876300738144d1a41605925a916babeba82ea35e9a6
11,1000,1000,0.8777734041213989,0.5121733645598093,0.5055137438309757,4.080774784088135,0.5121733645598093,0.5055137438309757,0.8939013083775839,0.06773735433931521,0.9461888074874878,0.10756348065297826,0.38172794381777453,0.43401544292767846,1,11,3,2560,7352,245,613,5da1c407274d9f2e64016876300738144d1a41605925a916babeba82ea35e9a6
23,1000,1000,0.8960573226213455,0.553121825059255,0.49774805824748236,3.979951858520508,0.553121825059255,0.49774805824748236,0.8720822731653849,0.037530236441443765,0.8261770606040955,0.13308872405938177,0.3189604481061299,0.27305523554484046,1,11,3,2560,7352,245,613,5da1c407274d9f2e64016876300738144d1a41605925a916babeba82ea35e9a6
37,975,1000,0.933179497718811,0.6219729979832967,0.42850016806794183,4.315881729125977,0.6219729979832967,0.42850016806794183,0.8808648983637491,0.24529410015059205,0.9622061252593994,0.08882717189393251,0.2588919003804524,0.34023312727610266,1,11,3,2560,7352,245,613,5da1c407274d9f2e64016876300738144d1a41605925a916babeba82ea35e9a6
11,975,1000,0.6601795554161072,0.7808335026105245,0.1290304757868233,3.1014914512634277,0.7808335026105245,0.1290304757868233,1.0426476697127025,0.047960921988687684,0.9556278809905052,0.08209758917032095,0.261814167102178,0.17479437837998069,1,12,2,2560,7352,245,613,5da1c407274d9f2e64016876300738144d1a41605925a916babeba82ea35e9a6
23,800,1000,0.5876626893877983,0.8165477911631266,0.09082773420444859,2.792158842086792,0.8165477911631266,0.09082773420444859,1.0306855042775471,0.0813822090523017,0.9391730427742004,0.0713143536267048,0.21413771311442054,0.12262525161107385,1,12,2,2560,7352,245,613,5da1c407274d9f2e64016876300738144d1a41605925a916babeba82ea35e9a6
37,875,1000,0.598260223865509,0.765271524588267,0.08010720738496083,2.8687641620635986,0.765271524588267,0.08010720738496083,1.0492475132147472,0.0660313272726334,0.9563203603029251,0.06533165753261039,0.2839759886264802,0.19104883571465814,1,12,2,2560,7352,245,613,5da1c407274d9f2e64016876300738144d1a41605925a916babeba82ea35e9a6
11,875,1000,0.732838824391365,0.5925285567839941,0.25015469520826944,2.4478516578674316,0.5925285567839941,0.25015469520826944,1.0881538291772206,0.07965240770231022,1.0625654458999634,0.05327175994181719,0.4956252723932265,0.4700368891159693,1,13,3,2560,7352,245,613,5da1c407274d9f2e64016876300738144d1a41605925a916babeba82ea35e9a6
23,950,1000,0.793589822947979,0.6841490666071574,0.27699660060303616,2.8480873107910156,0.6841490666071574,0.27699660060303616,1.1321674585342407,0.10188911031114589,1.1058441400527954,0.08114336163966497,0.44801839192708337,0.42169507344563806,1,13,3,2560,7352,245,613,5da1c407274d9f2e64016876300738144d1a41605925a916babeba82ea35e9a6
37,925,1000,0.7698202133178711,0.6288131376107534,0.24808591301960844,2.854076623916626,0.6288131376107534,0.24808591301960844,1.1043913265069325,0.16684268488351997,0.9738207161426544,0.13123617434504437,0.4755781888961791,0.345007578531901,1,13,3,2560,7352,245,613,5da1c407274d9f2e64016876300738144d1a41605925a916babeba82ea35e9a6
11,950,1000,0.9318649768829346,0.806718702117602,0.2805444173865989,4.926804542541504,0.806718702117602,0.2805444173865989,1.0662002960840862,0.12358785965368904,0.9833806753158569,0.06421630268867032,0.2594815939664842,0.17666197319825494,1,14,3,2560,7352,245,613,5da1c407274d9f2e64016876300738144d1a41605925a916babeba82ea35e9a6
23,975,1000,0.8634344339370728,0.7048056938995918,0.29986488249320326,4.830840587615967,0.7048056938995918,0.29986488249320326,0.888420581817627,0.10481998905736961,0.9102177023887634,0.0750186965671084,0.18361488791803515,0.20541200848917163,1,14,3,2560,7352,245,613,5da1c407274d9f2e64016876300738144d1a41605925a916babeba82ea35e9a6
37,950,1000,0.8675103187561035,0.7709157119194666,0.3176432477300318,4.8811140060424805,0.7709157119194666,0.3176432477300318,0.9873842795689901,0.12233958088334357,0.9911759495735168,0.0912188510411429,0.2164685676495235,0.22026023765405023,1,14,3,2560,7352,245,613,5da1c407274d9f2e64016876300738144d1a41605925a916babeba82ea35e9a6
11,975,1000,0.7115966007113457,0.5708316117525101,0.4423113182354468,4.278435230255127,0.5708316117525101,0.4423113182354468,0.9092554251352946,0.05863603292080619,0.8776344060897827,0.13034358491826195,0.3384238133827845,0.30680279433727264,1,15,4,2560,7352,245,613,5da1c407274d9f2e64016876300738144d1a41605925a916babeba82ea35e9a6
23,950,1000,0.5849618315696716,0.5647286872069041,0.38386939277725973,4.0354132652282715,0.5647286872069041,0.38386939277725973,0.802001158396403,0.09485702362115876,0.7814571261405945,0.09806065845009851,0.2372724711894989,0.21672843893369043,1,15,4,2560,7352,245,613,5da1c407274d9f2e64016876300738144d1a41605925a916babeba82ea35e9a6
37,1000,1000,0.7415342405438423,0.5859377731879553,0.25345426697512957,4.073029041290283,0.5859377731879553,0.25345426697512957,0.8525906006495158,0.1131104352726778,0.8664045929908752,0.0948040000548498,0.2666528274615605,0.28046681980292,1,15,4,2560,7352,245,613,5da1c407274d9f2e64016876300738144d1a41605925a916babeba82ea35e9a6
11,975,1000,0.6813574582338333,0.6835326751073202,0.38231310068768465,2.5489349365234375,0.6835326751073202,0.38231310068768465,1.0488587121168773,0.037699460939305277,1.051144301891327,0.05827329176371892,0.3653260370095571,0.3676116267840067,2,1,1,2560,7352,245,613,5da1c407274d9f2e64016876300738144d1a41605925a916babeba82ea35e9a6
23,1000,1000,0.6736281514167786,0.6972869634628296,0.23942162520798604,2.4764299392700195,0.6972869634628296,0.23942162520798604,1.117147405942281,0.03401506822418066,1.1245052814483643,0.06384386080644387,0.4198604424794514,0.42721831798553467,2,1,1,2560,7352,245,613,5da1c407274d9f2e64016876300738144d1a41605925a916babeba82ea35e9a6
37,825,1000,0.6197752952575684,0.6283762057622274,0.33343600476541657,2.411092758178711,0.6283762057622274,0.33343600476541657,0.9975823561350504,0.037232246085234046,1.0077932476997375,0.07708414624606706,0.369206150372823,0.37941704193751014,2,1,1,2560,7352,245,613,5da1c407274d9f2e64016876300738144d1a41605925a916babeba82ea35e9a6
11,975,1000,1.2482188791036606,1.02013764778773,0.37443058564975984,6.050870895385742,1.02013764778773,0.37443058564975984,1.4120848973592122,0.05857503691875782,1.4089751839637756,0.04573413806831986,0.3919472495714822,0.38883753617604566,2,2,1,2560,7352,245,613,5da1c407274d9f2e64016876300738144d1a41605925a916babeba82ea35e9a6
23,975,1000,1.2154623419046402,1.0067590673764546,0.38818583236734056,6.226963043212891,1.0067590673764546,0.38818583236734056,1.3399306933085124,0.028035507957791608,1.3266571164131165,0.04992158217383587,0.33317162593205785,0.31989804903666186,2,2,1,2560,7352,245,613,5da1c407274d9f2e64016876300738144d1a41605925a916babeba82ea35e9a6
37,850,1000,1.2028411775827408,1.0336294571558635,0.4361404732509496,5.379684925079346,1.0336294571558635,0.4361404732509496,1.3762518564860027,0.06756551053151577,1.3492057919502258,0.08772536358020544,0.34262239933013916,0.3155763347943623,2,2,1,2560,7352,245,613,5da1c407274d9f2e64016876300738144d1a41605925a916babeba82ea35e9a6
11,975,1000,0.6798015236854553,0.6217421256005764,0.32337034160616157,2.973755359649658,0.6217421256005764,0.32337034160616157,0.8737818002700806,0.06418135290182063,0.9036363959312439,0.03925173721764366,0.25203967466950417,0.2818942703306675,2,3,2,2560,7352,245,613,5da1c407274d9f2e64016876300738144d1a41605925a916babeba82ea35e9a6
23,1000,1000,0.6020127534866333,0.322506308555603,0.8005104284898653,2.796022415161133,0.322506308555603,0.8005104284898653,0.8202534119288126,0.3295080716608711,0.9182738363742828,0.15114548547628157,0.4977471033732096,0.5957675278186798,2,3,2,2560,7352,245,613,5da1c407274d9f2e64016876300738144d1a41605925a916babeba82ea35e9a6
37,1000,1000,0.6897984743118286,0.6332189589738846,0.3040926429793647,2.7971653938293457,0.6332189589738846,0.3040926429793647,0.9061464071273804,0.06467670077904844,0.9275872111320496,0.02993952711071239,0.2729274481534958,0.294368252158165,2,3,2,2560,7352,245,613,5da1c407274d9f2e64016876300738144d1a41605925a916babeba82ea35e9a6
11,950,1000,1.0268616676330566,1.0113712946573894,0.20307857373621796,4.252288341522217,1.0113712946573894,0.20307857373621796,1.2522145907084148,0.0628005309800717,1.2012386322021484,0.0815580266630774,0.2408432960510254,0.18986733754475904,2,4,1,2560,7352,245,613,5da1c407274d9f2e64016876300738144d1a41605925a916babeba82ea35e9a6
23,950,1000,0.9804464876651764,1.0487277309099834,0.2230705509341256,4.52593994140625,1.0487277309099834,0.2230705509341256,1.284279465675354,0.07932481651256433,1.1159932985901833,0.19942982698464679,0.2355517347653706,0.06726556768019987,2,4,1,2560,7352,245,613,5da1c407274d9f2e64016876300738144d1a41605925a916babeba82ea35e9a6
37,975,1000,0.9879133701324463,0.9822105566660563,0.21174474038396196,4.4436140060424805,0.9822105566660563,0.21174474038396196,1.210159699122111,0.07987226150944073,1.1414966583251953,0.06701912377830613,0.2279491424560548,0.15928610165913903,2,4,1,2560,7352,245,613,5da1c407274d9f2e64016876300738144d1a41605925a916babeba82ea35e9a6
11,950,1000,0.6411736011505127,0.3955433964729309,0.3963125158348363,1.9959137439727783,0.3955433964729309,0.3963125158348363,0.9880009194215139,0.04510578959638615,1.0117177367210388,0.05880429413439731,0.592457522948583,0.6161743402481079,2,5,2,2560,7352,245,613,5da1c407274d9f2e64016876300738144d1a41605925a916babeba82ea35e9a6
23,975,1000,0.6080109290778637,0.5877829293409983,0.32480886594643527,2.102586269378662,0.5877829293409983,0.32480886594643527,1.0772922833760579,0.03198635699263405,1.0925278663635254,0.05384650753012631,0.4895093540350596,0.5047449370225271,2,5,2,2560,7352,245,613,5da1c407274d9f2e64016876300738144d1a41605925a916babeba82ea35e9a6
37,975,1000,0.6954807043075562,0.5594123204549154,0.31225354138805494,2.250581741333008,0.5594123204549154,0.31225354138805494,1.0512751738230388,0.036852024609001784,1.0868666172027588,0.05148009217396955,0.4918628533681234,0.5274542967478434,2,5,2,2560,7352,245,613,5da1c407274d9f2e64016876300738144d1a41605925a916babeba82ea35e9a6
11,850,1000,1.07301926612854,0.8179949919382731,0.40755201325382184,4.40139627456665,0.8179949919382731,0.40755201325382184,1.102333625157674,0.0879120451353579,1.1318641304969788,0.03429828564834228,0.284338633219401,0.3138691385587057,2,6,2,2560,7352,245,613,5da1c407274d9f2e64016876300738144d1a41605925a916babeba82ea35e9a6
23,875,1000,0.9965437725186348,0.8567256530125936,0.3686145712639537,4.491846084594727,0.8567256530125936,0.3686145712639537,1.1341753403345745,0.06104862979579071,1.1270669102668762,0.03844658037176082,0.27744968732198083,0.2703412572542826,2,6,2,2560,7352,245,613,5da1c407274d9f2e64016876300738144d1a41605925a916babeba82ea35e9a6
37,900,1000,1.0801534801721573,0.7660568157831827,0.37653212084140675,4.651984214782715,0.7660568157831827,0.37653212084140675,1.040620356798172,0.10183485252058722,1.0773047879338264,0.055064210558275845,0.27456354101498925,0.3112479721506437,2,6,2,2560,7352,245,613,5da1c407274d9f2e64016876300738144d1a41605925a916babeba82ea35e9a6
11,900,1000,0.7710799425840378,0.6954715748627981,0.3400434424995207,3.901831865310669,0.6954715748627981,0.3400434424995207,0.9586241642634074,0.05976271503496764,0.9629308506846428,0.06140274328750029,0.26315258940060926,0.2674592758218447,2,7,3,2560,7352,245,613,5da1c407274d9f2e64016876300738144d1a41605925a916babeba82ea35e9a6
23,975,1000,0.8598465621471405,0.40197057525316876,0.989683667978833,4.321033954620361,0.40197057525316876,0.989683667978833,0.9422313471635183,0.3119370908194867,1.0164746195077896,0.13707486740383287,0.5402607719103496,0.6145040442546208,2,7,3,2560,7352,245,613,5da1c407274d9f2e64016876300738144d1a41605925a916babeba82ea35e9a6
37,975,1000,0.8159565925598145,0.6750330726305643,0.3845919976040121,3.926694869995117,0.6750330726305643,0.3845919976040121,0.9030367930730184,0.14844643578094083,1.0103099718689919,0.07271362691506425,0.2280037204424541,0.3352768992384275,2,7,3,2560,7352,245,613,5da1c407274d9f2e64016876300738144d1a41605925a916babeba82ea35e9a6
11,800,1000,0.8430144786834717,0.832919716835022,0.2211772033903029,3.107670783996582,0.832919716835022,0.2211772033903029,1.1044958432515461,0.05100432739395436,1.0884808897972107,0.08232246595991702,0.2715761264165242,0.2555611729621887,2,8,1,2560,7352,245,613,5da1c407274d9f2e64016876300738144d1a41605925a916babeba82ea35e9a6
23,875,1000,0.9107780456542969,0.9609758853912354,0.19202335088501807,3.5977303981781006,0.9609758853912354,0.19202335088501807,1.1769429842631023,0.057247561316914386,1.1342988014221191,0.08765617952387843,0.21596709887186694,0.1733229160308838,2,8,1,2560,7352,245,613,5da1c407274d9f2e64016876300738144d1a41605925a916babeba82ea35e9a6
37,950,1000,0.9146367311477661,0.9804069598515829,0.16822977145016257,3.705690383911133,0.9804069598515829,0.16822977145016257,1.1719804207483928,0.05754877706430312,1.1233143210411072,0.17172425455965712,0.19157346089680993,0.1429073611895243,2,8,1,2560,7352,245,613,5da1c407274d9f2e64016876300738144d1a41605925a916babeba82ea35e9a6
11,975,1000,0.6990578174591064,0.6616408328215281,0.274986168964814,2.8640995025634766,0.6616408328215281,0.274986168964814,1.0974481503168743,0.07673170285052457,1.074082374572754,0.04634677704290862,0.4358073174953462,0.4124415417512258,2,9,2,2560,7352,245,613,5da1c407274d9f2e64016876300738144d1a41605925a916babeba82ea35e9a6
23,975,1000,0.7031762152910233,0.7002775619427363,0.28399067666912453,2.7081003189086914,0.7002775619427363,0.28399067666912453,1.113924503326416,0.07172967910398115,1.0743269324302673,0.06619951835178704,0.41364694138367974,0.37404937048753106,2,9,2,2560,7352,245,613,5da1c407274d9f2e64016876300738144d1a41605925a916babeba82ea35e9a6
37,950,1000,0.7004448622465134,0.7211174666881561,0.26056542847589137,2.9478790760040283,0.7211174666881561,0.26056542847589137,1.139159917831421,0.07381666598279887,1.0930338576436043,0.0752690603284552,0.41804245114326477,0.37191639095544815,2,9,2,2560,7352,245,613,5da1c407274d9f2e64016876300738144d1a41605925a916babeba82ea35e9a6
11,900,1000,1.0688322633504868,0.634121855099996,0.560082043019962,4.11515998840332,0.634121855099996,0.560082043019962,1.1088236172993977,0.06537394002260517,1.1488618850708008,0.08558437789193524,0.47470176219940174,0.5147400299708048,2,10,2,2560,7352,245,613,5da1c407274d9f2e64016876300738144d1a41605925a916babeba82ea35e9a6
23,850,1000,0.9679955169558525,0.7922479013601939,0.2514005461392407,3.6831398010253906,0.7922479013601939,0.2514005461392407,0.982827623685201,0.04309184238052338,0.9768364280462265,0.0597249955054873,0.1905797223250072,0.18458852668603265,2,10,2,2560,7352,245,613,5da1c407274d9f2e64016876300738144d1a41605925a916babeba82ea35e9a6
37,850,1000,0.9811006784439087,0.7382835149765015,0.2670511634713629,3.615407943725586,0.7382835149765015,0.2670511634713629,1.0103160937627156,0.061792663525484404,1.0641367435455322,0.08204684104546915,0.2720325787862141,0.32585322856903076,2,10,2,2560,7352,245,613,5da1c407274d9f2e64016876300738144d1a41605925a916babeba82ea35e9a6
11,850,1000,0.8234374523162842,0.6931201169888178,0.3013998119771023,3.1462814807891846,0.6931201169888178,0.3013998119771023,0.864063024520874,0.07939803039574171,0.8830339908599854,0.07181250805184007,0.1709429075320562,0.18991387387116754,2,11,3,2560,7352,245,613,5da1c407274d9f2e64016876300738144d1a41605925a916babeba82ea35e9a6
23,800,1000,0.7879667729139328,0.6099163082738718,0.344243594408655,2.9755020141601562,0.6099163082738718,0.344243594408655,0.8783140381177267,0.04179217548045373,0.8633747100830078,0.056260247286646047,0.2683977298438549,0.25345840180913604,2,11,3,2560,7352,245,613,5da1c407274d9f2e64016876300738144d1a41605925a916babeba82ea35e9a6
37,900,1000,0.8496267348527908,0.25942254066467285,1.0726479890447105,3.582326650619507,0.25942254066467285,1.0726479890447105,0.7464025815327963,0.1628550909659792,0.8435508608818054,0.14280518775183168,0.4869800408681234,0.5841283202171326,2,11,3,2560,7352,245,613,5da1c407274d9f2e64016876300738144d1a41605925a916babeba82ea35e9a6
11,950,1000,0.7688992023468018,0.7771095633506775,0.16742892526568104,3.5598502159118652,0.7771095633506775,0.16742892526568104,1.0573318699995677,0.11229244431061904,0.993380144238472,0.06549893983644496,0.28022230664889025,0.2162705808877945,2,12,2,2560,7352,245,613,5da1c407274d9f2e64016876300738144d1a41605925a916babeba82ea35e9a6
23,1000,1000,0.7827761620283127,0.8653378486633301,0.17580967576657247,4.286289215087891,0.8653378486633301,0.17580967576657247,1.195219357808431,0.11817513687582096,1.081836998462677,0.20637173091825806,0.32988150914510084,0.21649914979934692,2,12,2,2560,7352,245,613,5da1c407274d9f2e64016876300738144d1a41605925a916babeba82ea35e9a6
37,875,1000,0.7024899125099182,0.7214445074399313,0.11357890806960634,3.2360386848449707,0.7214445074399313,0.11357890806960634,0.9925442039966583,0.08108907580816263,0.9278033301234245,0.11139192092179391,0.27109969655672705,0.20635882268349326,2,12,2,2560,7352,245,613,5da1c407274d9f2e64016876300738144d1a41605925a916babeba82ea35e9a6
11,700,950,0.6437335088849068,0.6277633607387543,0.2145643528948498,1.9732496738433838,0.6277633607387543,0.2145643528948498,1.0433135032653809,0.06690252773592703,1.0191511511802673,0.07002107506584004,0.4155501425266266,0.39138779044151306,2,13,3,2560,7352,245,613,5da1c407274d9f2e64016876300738144d1a41605925a916babeba82ea35e9a6
23,875,1000,0.699871838092804,0.6830128928025564,0.2449422429123126,2.6914331912994385,0.6830128928025564,0.2449422429123126,1.1451000273227692,0.08322480163024842,1.121417947113514,0.08120844312452306,0.46208713452021277,0.43840505431095755,2,13,3,2560,7352,245,613,5da1c407274d9f2e64016876300738144d1a41605925a916babeba82ea35e9a6
37,950,1000,0.7559192180633545,0.7092820405960083,0.2644420369779531,2.821895122528076,0.7092820405960083,0.2644420369779531,1.1597808599472046,0.10590833386428862,1.1586247682571411,0.11335640942426288,0.4504988193511963,0.4493427276611328,2,13,3,2560,7352,245,613,5da1c407274d9f2e64016876300738144d1a41605925a916babeba82ea35e9a6
11,975,1000,0.8874082863330841,0.7912119974692663,0.339328730571738,4.860979080200195,0.7912119974692663,0.339328730571738,1.08223557472229,0.06773712631585253,1.0632960796356201,0.10180424340904133,0.29102357725302375,0.2720840821663538,2,14,3,2560,7352,245,613,5da1c407274d9f2e64016876300738144d1a41605925a916babeba82ea35e9a6
23,875,1000,0.9012539312243462,0.8892558813095093,0.2840291148629627,4.3755879402160645,0.8892558813095093,0.2840291148629627,1.086185336112976,0.09944045336151298,1.1026562452316284,0.09342854393739618,0.1969294548034668,0.21340036392211914,2,14,3,2560,7352,245,613,5da1c407274d9f2e64016876300738144d1a41605925a916babeba82ea35e9a6
37,1000,1000,0.875554084777832,0.8265363375345866,0.27304366647932315,4.894655227661133,0.8265363375345866,0.27304366647932315,1.036219298839569,0.09662658551661094,1.0773493647575378,0.08864746480638648,0.20968296130498254,0.2508130272229513,2,14,3,2560,7352,245,613,5da1c407274d9f2e64016876300738144d1a41605925a916babeba82ea35e9a6
11,875,1000,0.7571620866656303,0.5726607466737429,0.26130978906926655,3.9941534996032715,0.5726607466737429,0.26130978906926655,0.8724485039710999,0.054223601712411286,0.8284353017807007,0.08932567783023598,0.29978775729735696,0.2557745551069578,2,15,4,2560,7352,245,613,5da1c407274d9f2e64016876300738144d1a41605925a916babeba82ea35e9a6
23,975,1000,0.7724400833249092,0.5970065606137117,0.27645697370445155,4.4020562171936035,0.5970065606137117,0.27645697370445155,0.8792408307393392,0.07425274210322111,0.8703472018241882,0.08719888425546025,0.2822342701256275,0.2733406412104765,2,15,4,2560,7352,245,613,5da1c407274d9f2e64016876300738144d1a41605925a916babeba82ea35e9a6
37,925,1000,0.6420677900314331,0.4030335346857707,0.6299870022713102,3.890826940536499,0.4030335346857707,0.6299870022713102,0.6930049707492193,0.4619786082042776,0.9326425194740295,0.07453335079686645,0.2899714360634486,0.5296089847882588,2,15,4,2560,7352,245,613,5da1c407274d9f2e64016876300738144d1a41605925a916babeba82ea35e9a6
11,975,1000,0.6721941232681274,0.6408642133076986,0.30193463573542173,2.3467350006103516,0.6408642133076986,0.30193463573542173,1.0540485382080078,0.04920437662772634,1.071902334690094,0.07188939623230295,0.4131843249003092,0.4310381213823954,3,1,1,2560,7352,245,613,5da1c407274d9f2e64016876300738144d1a41605925a916babeba82ea35e9a6
23,950,1000,0.743584394454956,0.7771523396174113,0.40285322437367493,2.769899368286133,0.7771523396174113,0.40285322437367493,1.216038703918457,0.07664122414867022,1.213852345943451,0.07373439600454029,0.4388863643010458,0.43670000632603967,3,1,1,2560,7352,245,613,5da1c407274d9f2e64016876300738144d1a41605925a916babeba82ea35e9a6
37,525,775,0.5234772562980652,0.5192947785059611,0.32478508938210987,1.4058403968811035,0.5192947785059611,0.32478508938210987,0.8796688318252563,0.024126881190813947,0.9203284382820129,0.05044008515727761,0.3603740533192953,0.4010336597760519,3,1,1,2560,7352,245,613,5da1c407274d9f2e64016876300738144d1a41605925a916babeba82ea35e9a6
11,900,1000,1.146384596824646,1.0242509245872498,0.3645314055747319,5.723389148712158,1.0242509245872498,0.3645314055747319,1.4193750619888306,0.05003995380804678,1.4173775911331177,0.06643711571635044,0.3951241374015808,0.3931266665458679,3,2,1,2560,7352,245,613,5da1c407274d9f2e64016876300738144d1a41605925a916babeba82ea35e9a6
23,925,1000,1.2157903909683228,1.0353676080703735,0.44872637023852346,5.836858749389648,1.0353676080703735,0.44872637023852346,1.4037011861801147,0.05882320911040302,1.3738427758216858,0.07421948414965902,0.3683335781097412,0.33847516775131226,3,2,1,2560,7352,245,613,5da1c407274d9f2e64016876300738144d1a41605925a916babeba82ea35e9a6
37,850,1000,1.2348837852478027,1.1234708627065022,0.47283724589027437,5.729179382324219,1.1234708627065022,0.47283724589027437,1.485188086827596,0.05277640670096494,1.4636762738227844,0.07039761605587304,0.36171722412109375,0.3402054111162822,3,2,1,2560,7352,245,613,5da1c407274d9f2e64016876300738144d1a41605925a916babeba82ea35e9a6
11,975,1000,0.8284361660480499,0.7570947011311849,0.3661066933719065,3.749905824661255,0.7570947011311849,0.3661066933719065,1.0182274182637532,0.05737106204920489,1.054188072681427,0.06377782988389055,0.26113271713256825,0.29709337155024207,3,3,2,2560,7352,245,613,5da1c407274d9f2e64016876300738144d1a41605925a916babeba82ea35e9a6
23,725,975,0.7612247467041016,0.5933115184307098,0.5850714941487778,3.0537304878234863,0.5933115184307098,0.5850714941487778,0.9653389751911163,0.11228859052694548,1.016440823674202,0.08162491727094161,0.3720274567604065,0.4231293052434921,3,3,2,2560,7352,245,613,5da1c407274d9f2e64016876300738144d1a41605925a916babeba82ea35e9a6
37,1000,1000,0.7704403400421143,0.7965576946735382,0.3329433517769951,3.7511305809020996,0.7965576946735382,0.3329433517769951,1.0672801335652669,0.06042372635335185,1.1207407116889954,0.06961520823563737,0.27072243889172865,0.32418301701545715,3,3,2,2560,7352,245,613,5da1c407274d9f2e64016876300738144d1a41605925a916babeba82ea35e9a6
11,1000,1000,1.136799469590187,1.0037304162979126,0.21114477458704833,4.370656490325928,1.0037304162979126,0.21114477458704833,1.2039552132288616,0.07029632872137823,1.1670746207237244,0.06812163232129873,0.20022479693094897,0.16334420442581177,3,4,1,2560,7352,245,613,5da1c407274d9f2e64016876300738144d1a41605925a916babeba82ea35e9a6
23,875,1000,1.0210753679275513,0.9509618679682413,0.19387434052391275,4.222095489501953,0.9509618679682413,0.19387434052391275,1.22161861260732,0.05577523857241487,1.038254201412201,0.25285477214876473,0.27065674463907874,0.08729233344395959,3,4,1,2560,7352,245,613,5da1c407274d9f2e64016876300738144d1a41605925a916babeba82ea35e9a6
37,900,1000,1.187895655632019,1.0629158814748128,0.23161444585252663,4.842565536499023,1.0629158814748128,0.23161444585252663,1.2483748594919841,0.051108632625276075,1.2012089490890503,0.10216000748050502,0.18545897801717137,0.13829306761423754,3,4,1,2560,7352,245,613,5da1c407274d9f2e64016876300738144d1a41605925a916babeba82ea35e9a6
11,950,1000,0.6622122526168823,0.5581031243006388,0.2544404011277157,2.2850704193115234,0.5581031243006388,0.2544404011277157,1.090157151222229,0.038506407410907335,1.112484097480774,0.064861859628884,0.5320540269215902,0.5543809731801351,3,5,2,2560,7352,245,613,5da1c407274d9f2e64016876300738144d1a41605925a916babeba82ea35e9a6
23,1000,1000,0.6864410638809204,0.6442631582419077,0.28730803481518946,2.1721935272216797,0.6442631582419077,0.28730803481518946,1.0978580315907795,0.029905170674758064,1.1171841621398926,0.04426146787638514,0.45359487334887183,0.47292100389798486,3,5,2,2560,7352,245,613,5da1c407274d9f2e64016876300738144d1a41605925a916babeba82ea35e9a6
37,975,1000,0.6532170847058296,0.5841846168041229,0.2701797742116238,2.2124035358428955,0.5841846168041229,0.2701797742116238,1.0193237662315369,0.06743649789278786,1.0305303484201431,0.04229059413276772,0.43513914942741394,0.4463457316160202,3,5,2,2560,7352,245,613,5da1c407274d9f2e64016876300738144d1a41605925a916babeba82ea35e9a6
11,925,1000,1.071519359946251,0.8970947265625,0.4100757343540445,4.706682205200195,0.8970947265625,0.4100757343540445,1.1599228382110596,0.08931099474235785,1.2108948826789856,0.0740493374580193,0.26282811164855957,0.3138001561164856,3,6,2,2560,7352,245,613,5da1c407274d9f2e64016876300738144d1a41605925a916babeba82ea35e9a6
23,975,1000,1.0442612282931805,0.7234983344872793,0.37868681070788085,5.3310322761535645,0.7234983344872793,0.37868681070788085,1.0265869001547496,0.09738417537587526,1.032730519771576,0.07219328728447545,0.30308856566747033,0.30923218528429663,3,6,2,2560,7352,245,613,5da1c407274d9f2e64016876300738144d1a41605925a916babeba82ea35e9a6
37,975,1000,1.0843636989593506,0.8799139360586802,0.4253976872739896,5.217979431152344,0.8799139360586802,0.4253976872739896,1.1436829169591267,0.09381357478719864,1.1709157228469849,0.04765507814950551,0.26376898090044654,0.2910017867883047,3,6,2,2560,7352,245,613,5da1c407274d9f2e64016876300738144d1a41605925a916babeba82ea35e9a6
11,900,1000,0.775988943874836,0.6712441047032675,0.3649716515063077,3.66273832321167,0.6712441047032675,0.3649716515063077,0.9443687995274862,0.06914027345373905,0.9624698758125305,0.07310799755815349,0.27312469482421875,0.29122577110926307,3,7,3,2560,7352,245,613,5da1c407274d9f2e64016876300738144d1a41605925a916babeba82ea35e9a6
23,725,975,0.7404312640428543,0.5721166133880615,0.4382872852041812,2.8328499794006348,0.5721166133880615,0.4382872852041812,0.8760880629221598,0.13835285333113714,0.901769757270813,0.05487872609120787,0.30397144953409827,0.32965314388275146,3,7,3,2560,7352,245,613,5da1c407274d9f2e64016876300738144d1a41605925a916babeba82ea35e9a6
37,925,1000,0.7495070621371269,0.6691537300745646,0.33544553358378526,3.6223912239074707,0.6691537300745646,0.33544553358378526,0.9287531773249308,0.05697300921209376,0.9624771475791931,0.06126642159787964,0.2595994472503662,0.29332341750462854,3,7,3,2560,7352,245,613,5da1c407274d9f2e64016876300738144d1a41605925a916babeba82ea35e9a6
11,950,1000,0.8706861436367035,0.8768466810385386,0.19265502577640806,3.3574044704437256,0.8768466810385386,0.19265502577640806,1.0726444721221924,0.03635019702146154,1.0613458827137947,0.06252153698863984,0.1957977910836538,0.18449920167525613,3,8,1,2560,7352,245,613,5da1c407274d9f2e64016876300738144d1a41605925a916babeba82ea35e9a6
23,900,1000,0.9687424898147583,0.9713965257008871,0.19210882165265616,3.6251418590545654,0.9713965257008871,0.19210882165265616,1.2486059268315632,0.045183786124830524,1.2220959067344666,0.09049060725270129,0.27720940113067616,0.25069938103357947,3,8,1,2560,7352,245,613,5da1c407274d9f2e64016876300738144d1a41605925a916babeba82ea35e9a6
37,625,875,0.8938561975955963,0.7603565057118734,0.1397037156758208,2.6830573081970215,0.7603565057118734,0.1397037156758208,0.9803090890248617,0.0878497995671323,0.9724248051643372,0.07581915441859276,0.21995258331298828,0.21206829945246375,3,8,1,2560,7352,245,613,5da1c407274d9f2e64016876300738144d1a41605925a916babeba82ea35e9a6
11,975,1000,0.753131553530693,0.8461974511543909,0.27800379954671406,2.97190523147583,0.8461974511543909,0.27800379954671406,1.2427053451538086,0.07619719784453344,1.2180510759353638,0.060182210163147745,0.39650789399941766,0.37185362478097284,3,9,2,2560,7352,245,613,5da1c407274d9f2e64016876300738144d1a41605925a916babeba82ea35e9a6
23,825,1000,0.7199737951159477,0.672907551129659,0.22619744532398278,3.0949482917785645,0.672907551129659,0.22619744532398278,1.0540066162745159,0.05602531466623648,1.0796034336090088,0.07733976794981336,0.3810990651448568,0.40669588247934974,3,9,2,2560,7352,245,613,5da1c407274d9f2e64016876300738144d1a41605925a916babeba82ea35e9a6
37,975,1000,0.746732123196125,0.7495515296856562,0.23540286006402594,3.128042221069336,0.7495515296856562,0.23540286006402594,1.1711862087249756,0.07298550903772026,1.1403992772102356,0.06450287199613372,0.4216346790393194,0.3908477475245794,3,9,2,2560,7352,245,613,5da1c407274d9f2e64016876300738144d1a41605925a916babeba82ea35e9a6
11,900,1000,1.0289302915334702,0.7569669435421625,0.26160702091191557,4.364839553833008,0.7569669435421625,0.26160702091191557,1.0659675200780232,0.08269529262052694,1.0995968580245972,0.0841700483412029,0.30900057653586066,0.3426299144824346,3,10,2,2560,7352,245,613,5da1c407274d9f2e64016876300738144d1a41605925a916babeba82ea35e9a6
23,850,1000,1.058144450187683,0.9004601637522379,0.260906723698916,4.127867698669434,0.9004601637522379,0.260906723698916,1.1061500708262126,0.039645764940512106,1.1223602294921875,0.08535241958513555,0.20568990707397472,0.22190006573994958,3,10,2,2560,7352,245,613,5da1c407274d9f2e64016876300738144d1a41605925a916babeba82ea35e9a6
37,900,1000,1.0799083858728409,0.9302660127480825,0.3295403808789625,4.59911584854126,0.9302660127480825,0.3295403808789625,1.1286486784617107,0.0677658441650248,1.1692893505096436,0.07772090831617834,0.19838266571362817,0.23902333776156104,3,10,2,2560,7352,245,613,5da1c407274d9f2e64016876300738144d1a41605925a916babeba82ea35e9a6
11,850,1000,0.8282005786895752,0.6184612909952799,0.45753048671441515,3.3493974208831787,0.6184612909952799,0.45753048671441515,0.8757344881693522,0.050623062097345045,0.9323487877845764,0.09644788393342708,0.25727319717407227,0.3138874967892965,3,11,3,2560,7352,245,613,5da1c407274d9f2e64016876300738144d1a41605925a916babeba82ea35e9a6
23,750,1000,0.7259808704257011,0.5642274804413319,0.2704408326669391,3.349100112915039,0.5642274804413319,0.2704408326669391,0.7965996066729227,0.05031761472751411,0.8358314037322998,0.0940312198456961,0.23237212623159087,0.27160392329096794,3,11,3,2560,7352,245,613,5da1c407274d9f2e64016876300738144d1a41605925a916babeba82ea35e9a6
37,975,1000,0.8821702003479004,0.6164407332738241,0.4613898979090265,3.865898370742798,0.6164407332738241,0.4613898979090265,0.8211751580238342,0.47971224199271123,1.042308732867241,0.08485904096259882,0.20473442475001014,0.4258679995934168,3,11,3,2560,7352,245,613,5da1c407274d9f2e64016876300738144d1a41605925a916babeba82ea35e9a6
11,775,1000,0.781808614730835,0.8397137622038523,0.2020857772105668,3.6993119716644287,0.8397137622038523,0.2020857772105668,1.2154552936553955,0.07076524163154811,1.1123638823628426,0.1040385753212457,0.3757415314515432,0.27265012015899026,3,12,2,2560,7352,245,613,5da1c407274d9f2e64016876300738144d1a41605925a916babeba82ea35e9a6
23,1000,1000,0.8113233968615532,0.829940915107727,0.1831542917508781,4.4079084396362305,0.829940915107727,0.1831542917508781,1.198193351427714,0.1330442014873333,1.1207504868507385,0.12683487689180126,0.36825243631998705,0.2908095717430115,3,12,2,2560,7352,245,613,5da1c407274d9f2e64016876300738144d1a41605925a916babeba82ea35e9a6
37,625,875,0.7485668063163757,0.9262983302275339,0.13994087593165924,3.4726123809814453,0.9262983302275339,0.13994087593165924,1.2007886568705242,0.09518909629370902,1.1582911610603333,0.0701713136668039,0.2744903266429902,0.2319928308327993,3,12,2,2560,7352,245,613,5da1c407274d9f2e64016876300738144d1a41605925a916babeba82ea35e9a6
11,975,1000,0.7276573181152344,0.5119131108125051,0.41706245157804295,2.7031357288360596,0.5119131108125051,0.41706245157804295,1.2201602856318157,0.07940886088695916,1.0942655429244041,0.15954844890950173,0.7082471748193105,0.582352432111899,3,13,3,2560,7352,245,613,5da1c407274d9f2e64016876300738144d1a41605925a916babeba82ea35e9a6
23,925,1000,0.7472716569900513,0.6839106033245722,0.2569849477466998,2.6770694255828857,0.6839106033245722,0.2569849477466998,1.1692510445912678,0.07501187799121473,1.108046531677246,0.07139313572889504,0.4853404412666956,0.4241359283526739,3,13,3,2560,7352,245,613,5da1c407274d9f2e64016876300738144d1a41605925a916babeba82ea35e9a6
37,900,1000,0.744246318936348,0.6971875031789144,0.2711003480940214,2.669926881790161,0.6971875031789144,0.2711003480940214,1.2032650311787922,0.0943806017301845,1.1730197668075562,0.08776659953297246,0.5060775279998778,0.4758322636286417,3,13,3,2560,7352,245,613,5da1c407274d9f2e64016876300738144d1a41605925a916babeba82ea35e9a6
11,975,1000,0.9629592746496201,0.8808980385462443,0.3779029416195659,4.963149070739746,0.8808980385462443,0.3779029416195659,1.132819414138794,0.06532116834533189,1.1444897651672363,0.07395483142671469,0.2519213755925497,0.26359172662099206,3,14,3,2560,7352,245,613,5da1c407274d9f2e64016876300738144d1a41605925a916babeba82ea35e9a6
23,875,1000,0.8627325370907784,0.8066484108567238,0.38179732872349403,4.512441635131836,0.8066484108567238,0.38179732872349403,0.9029809733231863,0.16318729034171345,1.0429185181856155,0.1636872117742037,0.09633256246646249,0.23627010732889175,3,14,3,2560,7352,245,613,5da1c407274d9f2e64016876300738144d1a41605925a916babeba82ea35e9a6
37,975,1000,0.8834131956100464,0.9102497597535452,0.36736949544028635,4.763533592224121,0.9102497597535452,0.36736949544028635,1.0671497186024983,0.11047681032439888,1.1340711638331413,0.10216222165922932,0.15689995884895314,0.22382140407959616,3,14,3,2560,7352,245,613,5da1c407274d9f2e64016876300738144d1a41605925a916babeba82ea35e9a6
11,950,1000,0.7855620458722115,0.7168275862932205,0.36138300947822694,4.499721050262451,0.7168275862932205,0.36138300947822694,1.0425277948379517,0.06215445368356277,1.002573549747467,0.1106519986478129,0.32570020854473114,0.2857459634542465,3,15,4,2560,7352,245,613,5da1c407274d9f2e64016876300738144d1a41605925a916babeba82ea35e9a6
23,950,1000,0.7543083354830742,0.6933435201644897,0.26391893411262235,4.279576778411865,0.6933435201644897,0.26391893411262235,0.9405880371729533,0.06806176785588468,0.9282281994819641,0.07461457297450157,0.2472445170084635,0.23488467931747437,3,15,4,2560,7352,245,613,5da1c407274d9f2e64016876300738144d1a41605925a916babeba82ea35e9a6
37,900,1000,0.8214842155575752,0.4300003995498021,0.37300631704981707,4.124536991119385,0.4300003995498021,0.37300631704981707,0.8285990556081136,0.08075542133129304,0.7929530739784241,0.15442590398923178,0.3985986560583115,0.36295267442862195,3,15,4,2560,7352,245,613,5da1c407274d9f2e64016876300738144d1a41605925a916babeba82ea35e9a6
11,950,1000,0.7672858238220215,0.7774709860483805,0.3860829961795642,2.8378303050994873,0.7774709860483805,0.3860829961795642,1.240669806798299,0.11094877507014436,1.310308814048767,0.06474681755589554,0.4631988207499186,0.5328378280003866,4,1,1,2560,7352,245,613,5da1c407274d9f2e64016876300738144d1a41605925a916babeba82ea35e9a6
23,950,1000,0.7686269208788872,0.8177339633305868,0.4223138805943647,2.8000757694244385,0.8177339633305868,0.4223138805943647,1.191461483637492,0.0572659176297518,1.2170596718788147,0.0557256077840383,0.37372752030690515,0.3993257085482279,4,1,1,2560,7352,245,613,5da1c407274d9f2e64016876300738144d1a41605925a916babeba82ea35e9a6
37,950,1000,0.7641898393630981,0.778233806292216,0.4576827743683095,2.8202617168426514,0.778233806292216,0.4576827743683095,1.1968419154485066,0.09241767621336676,1.2277012467384338,0.08867650112795883,0.41860810915629065,0.4494674404462179,4,1,1,2560,7352,245,613,5da1c407274d9f2e64016876300738144d1a41605925a916babeba82ea35e9a6
11,925,1000,1.2628940492868423,1.0182735919952393,0.4195683723250336,5.454911231994629,1.0182735919952393,0.4195683723250336,1.3243683179219563,0.0489673041249612,1.330570936203003,0.058914148370051,0.30609472592671705,0.31229734420776367,4,2,1,2560,7352,245,613,5da1c407274d9f2e64016876300738144d1a41605925a916babeba82ea35e9a6
23,1000,1000,1.2431126981973648,1.0300815502802532,0.4182860513134034,6.171255588531494,1.0300815502802532,0.4182860513134034,1.4003531138102214,0.018099511039828146,1.4130868315696716,0.06061570836595021,0.37027156352996826,0.38300528128941846,4,2,1,2560,7352,245,613,5da1c407274d9f2e64016876300738144d1a41605925a916babeba82ea35e9a6
37,875,1000,1.1508482843637466,0.9668369889259338,0.37539881166443123,4.890134334564209,0.9668369889259338,0.37539881166443123,1.2915878295898438,0.06327773043790012,1.2769080996513367,0.07258811093383953,0.3247508406639099,0.31007111072540283,4,2,1,2560,7352,245,613,5da1c407274d9f2e64016876300738144d1a41605925a916babeba82ea35e9a6
11,925,1000,0.7895273864269257,0.7259194453557333,0.409749388214103,3.5421438217163086,0.7259194453557333,0.409749388214103,1.037420928478241,0.05739921899702138,1.0835972502827644,0.09231361046884666,0.3115014831225077,0.35767780492703116,4,3,2,2560,7352,245,613,5da1c407274d9f2e64016876300738144d1a41605925a916babeba82ea35e9a6
23,850,1000,0.7182890921831131,0.653779943784078,0.3217294398949587,3.1692070960998535,0.653779943784078,0.3217294398949587,0.8182021379470825,0.08969735453213783,0.9189697504043579,0.06465072191907094,0.16442219416300452,0.2651898066202799,4,3,2,2560,7352,245,613,5da1c407274d9f2e64016876300738144d1a41605925a916babeba82ea35e9a6
37,550,800,0.6943596601486206,0.29412876566251117,0.8311716767755224,2.6739606857299805,0.29412876566251117,0.8311716767755224,0.624657412370046,0.6824839824870584,0.9176748469471931,0.09475189826320142,0.33052864670753485,0.623546081284682,4,3,2,2560,7352,245,613,5da1c407274d9f2e64016876300738144d1a41605925a916babeba82ea35e9a6
11,975,1000,1.0208063125610352,1.0148284435272217,0.2520463342910797,4.234607219696045,1.0148284435272217,0.2520463342910797,1.2327287197113037,0.0816768996831784,1.2292735576629639,0.08801462035200144,0.21790027618408203,0.2144451141357422,4,4,1,2560,7352,245,613,5da1c407274d9f2e64016876300738144d1a41605925a916babeba82ea35e9a6
23,950,1000,0.9895327985286713,1.066147764523824,0.24198016636126846,4.362080097198486,1.066147764523824,0.24198016636126846,1.2766868670781453,0.06426511305389779,1.2149466276168823,0.1080522061137524,0.2105391025543213,0.14879886309305834,4,4,1,2560,7352,245,613,5da1c407274d9f2e64016876300738144d1a41605925a916babeba82ea35e9a6
37,900,1000,1.0453852415084839,0.9696425199508667,0.21603031538842496,4.1915998458862305,0.9696425199508667,0.21603031538842496,1.1765822172164917,0.05366565423579484,1.1135786771774292,0.0637550332779581,0.206939697265625,0.1439361572265625,4,4,1,2560,7352,245,613,5da1c407274d9f2e64016876300738144d1a41605925a916babeba82ea35e9a6
11,800,1000,0.6550080180168152,0.4887167414029439,0.2214087209285988,1.980208158493042,0.4887167414029439,0.2214087209285988,1.01979265610377,0.02589132544293088,1.0211156234145164,0.0551440821884152,0.5310759147008262,0.5323988820115726,4,5,2,2560,7352,245,613,5da1c407274d9f2e64016876300738144d1a41605925a916babeba82ea35e9a6
23,700,950,0.5468445867300034,0.4584958851337433,0.3031154042232951,1.6715619564056396,0.4584958851337433,0.3031154042232951,0.9340514540672302,0.03547061857704495,0.9684751182794571,0.06649996127471482,0.47555556893348694,0.5099792331457138,4,5,2,2560,7352,245,613,5da1c407274d9f2e64016876300738144d1a41605925a916babeba82ea35e9a6
37,975,1000,0.6107855886220932,0.41638771692911786,0.24091818586014963,2.004763603210449,0.41638771692911786,0.24091818586014963,0.8888189792633057,0.03616122527265143,0.9213241934776306,0.05748334550775548,0.4724312623341878,0.5049364765485127,4,5,2,2560,7352,245,613,5da1c407274d9f2e64016876300738144d1a41605925a916babeba82ea35e9a6
11,925,1000,1.043716549873352,0.8590404192606608,0.40806658348193636,4.491913795471191,0.8590404192606608,0.40806658348193636,1.137537956237793,0.11457946466539382,1.2098429203033447,0.05101001306500855,0.2784975369771322,0.35080250104268396,4,6,2,2560,7352,245,613,5da1c407274d9f2e64016876300738144d1a41605925a916babeba82ea35e9a6
23,925,1000,1.0460446923971176,0.8326370418071747,0.410846994746993,4.765728950500488,0.8326370418071747,0.410846994746993,1.1088400681813557,0.08966486274949605,1.144919753074646,0.03659494538661334,0.27620302637418104,0.3122827112674713,4,6,2,2560,7352,245,613,5da1c407274d9f2e64016876300738144d1a41605925a916babeba82ea35e9a6
37,975,1000,1.0522009134292603,0.8364828129609426,0.43963340240215165,4.945923328399658,0.8364828129609426,0.43963340240215165,1.1077922880649567,0.09718984420498758,1.1554268598556519,0.0398152964702512,0.27130947510401404,0.31894404689470923,4,6,2,2560,7352,245,613,5da1c407274d9f2e64016876300738144d1a41605925a916babeba82ea35e9a6
11,925,1000,0.6905207559466362,0.6476800913612047,0.427311148391804,3.126368999481201,0.6476800913612047,0.427311148391804,0.9294243256251017,0.0629051175614719,0.9355766102671623,0.05609327410337016,0.28174423426389694,0.2878965189059576,4,7,3,2560,7352,245,613,5da1c407274d9f2e64016876300738144d1a41605925a916babeba82ea35e9a6
23,725,975,0.7294960618019104,0.4942584236462911,0.4842730271074154,2.8583176136016846,0.4942584236462911,0.4842730271074154,0.852409303188324,0.06170332387531587,0.8571033477783203,0.07292121818231358,0.3581508795420329,0.36284492413202923,4,7,3,2560,7352,245,613,5da1c407274d9f2e64016876300738144d1a41605925a916babeba82ea35e9a6
37,925,1000,0.7673687636852264,0.5916108240683874,0.3522138195113562,3.418505907058716,0.5916108240683874,0.3522138195113562,0.8711740175882975,0.03207760638742983,0.8933714032173157,0.05822588894513104,0.2795631935199101,0.3017605791489283,4,7,3,2560,7352,245,613,5da1c407274d9f2e64016876300738144d1a41605925a916babeba82ea35e9a6
11,725,975,0.9355783313512802,0.9238624274730682,0.21199627880159136,3.267730474472046,0.9238624274730682,0.21199627880159136,1.1682679653167725,0.034104376089322576,1.1436572670936584,0.07332863904505979,0.24440553784370422,0.2197948396205902,4,8,1,2560,7352,245,613,5da1c407274d9f2e64016876300738144d1a41605925a916babeba82ea35e9a6
23,650,900,0.974852055311203,0.8751093248526255,0.1436420682520432,3.180405616760254,0.8751093248526255,0.1436420682520432,1.0719927847385406,0.0675978989548963,1.0592953637242317,0.058523456440421256,0.19688345988591516,0.18418603887160623,4,8,1,2560,7352,245,613,5da1c407274d9f2e64016876300738144d1a41605925a916babeba82ea35e9a6
37,875,1000,0.9734214544296265,1.0213852326075237,0.1877426605981611,3.7682952880859375,1.0213852326075237,0.1877426605981611,1.2542640765508015,0.04063813632928421,1.184826672077179,0.08821331913661054,0.23287884394327785,0.16344143946965528,4,8,1,2560,7352,245,613,5da1c407274d9f2e64016876300738144d1a41605925a916babeba82ea35e9a6
11,950,1000,0.7665030211210251,0.8046091347932816,0.2919075648188973,3.1862056255340576,0.8046091347932816,0.2919075648188973,1.209528923034668,0.07037881337735527,1.1857719421386719,0.06702060494082063,0.4049197882413864,0.3811628073453903,4,9,2,2560,7352,245,613,5da1c407274d9f2e64016876300738144d1a41605925a916babeba82ea35e9a6
23,975,1000,0.762698620557785,0.7281946291526159,0.24213573855496584,3.433929920196533,0.7281946291526159,0.24213573855496584,1.1238172054290771,0.05427215622750499,1.1250361204147339,0.11212729134112497,0.39562257627646125,0.396841491262118,4,9,2,2560,7352,245,613,5da1c407274d9f2e64016876300738144d1a41605925a916babeba82ea35e9a6
37,875,1000,0.7073599100112915,0.6664462685585022,0.239881057010498,2.856184720993042,0.6664462685585022,0.239881057010498,1.0542456408341725,0.06615726275561394,1.0442767888307571,0.055367867308489464,0.3877993722756703,0.37783052027225494,4,9,2,2560,7352,245,613,5da1c407274d9f2e64016876300738144d1a41605925a916babeba82ea35e9a6
11,900,1000,1.0782768800854683,0.9086618473132452,0.32498700158534766,4.575686931610107,0.9086618473132452,0.32498700158534766,1.1952827374140422,0.08334230069420404,1.198113739490509,0.08890688518320812,0.28662089010079705,0.28945189217726386,4,10,2,2560,7352,245,613,5da1c407274d9f2e64016876300738144d1a41605925a916babeba82ea35e9a6
23,1000,1000,1.0422360748052597,1.0165353268384933,0.31367775372419565,4.5447678565979,1.0165353268384933,0.31367775372419565,1.1908412377039592,0.052798147847346384,1.233502745628357,0.08921291307839234,0.17430591086546587,0.2169674187898636,4,10,2,2560,7352,245,613,5da1c407274d9f2e64016876300738144d1a41605925a916babeba82ea35e9a6
37,975,1000,1.098436951637268,0.9575588206450144,0.2892499697078054,4.961793422698975,0.9575588206450144,0.2892499697078054,1.1780645847320557,0.055063160385429896,1.1800527572631836,0.10028689220340088,0.22050576408704126,0.22249393661816919,4,10,2,2560,7352,245,613,5da1c407274d9f2e64016876300738144d1a41605925a916babeba82ea35e9a6
11,900,1000,0.7838889360427856,0.2774456838766734,1.0216532551327708,3.6238369941711426,0.2774456838766734,1.0216532551327708,0.8567145268122355,0.19025525075483649,1.002093955874443,0.11165054213578576,0.5792688429355621,0.7246482719977696,4,11,3,2560,7352,245,613,5da1c407274d9f2e64016876300738144d1a41605925a916babeba82ea35e9a6
23,950,1000,0.8249392434954643,0.5088487813870112,0.7641681095140692,3.675180435180664,0.5088487813870112,0.7641681095140692,0.9937514662742615,0.08541455564462878,1.0319697856903076,0.08240097473773654,0.4849026848872503,0.5231210043032964,4,11,3,2560,7352,245,613,5da1c407274d9f2e64016876300738144d1a41605925a916babeba82ea35e9a6
37,775,1000,0.8303747177124023,0.678697387377421,0.3569509769737329,3.1379175186157227,0.678697387377421,0.3569509769737329,0.9027933776378632,0.21551703529388422,1.011772871017456,0.08387441601642612,0.22409599026044213,0.33307548364003503,4,11,3,2560,7352,245,613,5da1c407274d9f2e64016876300738144d1a41605925a916babeba82ea35e9a6
11,925,1000,0.7702246308326721,0.7965205858151118,0.2597316439485745,4.072436809539795,0.7965205858151118,0.2597316439485745,1.271297017733256,0.08487309245737039,1.0303999744355679,0.5285928526074753,0.47477643191814434,0.2338793886204561,4,12,2,2560,7352,245,613,5da1c407274d9f2e64016876300738144d1a41605925a916babeba82ea35e9a6
23,875,1000,0.791909396648407,0.8257974286874136,0.21240294918350885,4.534724712371826,0.8257974286874136,0.21240294918350885,1.2261319160461426,0.07175471722324281,0.8158598244190216,0.4866937039649096,0.400334487358729,0.009937604268391964,4,12,2,2560,7352,245,613,5da1c407274d9f2e64016876300738144d1a41605925a916babeba82ea35e9a6
37,1000,1000,0.7860957980155945,0.9665200412273407,0.164380017237021,4.759177207946777,0.9665200412273407,0.164380017237021,1.3414312203725178,0.08100092983257487,1.2865845561027527,0.1305390110267364,0.37491117914517713,0.320064514875412,4,12,2,2560,7352,245,613,5da1c407274d9f2e64016876300738144d1a41605925a916babeba82ea35e9a6
11,650,900,0.6581945493817329,0.5445519536733627,0.24001938626731945,2.0146243572235107,0.5445519536733627,0.24001938626731945,0.982447107632955,0.054508180231722596,0.9535824656486511,0.07875206327118908,0.4378951539595922,0.4090305119752884,4,13,3,2560,7352,245,613,5da1c407274d9f2e64016876300738144d1a41605925a916babeba82ea35e9a6
23,850,1000,0.7648303508758545,0.7343563636144003,0.2761090389521616,2.471590042114258,0.7343563636144003,0.2761090389521616,1.1435323158899944,0.07499593445179467,1.1601096987724304,0.05068867109836634,0.4091759522755941,0.42575333515803016,4,13,3,2560,7352,245,613,5da1c407274d9f2e64016876300738144d1a41605925a916babeba82ea35e9a6
37,950,1000,0.79351806640625,0.7790194749832153,0.2582668532906545,2.736936092376709,0.7790194749832153,0.2582668532906545,1.2553014357884724,0.11306677707075435,1.2156850099563599,0.08100619396301707,0.4762819608052571,0.43666553497314453,4,13,3,2560,7352,245,613,5da1c407274d9f2e64016876300738144d1a41605925a916babeba82ea35e9a6
11,975,1000,0.9100053310394287,0.8807195425033569,0.35523117370934715,4.695513725280762,0.8807195425033569,0.35523117370934715,1.1561577320098877,0.060653552337082944,1.1762585639953613,0.1088610781613529,0.27543818950653076,0.2955390214920044,4,14,3,2560,7352,245,613,5da1c407274d9f2e64016876300738144d1a41605925a916babeba82ea35e9a6
23,950,1000,0.9646319150924683,0.9255981793006262,0.34771825945383344,5.136530876159668,0.9255981793006262,0.34771825945383344,1.1900225083033245,0.07764748658536581,1.1965744495391846,0.09198722600981317,0.2644243290026983,0.2709762702385584,4,14,3,2560,7352,245,613,5da1c407274d9f2e64016876300738144d1a41605925a916babeba82ea35e9a6
37,850,1000,0.9665837287902832,0.895186980565389,0.3365441602090773,4.536748886108398,0.895186980565389,0.3365441602090773,1.2072733243306477,0.06777687881860119,1.2047709226608276,0.07721193281781824,0.3120863437652587,0.3095839420954386,4,14,3,2560,7352,245,613,5da1c407274d9f2e64016876300738144d1a41605925a916babeba82ea35e9a6
11,975,1000,0.8455849587917328,0.7179795453945795,0.3083863815113468,4.234199047088623,0.7179795453945795,0.3083863815113468,0.9558835426966349,0.04229445879421565,0.988448441028595,0.09696736615760759,0.23790399730205536,0.27046889563401544,4,15,4,2560,7352,245,613,5da1c407274d9f2e64016876300738144d1a41605925a916babeba82ea35e9a6
23,925,1000,0.7702655047178268,0.661600669225057,0.2733052157040758,4.354924201965332,0.661600669225057,0.2733052157040758,0.9077930450439453,0.0524243952375434,0.89460688829422,0.10222961263441079,0.2461923758188883,0.23300621906916297,4,15,4,2560,7352,245,613,5da1c407274d9f2e64016876300738144d1a41605925a916babeba82ea35e9a6
37,975,1000,0.8306852504611015,0.6690024882555008,0.2479716637811119,4.079927444458008,0.6690024882555008,0.2479716637811119,0.9351251721382141,0.058590773817805517,0.9336547255516052,0.0839426705615928,0.2661226838827133,0.26465223729610443,4,15,4,2560,7352,245,613,5da1c407274d9f2e64016876300738144d1a41605925a916babeba82ea35e9a6
11,975,1000,0.7472811192274094,0.7630250851313273,0.34048470626796906,2.505486011505127,0.7630250851313273,0.34048470626796906,1.1356206734975178,0.05081670976164482,1.1358572244644165,0.05510229344187627,0.37259558836619056,0.37283213933308923,5,1,1,2560,7352,245,613,5da1c407274d9f2e64016876300738144d1a41605925a916babeba82ea35e9a6
23,925,1000,0.6984926387667656,0.777872771024704,0.3318465800447516,2.6561741828918457,0.777872771024704,0.3318465800447516,1.2585212389628093,0.03625318305634487,1.2705261707305908,0.07237864558321225,0.48064846793810534,0.49265339970588684,5,1,1,2560,7352,245,613,5da1c407274d9f2e64016876300738144d1a41605925a916babeba82ea35e9a6
37,525,775,0.6029762029647827,0.6043619314829508,0.3239952941373947,1.4496675729751587,0.6043619314829508,0.3239952941373947,0.974788506825765,0.03822130206091967,0.9964627027511597,0.046016772960924414,0.3704265753428142,0.39210077126820886,5,1,1,2560,7352,245,613,5da1c407274d9f2e64016876300738144d1a41605925a916babeba82ea35e9a6
11,925,1000,1.1665049940347672,1.0296484231948853,0.3952723282900608,5.276970386505127,1.0296484231948853,0.3952723282900608,1.3198894659678142,0.056508526668391436,1.34183269739151,0.05295901455795041,0.29024104277292895,0.31218427419662476,5,2,1,2560,7352,245,613,5da1c407274d9f2e64016876300738144d1a41605925a916babeba82ea35e9a6
23,975,1000,1.1891151815652847,1.060459057490031,0.41439512788325705,6.143250465393066,1.060459057490031,0.41439512788325705,1.3831770420074463,0.053373125642889,1.334426462650299,0.06026361244530352,0.3227179845174153,0.2739674051602681,5,2,1,2560,7352,245,613,5da1c407274d9f2e64016876300738144d1a41605925a916babeba82ea35e9a6
37,900,1000,1.222952961921692,0.9950694640477499,0.4055595202022308,5.7165846824646,0.9950694640477499,0.4055595202022308,1.3380223512649536,0.04516987983001786,1.3313367366790771,0.0765418752867277,0.34295288721720374,0.3362672726313273,5,2,1,2560,7352,245,613,5da1c407274d9f2e64016876300738144d1a41605925a916babeba82ea35e9a6
11,1000,1000,0.7948384210467339,0.7264978388945261,0.3699993715592107,3.6311349868774414,0.7264978388945261,0.3699993715592107,1.0449519753456116,0.07993062336019253,1.080824300646782,0.06433312258216842,0.31845413645108545,0.3543264617522558,5,3,2,2560,7352,245,613,5da1c407274d9f2e64016876300738144d1a41605925a916babeba82ea35e9a6
23,600,850,0.6557623706758022,0.52056951324145,0.637983156313043,2.691483736038208,0.52056951324145,0.637983156313043,0.6243891914685568,0.6264988050718345,0.9405739903450012,0.07211114723315659,0.1038196782271068,0.42000447710355127,5,3,2,2560,7352,245,613,5da1c407274d9f2e64016876300738144d1a41605925a916babeba82ea35e9a6
37,875,1000,0.7662536203861237,0.635042150815328,0.6250849329016573,3.61926007270813,0.635042150815328,0.6250849329016573,0.9674999515215555,0.22024268451680562,1.0629831477999687,0.1181653499004853,0.33245780070622755,0.4279409969846407,5,3,2,2560,7352,245,613,5da1c407274d9f2e64016876300738144d1a41605925a916babeba82ea35e9a6
11,950,1000,0.9899975061416626,1.0092082420984905,0.23349909451732032,4.257241249084473,1.0092082420984905,0.23349909451732032,1.2472598950068157,0.039373867473237546,1.1977540254592896,0.0903541397955125,0.2380516529083252,0.18854578336079908,5,4,1,2560,7352,245,613,5da1c407274d9f2e64016876300738144d1a41605925a916babeba82ea35e9a6
23,1000,1000,1.0650601387023926,0.9681615829467773,0.21190061592860196,4.657015800476074,0.9681615829467773,0.21190061592860196,1.1957183678944905,0.05614596793543571,1.0768930315971375,0.11312276456043852,0.22755678494771314,0.10873144865036011,5,4,1,2560,7352,245,613,5da1c407274d9f2e64016876300738144d1a41605925a916babeba82ea35e9a6
37,900,1000,1.0479038953781128,0.9709899425506592,0.2274568992905552,4.199192047119141,0.9709899425506592,0.2274568992905552,1.158090074857076,0.029035055562116437,1.1049088835716248,0.09371300066386509,0.18710013230641676,0.13391894102096558,5,4,1,2560,7352,245,613,5da1c407274d9f2e64016876300738144d1a41605925a916babeba82ea35e9a6
11,950,1000,0.7685937881469727,0.6478124459584554,0.32340366593455033,2.3853445053100586,0.6478124459584554,0.32340366593455033,1.13572096824646,0.035588809876582354,1.1750973463058472,0.048568086439743904,0.4879085222880045,0.5272849003473917,5,5,2,2560,7352,245,613,5da1c407274d9f2e64016876300738144d1a41605925a916babeba82ea35e9a6
23,1000,1000,0.7502353191375732,0.6856968005498251,0.32495741465199296,2.4581398963928223,0.6856968005498251,0.32495741465199296,1.1413123210271199,0.039993228747681964,1.1710482239723206,0.06471635214794892,0.4556155204772948,0.4853514234224955,5,5,2,2560,7352,245,613,5da1c407274d9f2e64016876300738144d1a41605925a916babeba82ea35e9a6
37,975,1000,0.6579365581274033,0.6156343122323354,0.28673865937947907,2.1891934871673584,0.6156343122323354,0.28673865937947907,1.0736562808354695,0.02617463740361173,1.1075725555419922,0.049318629104801705,0.45802196860313404,0.49193824330965674,5,5,2,2560,7352,245,613,5da1c407274d9f2e64016876300738144d1a41605925a916babeba82ea35e9a6
11,925,1000,1.064567670226097,0.865531325340271,0.3979543095279175,4.665821075439453,0.865531325340271,0.3979543095279175,1.1491687695185344,0.10158332148982982,1.1955381035804749,0.045436417806411694,0.2836374441782634,0.33000677824020386,5,6,2,2560,7352,245,613,5da1c407274d9f2e64016876300738144d1a41605925a916babeba82ea35e9a6
23,950,1000,1.0664982795715332,0.8837893406550089,0.40136336313504073,4.903820037841797,0.8837893406550089,0.40136336313504073,1.2215072711308796,0.09833719679201215,1.2147247195243835,0.0569869301298267,0.33771793047587073,0.33093537886937463,5,6,2,2560,7352,245,613,5da1c407274d9f2e64016876300738144d1a41605925a916babeba82ea35e9a6
37,1000,1000,1.024693377315998,0.8164650996526083,0.4275075059957242,5.091449737548828,0.8164650996526083,0.4275075059957242,1.123383452494939,0.08940795419943162,1.152767837047577,0.07114426852409599,0.3069183528423308,0.33630273739496863,5,6,2,2560,7352,245,613,5da1c407274d9f2e64016876300738144d1a41605925a916babeba82ea35e9a6
11,1000,1000,0.7793152406811714,0.5876655280590057,0.4183525675223984,3.1103177070617676,0.5876655280590057,0.4183525675223984,0.9308581352233887,0.1307406452009249,0.9329957887530327,0.06586856688061804,0.34319260716438293,0.34533026069402695,5,7,3,2560,7352,245,613,5da1c407274d9f2e64016876300738144d1a41605925a916babeba82ea35e9a6
23,775,1000,0.7177888080477715,0.5796030362447103,0.4920733082614317,3.048076629638672,0.5796030362447103,0.4920733082614317,0.9694352149963379,0.042587811119324935,0.9488901495933533,0.06767811874597134,0.38983217875162757,0.36928711334864295,5,7,3,2560,7352,245,613,5da1c407274d9f2e64016876300738144d1a41605925a916babeba82ea35e9a6
37,925,1000,0.7743558883666992,0.6178670128186544,0.3338809691230307,3.42982816696167,0.6178670128186544,0.3338809691230307,0.8773508270581564,0.04204778964764858,0.9268042519688606,0.05028284543552634,0.25948381423950195,0.3089372391502062,5,7,3,2560,7352,245,613,5da1c407274d9f2e64016876300738144d1a41605925a916babeba82ea35e9a6
11,875,1000,1.020658254623413,1.0695064465204875,0.19867984425194726,4.02695369720459,1.0695064465204875,0.19867984425194726,1.2837303082148235,0.04625877082109263,1.250027596950531,0.07904973295988911,0.21422386169433594,0.18052115043004346,5,8,1,2560,7352,245,613,5da1c407274d9f2e64016876300738144d1a41605925a916babeba82ea35e9a6
23,1000,1000,1.0280234813690186,1.0498637358347576,0.2513457342331486,4.610761642456055,1.0498637358347576,0.2513457342331486,1.3126282691955566,0.08897129896455158,1.2502578496932983,0.06760496379940084,0.2627645333607991,0.20039411385854078,5,8,1,2560,7352,245,613,5da1c407274d9f2e64016876300738144d1a41605925a916babeba82ea35e9a6
37,1000,1000,1.0732365846633911,1.0881920258204143,0.2112482338345135,4.473123073577881,1.0881920258204143,0.2112482338345135,1.4104384978612263,0.07080828021210978,1.3234699368476868,0.12278837623092183,0.322246472040812,0.23527791102727247,5,8,1,2560,7352,245,613,5da1c407274d9f2e64016876300738144d1a41605925a916babeba82ea35e9a6
11,975,1000,0.7618346214294434,0.7647503564755121,0.24980647200511324,3.2170283794403076,0.7647503564755121,0.24980647200511324,1.166208306948344,0.06395537859506945,1.1473549604415894,0.04862051238190566,0.40145795047283184,0.3826046039660772,5,9,2,2560,7352,245,613,5da1c407274d9f2e64016876300738144d1a41605925a916babeba82ea35e9a6
23,625,875,0.6837245300412178,0.6863530178864797,0.27776564327970377,2.42329740524292,0.6863530178864797,0.27776564327970377,1.0890481571356456,0.05729768472953129,1.0362269431352615,0.0568479976416071,0.4026951392491659,0.3498739252487818,5,9,2,2560,7352,245,613,5da1c407274d9f2e64016876300738144d1a41605925a916babeba82ea35e9a6
37,1000,1000,0.8379108905792236,0.8708130121231079,0.24648630605305386,3.2578349113464355,0.8708130121231079,0.24648630605305386,1.2744430303573608,0.05497306130907197,1.2648048996925354,0.04766052856118471,0.40363001823425293,0.3939918875694275,5,9,2,2560,7352,245,613,5da1c407274d9f2e64016876300738144d1a41605925a916babeba82ea35e9a6
11,925,1000,1.0558928176760674,0.7818048497041067,0.2941498227709558,4.759305953979492,0.7818048497041067,0.2941498227709558,1.1568928162256877,0.05768070350278703,1.1792386174201965,0.0676838210388919,0.37508796652158105,0.39743376771608985,5,10,2,2560,7352,245,613,5da1c407274d9f2e64016876300738144d1a41605925a916babeba82ea35e9a6
23,850,1000,1.0898919105529785,0.6585518817106882,0.5465316987396953,4.251491069793701,0.6585518817106882,0.5465316987396953,1.136943260828654,0.046959631032472006,1.1223173141479492,0.08245784392891901,0.4783913791179658,0.463765432437261,5,10,2,2560,7352,245,613,5da1c407274d9f2e64016876300738144d1a41605925a916babeba82ea35e9a6
37,950,1000,0.9925154447555542,1.0111318230628967,0.27307659059080897,4.952043533325195,1.0111318230628967,0.27307659059080897,1.270497719446818,0.07284307760456518,1.3051475882530212,0.0731704824265111,0.2593658963839214,0.2940157651901245,5,10,2,2560,7352,245,613,5da1c407274d9f2e64016876300738144d1a41605925a916babeba82ea35e9a6
11,850,1000,0.798480398952961,0.27968279520670575,0.8401234133982806,3.253782033920288,0.27968279520670575,0.8401234133982806,0.9086041450500488,0.12431481367431592,0.9957855343818665,0.09362567298782311,0.628921349843343,0.7161027391751607,5,11,3,2560,7352,245,613,5da1c407274d9f2e64016876300738144d1a41605925a916babeba82ea35e9a6
23,925,1000,0.7139592170715332,0.512661466995875,0.46798516899305054,3.5368034839630127,0.512661466995875,0.46798516899305054,0.8513184984525045,0.12320511100553913,0.8610316514968872,0.07897944650580863,0.3386570314566295,0.3483701845010122,5,11,3,2560,7352,245,613,5da1c407274d9f2e64016876300738144d1a41605925a916babeba82ea35e9a6
37,925,1000,0.8432444334030151,0.1397977670033773,0.9370935260583642,3.575615406036377,0.1397977670033773,0.9370935260583642,0.9098336696624756,0.16693205188968316,0.7558603882789612,0.43062946201137525,0.7700359026590983,0.6160626212755839,5,11,3,2560,7352,245,613,5da1c407274d9f2e64016876300738144d1a41605925a916babeba82ea35e9a6
11,1000,1000,0.8061103820800781,0.7837342917919159,0.19915984844284848,4.602587699890137,0.7837342917919159,0.19915984844284848,1.169571578502655,0.24008753308810074,1.0318861901760101,0.2561409584722452,0.38583728671073914,0.24815189838409424,5,12,2,2560,7352,245,613,5da1c407274d9f2e64016876300738144d1a41605925a916babeba82ea35e9a6
23,900,1000,0.8008450195193291,0.9165063301722208,0.15335518830650263,4.595223426818848,0.9165063301722208,0.15335518830650263,1.3242055177688599,0.06898185691886416,1.1439531445503235,0.20126322631376417,0.40769918759663903,0.22744681437810266,5,12,2,2560,7352,245,613,5da1c407274d9f2e64016876300738144d1a41605925a916babeba82ea35e9a6
37,875,1000,0.8633497208356857,0.9595132172107697,0.15959505265478796,4.486328125,0.9595132172107697,0.15959505265478796,1.3025468190511067,0.06196962553001491,1.1756566315889359,0.2020143519163864,0.34303360184033704,0.2161434143781662,5,12,2,2560,7352,245,613,5da1c407274d9f2e64016876300738144d1a41605925a916babeba82ea35e9a6
11,1000,1000,0.7202864289283752,0.6535627543926239,0.28569616984637997,2.628462553024292,0.6535627543926239,0.28569616984637997,1.1113834381103516,0.061789127519479965,1.110195517539978,0.06598440986845117,0.45782068371772766,0.4566327631473541,5,13,3,2560,7352,245,613,5da1c407274d9f2e64016876300738144d1a41605925a916babeba82ea35e9a6
23,850,1000,0.7541645765304565,0.7570173690716425,0.2680346844136634,2.5914406776428223,0.7570173690716425,0.2680346844136634,1.2273120880126953,0.07876825337452628,1.198904037475586,0.04733352911976985,0.4702947189410528,0.4418866684039434,5,13,3,2560,7352,245,613,5da1c407274d9f2e64016876300738144d1a41605925a916babeba82ea35e9a6
37,950,1000,0.7662485763430595,0.789934515953064,0.2587418687631075,2.829376220703125,0.789934515953064,0.2587418687631075,1.2706382274627686,0.10716353834168267,1.263350248336792,0.07415243887724127,0.4807037115097046,0.473415732383728,5,13,3,2560,7352,245,613,5da1c407274d9f2e64016876300738144d1a41605925a916babeba82ea35e9a6
11,775,1000,0.9525303766131401,0.8637037724256516,0.34259474610084495,4.423354148864746,0.8637037724256516,0.34259474610084495,1.1048825184504192,0.05707597249414952,1.1254029273986816,0.1043716816693706,0.24117874602476763,0.2616991549730301,5,14,3,2560,7352,245,613,5da1c407274d9f2e64016876300738144d1a41605925a916babeba82ea35e9a6
23,1000,1000,0.9992598295211792,0.9407060841719309,0.3429790761421724,5.541071891784668,0.9407060841719309,0.3429790761421724,1.242742379506429,0.0871158128852513,1.2411466240882874,0.07814617831299026,0.30203629533449805,0.30044053991635644,5,14,3,2560,7352,245,613,5da1c407274d9f2e64016876300738144d1a41605925a916babeba82ea35e9a6
37,975,1000,0.9286621809005737,0.8513784011205038,0.442923066748821,5.225688457489014,0.8513784011205038,0.442923066748821,0.8936934868494669,0.2576203412872945,1.091354489326477,0.18592121333047668,0.04231508572896314,0.23997608820597327,5,14,3,2560,7352,245,613,5da1c407274d9f2e64016876300738144d1a41605925a916babeba82ea35e9a6
11,1000,1000,0.8868883848190308,0.36342573165893555,0.46078465521804374,4.303936004638672,0.36342573165893555,0.46078465521804374,0.637902170419693,0.27214337987715687,0.3856421709060669,0.520667824876941,0.27447643876075745,0.022216439247131348,5,15,4,2560,7352,245,613,5da1c407274d9f2e64016876300738144d1a41605925a916babeba82ea35e9a6
23,1000,1000,0.767103761434555,0.6553865745663643,0.317370747818988,4.45855712890625,0.6553865745663643,0.317370747818988,0.9693495730559031,0.08214200748190328,0.9553297013044357,0.08106855345605714,0.3139629984895388,0.29994312673807144,5,15,4,2560,7352,245,613,5da1c407274d9f2e64016876300738144d1a41605925a916babeba82ea35e9a6
37,900,1000,0.7822870090603828,0.623423104484876,0.31272912671947484,3.8665225505828857,0.623423104484876,0.31272912671947484,0.8179756800333658,0.12645342868305118,0.8492821455001831,0.09498347391052045,0.19455257554848981,0.22585904101530707,5,15,4,2560,7352,245,613,5da1c407274d9f2e64016876300738144d1a41605925a916babeba82ea35e9a6
11,1000,1000,0.7695537805557251,0.8421094417572021,0.45234196811169514,2.9177803993225098,0.8421094417572021,0.45234196811169514,1.3398973147074382,0.07495355482951588,1.3409690260887146,0.045592581284311276,0.4977878729502361,0.49885958433151245,6,1,1,2560,7352,245,613,5da1c407274d9f2e64016876300738144d1a41605925a916babeba82ea35e9a6
23,1000,1000,0.7834582254290581,0.7682915975650152,0.29874507951535084,2.786407470703125,0.7682915975650152,0.29874507951535084,1.1124686002731323,0.07427541426678108,1.130980134010315,0.07139772266506171,0.34417700270811713,0.36268853644529975,6,1,1,2560,7352,245,613,5da1c407274d9f2e64016876300738144d1a41605925a916babeba82ea35e9a6
37,950,1000,0.7652120590209961,0.8385198911031088,0.4449117672924353,3.057581901550293,0.8385198911031088,0.4449117672924353,1.286220868428548,0.06418687017962413,1.342712163925171,0.05961677688343073,0.44770097732543934,0.5041922728220621,6,1,1,2560,7352,245,613,5da1c407274d9f2e64016876300738144d1a41605925a916babeba82ea35e9a6
11,900,1000,1.1929676681756973,1.0354019006093342,0.39095516507407346,5.401955604553223,1.0354019006093342,0.39095516507407346,1.356185515721639,0.057624406224764016,1.3536966443061829,0.06787437172171401,0.3207836151123047,0.3182947436968486,6,2,1,2560,7352,245,613,5da1c407274d9f2e64016876300738144d1a41605925a916babeba82ea35e9a6
23,1000,1000,1.2578526735305786,1.0989233255386353,0.4252592625990764,6.540245532989502,1.0989233255386353,0.4252592625990764,1.4523187081019084,0.03154137417412196,1.47675359249115,0.067787793825921,0.3533953825632732,0.37783026695251465,6,2,1,2560,7352,245,613,5da1c407274d9f2e64016876300738144d1a41605925a916babeba82ea35e9a6
37,875,1000,1.2234084606170654,1.0089298486709595,0.3852457047844303,5.828300476074219,1.0089298486709595,0.3852457047844303,1.398587981859843,0.06458133776917765,1.3719404935836792,0.08127690217822929,0.38965813318888354,0.3630106449127197,6,2,1,2560,7352,245,613,5da1c407274d9f2e64016876300738144d1a41605925a916babeba82ea35e9a6
11,850,1000,0.8138027116656303,0.5615619023640951,0.7085423033362086,3.601212978363037,0.5615619023640951,0.7085423033362086,1.0197083155314128,0.08321404424971458,1.0605539083480835,0.12815669399354943,0.45814641316731775,0.4989920059839884,6,3,2,2560,7352,245,613,5da1c407274d9f2e64016876300738144d1a41605925a916babeba82ea35e9a6
23,975,1000,0.7378324270248413,0.13024566570917764,1.2667036480594518,3.367677927017212,0.13024566570917764,1.2667036480594518,0.8906656553347906,0.29955237028747034,0.9698756970465183,0.33060930271504413,0.760419989625613,0.8396300313373407,6,3,2,2560,7352,245,613,5da1c407274d9f2e64016876300738144d1a41605925a916babeba82ea35e9a6
37,925,1000,0.8155513554811478,0.6092995603879293,0.48618547083736996,3.510364294052124,0.6092995603879293,0.48618547083736996,0.879074364900589,0.31262190290236747,1.0583297684788704,0.057263590434636524,0.26977480451265967,0.4490302080909411,6,3,2,2560,7352,245,613,5da1c407274d9f2e64016876300738144d1a41605925a916babeba82ea35e9a6
11,1000,1000,1.1472227573394775,1.1213312943776448,0.23247060249635595,4.653081893920898,1.1213312943776448,0.23247060249635595,1.3349058230717976,0.05352667122802348,1.2724880576133728,0.13690138611363764,0.21357452869415283,0.15115676323572802,6,4,1,2560,7352,245,613,5da1c407274d9f2e64016876300738144d1a41605925a916babeba82ea35e9a6
23,950,1000,1.0257161855697632,1.0350095629692078,0.2170117089623698,4.4391093254089355,1.0350095629692078,0.2170117089623698,1.2589569886525471,0.06940882837835761,1.153097577393055,0.143956400786894,0.22394742568333936,0.1180880144238472,6,4,1,2560,7352,245,613,5da1c407274d9f2e64016876300738144d1a41605925a916babeba82ea35e9a6
37,950,1000,1.0616466999053955,1.0494806965192158,0.2266614428009804,4.562279224395752,1.0494806965192158,0.2266614428009804,1.2648850282033284,0.0711680909460521,1.1594032123684883,0.23091132649753027,0.21540433168411255,0.10992251584927248,6,4,1,2560,7352,245,613,5da1c407274d9f2e64016876300738144d1a41605925a916babeba82ea35e9a6
11,1000,1000,0.6682684421539307,0.6546377340952555,0.4007513736384744,2.5903921127319336,0.6546377340952555,0.4007513736384744,1.165905475616455,0.04396742320223492,1.1849392652511597,0.06237133989172653,0.5112677415211996,0.5303015311559042,6,5,2,2560,7352,245,613,5da1c407274d9f2e64016876300738144d1a41605925a916babeba82ea35e9a6
23,925,1000,0.6767122820019722,0.6502412855625153,0.33601596624125557,2.4990928173065186,0.6502412855625153,0.33601596624125557,1.1168057918548584,0.04799016398651767,1.1459007263183594,0.06665789679745675,0.46656450629234314,0.4956594407558441,6,5,2,2560,7352,245,613,5da1c407274d9f2e64016876300738144d1a41605925a916babeba82ea35e9a6
37,950,1000,0.6376818343997002,0.6198869049549103,0.30348547714665813,2.457124710083008,0.6198869049549103,0.30348547714665813,1.0542603234450023,0.050526414869245494,1.0955659076571465,0.0472935493801473,0.43437341849009203,0.4756790027022362,6,5,2,2560,7352,245,613,5da1c407274d9f2e64016876300738144d1a41605925a916babeba82ea35e9a6
11,925,1000,1.072544813156128,0.9421983857949575,0.40432122631004486,4.973519325256348,0.9421983857949575,0.40432122631004486,1.2334580421447754,0.11294139159457417,1.262462556362152,0.04920359758976304,0.2912596563498179,0.3202641705671946,6,6,2,2560,7352,245,613,5da1c407274d9f2e64016876300738144d1a41605925a916babeba82ea35e9a6
23,1000,1000,1.055773138999939,0.8354630172252655,0.4156349533666903,5.513087272644043,0.8354630172252655,0.4156349533666903,1.1834162871042888,0.08337777591733996,1.2214757800102234,0.059558972503855064,0.3479532698790233,0.3860127627849579,6,6,2,2560,7352,245,613,5da1c407274d9f2e64016876300738144d1a41605925a916babeba82ea35e9a6
37,925,1000,1.1276843398809433,0.91132819155852,0.40692047098183026,4.796694755554199,0.91132819155852,0.40692047098183026,1.239585041999817,0.06249350169769893,1.2613064646720886,0.047698225391683405,0.32825685044129693,0.34997827311356866,6,6,2,2560,7352,245,613,5da1c407274d9f2e64016876300738144d1a41605925a916babeba82ea35e9a6
11,975,1000,0.7452365159988403,0.5733409325281779,0.48746268086753547,3.366323471069336,0.5733409325281779,0.48746268086753547,0.9635854959487915,0.04985792992405063,0.9698623418807983,0.07916097688454449,0.39024456342061364,0.3965214093526205,6,7,3,2560,7352,245,613,5da1c407274d9f2e64016876300738144d1a41605925a916babeba82ea35e9a6
23,975,1000,0.7307182624936104,0.6067911386489868,0.49847310895659946,3.5184693336486816,0.6067911386489868,0.49847310895659946,0.9525417884190878,0.06332015746459078,0.9955617785453796,0.06461303717569908,0.34575064977010095,0.3887706398963928,6,7,3,2560,7352,245,613,5da1c407274d9f2e64016876300738144d1a41605925a916babeba82ea35e9a6
37,975,1000,0.7272021174430847,0.6917033493518829,0.3664198169555176,3.5808804035186768,0.6917033493518829,0.3664198169555176,1.0025639931360881,0.050645139630161526,0.9790901765227318,0.07925720361460431,0.3108606437842052,0.28738682717084885,6,7,3,2560,7352,245,613,5da1c407274d9f2e64016876300738144d1a41605925a916babeba82ea35e9a6
11,875,1000,0.9639064073562622,1.0194864471753438,0.2017171620111706,4.020015716552734,1.0194864471753438,0.2017171620111706,1.2160301208496094,0.044735371157936646,1.1752276420593262,0.09291120931109464,0.19654367367426562,0.15574119488398241,6,8,1,2560,7352,245,613,5da1c407274d9f2e64016876300738144d1a41605925a916babeba82ea35e9a6
23,900,1000,1.1497739553451538,1.1172909637292225,0.19321048609637703,4.779923915863037,1.1172909637292225,0.19321048609637703,1.3776193459828694,0.056029035512609016,1.292202651500702,0.14141730221999238,0.26032838225364685,0.17491168777147936,6,8,1,2560,7352,245,613,5da1c407274d9f2e64016876300738144d1a41605925a916babeba82ea35e9a6
37,850,1000,1.0066696405410767,1.0497635801633198,0.20713213158983848,4.369350433349609,1.0497635801633198,0.20713213158983848,1.342572530110677,0.08045589616817368,1.2921962141990662,0.10560372416890189,0.2928089499473572,0.24243263403574633,6,8,1,2560,7352,245,613,5da1c407274d9f2e64016876300738144d1a41605925a916babeba82ea35e9a6
11,775,1000,0.7133646085858345,0.6756836970647176,0.2385094980677763,2.699798107147217,0.6756836970647176,0.2385094980677763,1.0677999258041382,0.038776527290968955,1.0330910086631775,0.05275173406173821,0.39211622873942054,0.35740731159845984,6,9,2,2560,7352,245,613,5da1c407274d9f2e64016876300738144d1a41605925a916babeba82ea35e9a6
23,775,1000,0.7381317615509033,0.7537427842617035,0.21599712511253746,2.791965961456299,0.7537427842617035,0.21599712511253746,1.10950764020284,0.050662573995968296,1.1039686873555183,0.05435177742943619,0.3557648559411366,0.35022590309381485,6,9,2,2560,7352,245,613,5da1c407274d9f2e64016876300738144d1a41605925a916babeba82ea35e9a6
37,950,1000,0.7757765054702759,0.8434033791224161,0.28398782234377157,3.5519323348999023,0.8434033791224161,0.28398782234377157,1.2440083424250286,0.07332126988057444,1.236241102218628,0.061286108552769045,0.4006049633026124,0.3928377230962118,6,9,2,2560,7352,245,613,5da1c407274d9f2e64016876300738144d1a41605925a916babeba82ea35e9a6
11,825,1000,1.0263005495071411,0.49482858180999756,0.937876769798997,4.069282054901123,0.49482858180999756,0.937876769798997,1.1921732028325398,0.07244030160716426,1.2072445154190063,0.0676776887827251,0.6973446210225422,0.7124159336090088,6,10,2,2560,7352,245,613,5da1c407274d9f2e64016876300738144d1a41605925a916babeba82ea35e9a6
23,850,1000,1.0924444049596786,0.7636760100722313,0.37365539674808634,4.882594108581543,0.7636760100722313,0.37365539674808634,1.0930747985839844,0.05035796449625667,1.1043344736099243,0.09201266499175782,0.3293987885117531,0.340658463537693,6,10,2,2560,7352,245,613,5da1c407274d9f2e64016876300738144d1a41605925a916babeba82ea35e9a6
37,975,1000,1.125233992934227,0.9806464562813441,0.2717421154186262,5.031436920166016,0.9806464562813441,0.2717421154186262,1.2136977513631184,0.05468197205047609,1.1944078207015991,0.07495851056086776,0.23305129508177436,0.21376136442025506,6,10,2,2560,7352,245,613,5da1c407274d9f2e64016876300738144d1a41605925a916babeba82ea35e9a6
11,875,1000,0.8262972831726074,0.6075724065303802,0.43684576363837535,3.524512767791748,0.6075724065303802,0.43684576363837535,0.9338540236155192,0.07720245699532347,0.9645535945892334,0.11716699649535095,0.3262816170851389,0.35698118805885315,6,11,3,2560,7352,245,613,5da1c407274d9f2e64016876300738144d1a41605925a916babeba82ea35e9a6
23,900,1000,0.7792229205369949,0.5257569054762522,0.40776298724620996,3.8355846405029297,0.5257569054762522,0.40776298724620996,0.800827165444692,0.09368926648759045,0.8712871670722961,0.11328488429808586,0.2750702599684398,0.34553026159604394,6,11,3,2560,7352,245,613,5da1c407274d9f2e64016876300738144d1a41605925a916babeba82ea35e9a6
37,900,1000,0.8740847110748291,0.22276791433493295,1.2371532695860206,3.922325849533081,0.22276791433493295,1.2371532695860206,0.9069015185038248,0.11183923554944825,0.9477809071540833,0.11104991997120175,0.6841336041688919,0.7250129928191503,6,11,3,2560,7352,245,613,5da1c407274d9f2e64016876300738144d1a41605925a916babeba82ea35e9a6
11,975,1000,0.8870714902877808,1.0242744088172913,0.22666977499174543,4.612394332885742,1.0242744088172913,0.22666977499174543,1.3499302864074707,0.07040661356019354,1.2829980850219727,0.06602197892613677,0.32565587759017944,0.2587236762046814,6,12,2,2560,7352,245,613,5da1c407274d9f2e64016876300738144d1a41605925a916babeba82ea35e9a6
23,900,1000,0.9039748907089233,0.9249866406122843,0.15612269109979884,4.460700988769531,0.9249866406122843,0.15612269109979884,1.319144368171692,0.050887197342394726,1.204535186290741,0.11412982106322365,0.3941577275594076,0.27954854567845666,6,12,2,2560,7352,245,613,5da1c407274d9f2e64016876300738144d1a41605925a916babeba82ea35e9a6
37,975,1000,0.8765459358692169,1.01777982711792,0.26331188849119985,4.953594207763672,1.01777982711792,0.26331188849119985,1.4035230080286663,0.0686064891877335,1.330613374710083,0.08202361874819443,0.38574318091074633,0.3128335475921631,6,12,2,2560,7352,245,613,5da1c407274d9f2e64016876300738144d1a41605925a916babeba82ea35e9a6
11,1000,1000,0.7928227186203003,0.641486793756485,0.2531678119673592,2.5762269496917725,0.641486793756485,0.2531678119673592,1.158477544784546,0.05933810879211739,1.097194254398346,0.0657296514836353,0.5169907510280609,0.45570746064186096,6,13,3,2560,7352,245,613,5da1c407274d9f2e64016876300738144d1a41605925a916babeba82ea35e9a6
23,1000,1000,0.7767220288515091,0.8126318504412969,0.26827844892981184,2.9734644889831543,0.8126318504412969,0.26827844892981184,1.265169620513916,0.0888859353173502,1.1986677646636963,0.0698673197311246,0.4525377700726191,0.38603591422239936,6,13,3,2560,7352,245,613,5da1c407274d9f2e64016876300738144d1a41605925a916babeba82ea35e9a6
37,925,1000,0.7585359066724777,0.7037390073140463,0.29014018589557716,2.5790936946868896,0.7037390073140463,0.29014018589557716,1.1936218738555908,0.1081847966991466,1.1426594853401184,0.07455800376437938,0.48988286654154456,0.43892047802607215,6,13,3,2560,7352,245,613,5da1c407274d9f2e64016876300738144d1a41605925a916babeba82ea35e9a6
11,975,1000,0.954848162829876,0.9881014227867126,0.3735111419516622,5.125674724578857,0.9881014227867126,0.3735111419516622,1.211747407913208,0.09077415267267834,1.2273497581481934,0.07298252258628149,0.22364598512649536,0.2392483353614807,6,14,3,2560,7352,245,613,5da1c407274d9f2e64016876300738144d1a41605925a916babeba82ea35e9a6
23,950,1000,0.9061249420046806,0.8919002960125605,0.3665940829858674,5.271747589111328,0.8919002960125605,0.3665940829858674,1.0817095438639324,0.05125001012474681,1.144623041152954,0.08827207653381407,0.18980924785137188,0.2527227451403936,6,14,3,2560,7352,245,613,5da1c407274d9f2e64016876300738144d1a41605925a916babeba82ea35e9a6
37,875,1000,0.9641972780227661,0.9014803171157837,0.3807816015430555,4.868587970733643,0.9014803171157837,0.3807816015430555,1.163372000058492,0.07299423632356497,1.2003989815711975,0.08642914870490354,0.26189168294270826,0.2989186644554138,6,14,3,2560,7352,245,613,5da1c407274d9f2e64016876300738144d1a41605925a916babeba82ea35e9a6
11,1000,1000,0.7171148657798767,0.5680562257766724,0.4039741928317858,4.134110450744629,0.5680562257766724,0.4039741928317858,0.8969041705131531,0.065620184506609,0.8233296871185303,0.12610259155891831,0.3288479447364807,0.2552734613418579,6,15,4,2560,7352,245,613,5da1c407274d9f2e64016876300738144d1a41605925a916babeba82ea35e9a6
23,975,1000,0.824532076716423,0.800348237156868,0.2970733521912784,4.117130756378174,0.800348237156868,0.2970733521912784,1.0256552298863728,0.09376653279510064,1.0659402012825012,0.0711302496859423,0.22530699272950483,0.26559196412563324,6,15,4,2560,7352,245,613,5da1c407274d9f2e64016876300738144d1a41605925a916babeba82ea35e9a6
37,975,1000,0.781545989215374,0.5135161876678467,0.6009094941363596,3.948035478591919,0.5135161876678467,0.6009094941363596,0.9444700876871744,0.1526554134532684,0.9670385718345642,0.1590205258078936,0.43095390001932776,0.45352238416671753,6,15,4,2560,7352,245,613,5da1c407274d9f2e64016876300738144d1a41605925a916babeba82ea35e9a6
11,975,1000,0.7227073907852173,0.7266040643056234,0.3292365109661249,2.4636244773864746,0.7266040643056234,0.3292365109661249,1.0801707903544109,0.04212811655156971,1.0797597169876099,0.062003792321987564,0.35356672604878747,0.35315565268198645,7,1,1,2560,7352,245,613,5da1c407274d9f2e64016876300738144d1a41605925a916babeba82ea35e9a6
23,1000,1000,0.7057150527834892,0.7497668663660685,0.35632549885421205,2.803880453109741,0.7497668663660685,0.35632549885421205,1.1876004536946614,0.03491936184269148,1.2038183212280273,0.05192877003723973,0.4378335873285929,0.45405145486195886,7,1,1,2560,7352,245,613,5da1c407274d9f2e64016876300738144d1a41605925a916babeba82ea35e9a6
37,875,1000,0.8305321633815765,0.844124992688497,0.3934794071298796,2.986339569091797,0.844124992688497,0.3934794071298796,1.3258953094482422,0.054249499841789145,1.3382318019866943,0.048134742701175244,0.48177031675974524,0.4941068092981974,7,1,1,2560,7352,245,613,5da1c407274d9f2e64016876300738144d1a41605925a916babeba82ea35e9a6
11,975,1000,1.2403104305267334,1.0299755533536274,0.400123848570813,6.253934383392334,1.0299755533536274,0.400123848570813,1.394202709197998,0.07473063414686501,1.4072253704071045,0.07578371238214753,0.3642271558443706,0.37724981705347704,7,2,1,2560,7352,245,613,5da1c407274d9f2e64016876300738144d1a41605925a916babeba82ea35e9a6
23,975,1000,1.3040861934423447,1.0996850728988647,0.42977628223060366,6.457781791687012,1.0996850728988647,0.42977628223060366,1.4401609897613525,0.04852866188458238,1.4165977239608765,0.04932733078451058,0.3404759168624878,0.3169126510620117,7,2,1,2560,7352,245,613,5da1c407274d9f2e64016876300738144d1a41605925a916babeba82ea35e9a6
37,875,1000,1.281130090355873,1.0348193248112996,0.4155765152521871,6.0412797927856445,1.0348193248112996,0.4155765152521871,1.413405418395996,0.06709089101229337,1.3659971952438354,0.08949920484046645,0.3785860935846965,0.3311778704325359,7,2,1,2560,7352,245,613,5da1c407274d9f2e64016876300738144d1a41605925a916babeba82ea35e9a6
11,925,1000,0.8713581562042236,0.7933826049168905,0.36114187031879424,3.6622111797332764,0.7933826049168905,0.36114187031879424,1.0531775255997975,0.062054456533095846,1.103572964668274,0.05645631737922812,0.259794920682907,0.3101903597513834,7,3,2,2560,7352,245,613,5da1c407274d9f2e64016876300738144d1a41605925a916babeba82ea35e9a6
23,625,875,0.7605718672275543,0.5805382231871287,0.5597461589822975,2.9072299003601074,0.5805382231871287,0.5597461589822975,0.9700530370076498,0.060302243008852105,0.9825908318161964,0.1506312827647284,0.3895148138205211,0.4020526086290678,7,3,2,2560,7352,245,613,5da1c407274d9f2e64016876300738144d1a41605925a916babeba82ea35e9a6
37,900,1000,0.8456051349639893,0.7798866381247839,0.3558907702395399,3.708974599838257,0.7798866381247839,0.3558907702395399,1.053711732228597,0.04229517568405873,1.0885940194129944,0.05962160418703272,0.27382509410381306,0.3087073812882105,7,3,2,2560,7352,245,613,5da1c407274d9f2e64016876300738144d1a41605925a916babeba82ea35e9a6
11,950,1000,1.080374002456665,1.0215180317560832,0.25152349868374624,4.848501682281494,1.0215180317560832,0.25152349868374624,1.3211117188135784,0.07968013622609148,1.2631845474243164,0.14301046142050752,0.2995936870574951,0.24166651566823316,7,4,1,2560,7352,245,613,5da1c407274d9f2e64016876300738144d1a41605925a916babeba82ea35e9a6
23,975,1000,1.115722432732582,1.0025254885355632,0.26907298417531433,4.639740467071533,1.0025254885355632,0.26907298417531433,1.2302037874857585,0.10334410796852951,1.2093300819396973,0.12573540380205875,0.2276782989501953,0.20680459340413404,7,4,1,2560,7352,245,613,5da1c407274d9f2e64016876300738144d1a41605925a916babeba82ea35e9a6
37,950,1000,0.946454644203186,0.9550824562708536,0.22244943497355363,4.109580993652344,0.9550824562708536,0.22244943497355363,1.1576759020487468,0.08327272489845215,1.118246853351593,0.12031928967692511,0.20259344577789318,0.16316439708073938,7,4,1,2560,7352,245,613,5da1c407274d9f2e64016876300738144d1a41605925a916babeba82ea35e9a6
11,775,1000,0.6205490380525589,0.6010537246863047,0.3176190862124234,2.245898485183716,0.6010537246863047,0.3176190862124234,1.0944583415985107,0.03321670734302399,1.1088522672653198,0.05919051428478333,0.49340461691220605,0.5077985425790151,7,5,2,2560,7352,245,613,5da1c407274d9f2e64016876300738144d1a41605925a916babeba82ea35e9a6
23,925,1000,0.6859544068574905,0.7169081072012583,0.3548449603624,2.5758183002471924,0.7169081072012583,0.3548449603624,1.1536370118459065,0.035277236056344884,1.1737152934074402,0.067393145039227,0.4367289046446482,0.4568071862061819,7,5,2,2560,7352,245,613,5da1c407274d9f2e64016876300738144d1a41605925a916babeba82ea35e9a6
37,975,1000,0.6630866974592209,0.6538671354452769,0.34587391026000736,2.3231356143951416,0.6538671354452769,0.34587391026000736,1.1241369644800823,0.0461831782092304,1.1297524571418762,0.03679097825377923,0.4702698290348054,0.47588532169659936,7,5,2,2560,7352,245,613,5da1c407274d9f2e64016876300738144d1a41605925a916babeba82ea35e9a6
11,975,1000,1.0280404090881348,0.909306804339091,0.45156724924436914,5.035897254943848,0.909306804339091,0.45156724924436914,1.2042194604873657,0.07058572641550187,1.2449316382408142,0.08048241235630446,0.2949126561482748,0.33562483390172326,7,6,2,2560,7352,245,613,5da1c407274d9f2e64016876300738144d1a41605925a916babeba82ea35e9a6
23,900,1000,1.1412390545010567,0.9300789882739385,0.4611134608064872,5.040318965911865,0.9300789882739385,0.4611134608064872,1.2518313725789387,0.1152197199838662,1.2712397575378418,0.06332898536777849,0.3217523843050002,0.34116076926390326,7,6,2,2560,7352,245,613,5da1c407274d9f2e64016876300738144d1a41605925a916babeba82ea35e9a6
37,525,775,0.8941414207220078,0.7223149538040161,0.3498157290415936,3.3961188793182373,0.7223149538040161,0.3498157290415936,0.9894865651925405,0.07980684986882645,0.9948149025440216,0.06325612912830622,0.2671716113885244,0.2724999487400055,7,6,2,2560,7352,245,613,5da1c407274d9f2e64016876300738144d1a41605925a916babeba82ea35e9a6
11,900,1000,0.7207362614572048,0.6589258462190628,0.39839606683672446,3.3682496547698975,0.6589258462190628,0.39839606683672446,0.8943719466527303,0.039390076358067905,0.9240798354148865,0.055355493385486995,0.23544610043366754,0.26515398919582367,7,7,3,2560,7352,245,613,5da1c407274d9f2e64016876300738144d1a41605925a916babeba82ea35e9a6
23,950,1000,0.7507475689053535,0.6355868577957153,0.4710704285815433,3.544642925262451,0.6355868577957153,0.4710704285815433,1.0121578772862752,0.04112830002903841,1.0153514742851257,0.061602230158910844,0.3765710194905598,0.3797646164894104,7,7,3,2560,7352,245,613,5da1c407274d9f2e64016876300738144d1a41605925a916babeba82ea35e9a6
37,875,1000,0.7354891300201416,0.6798675010601679,0.36837335040374747,3.2564620971679688,0.6798675010601679,0.36837335040374747,0.9481834570566813,0.0734527880672767,0.9627761244773865,0.043353156599163396,0.26831595599651337,0.28290862341721856,7,7,3,2560,7352,245,613,5da1c407274d9f2e64016876300738144d1a41605925a916babeba82ea35e9a6
11,975,1000,1.0940771102905273,1.0414732297261555,0.18450108957489492,4.27836799621582,1.0414732297261555,0.18450108957489492,1.3168073495229085,0.03740497685308544,1.2353167533874512,0.1383684553933818,0.27533411979675293,0.19384352366129565,7,8,1,2560,7352,245,613,5da1c407274d9f2e64016876300738144d1a41605925a916babeba82ea35e9a6
23,900,1000,1.02207350730896,1.0796621839205425,0.2188759517678571,4.319088935852051,1.0796621839205425,0.2188759517678571,1.3951314290364583,0.04416436879474763,1.2593581229448318,0.20893045370116617,0.3154692451159158,0.17969593902428938,7,8,1,2560,7352,245,613,5da1c407274d9f2e64016876300738144d1a41605925a916babeba82ea35e9a6
37,950,1000,1.0813742876052856,1.0743062098821003,0.18089068509937292,4.673600673675537,1.0743062098821003,0.18089068509937292,1.3566587368647258,0.07402800939535967,1.2985698580741882,0.12383722919779974,0.2823525269826255,0.22426364819208788,7,8,1,2560,7352,245,613,5da1c407274d9f2e64016876300738144d1a41605925a916babeba82ea35e9a6
11,850,1000,0.7452919483184814,0.8244185845057169,0.276910479290852,2.9631595611572266,0.8244185845057169,0.276910479290852,1.2017390330632527,0.04938771044394406,1.196698546409607,0.05758659471765138,0.37732044855753577,0.37227996190389,7,9,2,2560,7352,245,613,5da1c407274d9f2e64016876300738144d1a41605925a916babeba82ea35e9a6
23,775,1000,0.6725641414523125,0.7272435774405798,0.2377204266665972,2.764572858810425,0.7272435774405798,0.2377204266665972,1.071774164835612,0.06435273798487685,1.0520572066307068,0.05231536775539639,0.3445305873950323,0.324813629190127,7,9,2,2560,7352,245,613,5da1c407274d9f2e64016876300738144d1a41605925a916babeba82ea35e9a6
37,750,1000,0.8475306034088135,0.8053520123163859,0.2462654037423706,2.811371088027954,0.8053520123163859,0.2462654037423706,1.1961239178975422,0.07048693378435365,1.1937196254730225,0.0730123090510173,0.3907719055811564,0.3883676131566366,7,9,2,2560,7352,245,613,5da1c407274d9f2e64016876300738144d1a41605925a916babeba82ea35e9a6
11,1000,1000,1.1446795463562012,1.0500405728816986,0.34795786104434206,4.852779865264893,1.0500405728816986,0.34795786104434206,1.2593311468760173,0.08363288158024955,1.2638151049613953,0.07981066638552621,0.20929057399431872,0.21377453207969666,7,10,2,2560,7352,245,613,5da1c407274d9f2e64016876300738144d1a41605925a916babeba82ea35e9a6
23,1000,1000,1.1064289808273315,0.9937544564406077,0.3674646650661236,5.577004909515381,0.9937544564406077,0.3674646650661236,1.243939479192098,0.08485113251675712,1.2593410015106201,0.09051022280877068,0.25018502275149024,0.26558654507001245,7,10,2,2560,7352,245,613,5da1c407274d9f2e64016876300738144d1a41605925a916babeba82ea35e9a6
37,975,1000,1.0764915943145752,0.8735329707463583,0.30737065633577626,5.034905910491943,0.8735329707463583,0.30737065633577626,1.078693191210429,0.0674687752514371,1.0871938467025757,0.08603921298691734,0.20516022046407068,0.2136608759562174,7,10,2,2560,7352,245,613,5da1c407274d9f2e64016876300738144d1a41605925a916babeba82ea35e9a6
11,750,1000,0.8211040496826172,0.619337280591329,0.29125306573257326,3.0630745887756348,0.619337280591329,0.29125306573257326,0.8581920067469279,0.03442897634928203,0.8549535274505615,0.0882341478833446,0.23885472615559888,0.23561624685923255,7,11,3,2560,7352,245,613,5da1c407274d9f2e64016876300738144d1a41605925a916babeba82ea35e9a6
23,800,1000,0.7728440687060356,0.7250248963634173,0.3028272693802828,3.553377389907837,0.7250248963634173,0.3028272693802828,0.9877159198125204,0.04715730178314224,1.0011646747589111,0.0821148995233683,0.2626910234491031,0.27613977839549386,7,11,3,2560,7352,245,613,5da1c407274d9f2e64016876300738144d1a41605925a916babeba82ea35e9a6
37,925,1000,0.8023852109909058,0.24364038308461508,1.1330594269222336,3.4968249797821045,0.24364038308461508,1.1330594269222336,0.7582765420277914,0.3895165913968494,0.9288335070014,0.14489656514217736,0.5146361589431763,0.6851931239167849,7,11,3,2560,7352,245,613,5da1c407274d9f2e64016876300738144d1a41605925a916babeba82ea35e9a6
11,875,1000,0.8645466566085815,1.0312147637208302,0.20326682182372924,4.603654861450195,1.0312147637208302,0.20326682182372924,1.3723594745000203,0.06635889267605248,1.3152472972869873,0.1080260538724174,0.34114471077919006,0.2840325335661571,7,12,2,2560,7352,245,613,5da1c407274d9f2e64016876300738144d1a41605925a916babeba82ea35e9a6
23,900,1000,0.8731209933757782,1.0045391122500102,0.16353774299266152,4.589430809020996,1.0045391122500102,0.16353774299266152,1.3449771404266357,0.04554141245478623,1.1207983046770096,0.3003849678032478,0.3404380281766255,0.11625919242699934,7,12,2,2560,7352,245,613,5da1c407274d9f2e64016876300738144d1a41605925a916babeba82ea35e9a6
37,875,1000,0.8623082935810089,0.956645538409551,0.18363870261134624,4.588229656219482,0.956645538409551,0.18363870261134624,1.2661058902740479,0.029789668501972844,1.2020203992724419,0.1707420772386449,0.30946035186449683,0.24537486086289084,7,12,2,2560,7352,245,613,5da1c407274d9f2e64016876300738144d1a41605925a916babeba82ea35e9a6
11,900,1000,0.7108997851610184,0.7439163227876028,0.2905519764494191,2.600022077560425,0.7439163227876028,0.2905519764494191,1.2499380906422932,0.08748052219957436,1.2013807892799377,0.07365756710268978,0.5060217678546904,0.45746446649233496,7,13,3,2560,7352,245,613,5da1c407274d9f2e64016876300738144d1a41605925a916babeba82ea35e9a6
23,850,1000,0.6956712007522583,0.8171084771553675,0.2725877593270201,2.813875913619995,0.8171084771553675,0.2725877593270201,1.2513904571533203,0.10508993786267132,1.2159417867660522,0.09046776684468204,0.4342819799979528,0.39883330961068475,7,13,3,2560,7352,245,613,5da1c407274d9f2e64016876300738144d1a41605925a916babeba82ea35e9a6
37,1000,1000,0.793002724647522,0.809662381807963,0.3173210995298073,3.0515573024749756,0.809662381807963,0.3173210995298073,1.2860841751098633,0.11372276394952642,1.2089811563491821,0.11231562991902987,0.47642179330190026,0.3993187745412191,7,13,3,2560,7352,245,613,5da1c407274d9f2e64016876300738144d1a41605925a916babeba82ea35e9a6
11,975,1000,1.0104066133499146,0.9366733630498251,0.32295352583998227,5.066946029663086,0.9366733630498251,0.32295352583998227,1.135177493095398,0.07235089546319469,1.1686882376670837,0.08298804170744098,0.19850413004557288,0.23201487461725867,7,14,3,2560,7352,245,613,5da1c407274d9f2e64016876300738144d1a41605925a916babeba82ea35e9a6
23,875,1000,0.9420968443155289,0.8827798763910929,0.31489262522449,4.764522552490234,0.8827798763910929,0.31489262522449,1.1394585768381755,0.09571709402996598,1.1390504240989685,0.07547904221911717,0.25667870044708263,0.2562705477078756,7,14,3,2560,7352,245,613,5da1c407274d9f2e64016876300738144d1a41605925a916babeba82ea35e9a6
37,975,1000,0.9377380609512329,0.9572938779989878,0.3462350262238659,5.610682010650635,0.9572938779989878,0.3462350262238659,1.2379686037699382,0.11162324304592589,1.2786142230033875,0.07391478626032658,0.28067472577095043,0.32132034500439965,7,14,3,2560,7352,245,613,5da1c407274d9f2e64016876300738144d1a41605925a916babeba82ea35e9a6
11,850,1000,0.773524284362793,0.6386997898419698,0.331197586734688,3.668560266494751,0.6386997898419698,0.331197586734688,0.9277824958165487,0.0431770572996863,0.910273864865303,0.09202251832577936,0.28908270597457886,0.2715740750233332,7,15,4,2560,7352,245,613,5da1c407274d9f2e64016876300738144d1a41605925a916babeba82ea35e9a6
23,1000,1000,0.8122965842485428,0.7499789893627167,0.2690044371391148,4.306859493255615,0.7499789893627167,0.2690044371391148,1.0109912157058716,0.06084676318447861,1.021765612065792,0.060147868002292326,0.2610122263431549,0.2717866227030754,7,15,4,2560,7352,245,613,5da1c407274d9f2e64016876300738144d1a41605925a916babeba82ea35e9a6
37,975,1000,0.7950764894485474,0.6526947071154913,0.3632677199856849,4.309174060821533,0.6526947071154913,0.3632677199856849,0.9796237945556641,0.060270522024845966,0.9376974105834961,0.13775704951433934,0.3269290874401728,0.2850027034680048,7,15,4,2560,7352,245,613,5da1c407274d9f2e64016876300738144d1a41605925a916babeba82ea35e9a6
11,925,1000,0.7481836825609207,0.8298670848210653,0.3991895384593005,2.71551513671875,0.8298670848210653,0.3991895384593005,1.2919779618581135,0.06633802731825615,1.3462809920310974,0.05741455014102815,0.46211087703704823,0.5164139072100321,8,1,1,2560,7352,245,613,5da1c407274d9f2e64016876300738144d1a41605925a916babeba82ea35e9a6
23,900,1000,0.7723602056503296,0.7345151503880819,0.44118139712301396,2.77935528755188,0.7345151503880819,0.44118139712301396,1.1868623892466228,0.035759286086523824,1.2110670804977417,0.08404730292083289,0.4523472388585409,0.4765519301096598,8,1,1,2560,7352,245,613,5da1c407274d9f2e64016876300738144d1a41605925a916babeba82ea35e9a6
37,875,1000,0.712982103228569,0.7554212808609009,0.3806230853040774,2.7548844814300537,0.7554212808609009,0.3806230853040774,1.2321162223815918,0.0713555741782327,1.261045753955841,0.06282104549546817,0.4766949415206909,0.5056244730949402,8,1,1,2560,7352,245,613,5da1c407274d9f2e64016876300738144d1a41605925a916babeba82ea35e9a6
11,900,1000,1.2094434350728989,0.9913196265697479,0.3889376493835109,5.348942756652832,0.9913196265697479,0.3889376493835109,1.3058372338612874,0.05970066361792166,1.3005362153053284,0.06086547775425469,0.31451760729153944,0.30921658873558044,8,2,1,2560,7352,245,613,5da1c407274d9f2e64016876300738144d1a41605925a916babeba82ea35e9a6
23,975,1000,1.244158148765564,1.0607293049494426,0.39718076091552834,6.24016809463501,1.0607293049494426,0.39718076091552834,1.3850574493408203,0.06848527163584654,1.3818675875663757,0.053506830234073925,0.3243281443913777,0.3211382826169331,8,2,1,2560,7352,245,613,5da1c407274d9f2e64016876300738144d1a41605925a916babeba82ea35e9a6
37,875,1000,1.1989558935165405,0.9993566672007242,0.43493057900043,5.783191204071045,0.9993566672007242,0.43493057900043,1.4050174554189045,0.08262690692902333,1.3552172183990479,0.0816788256460901,0.4056607882181803,0.3558605511983236,8,2,1,2560,7352,245,613,5da1c407274d9f2e64016876300738144d1a41605925a916babeba82ea35e9a6
11,975,1000,0.8586655929684639,0.8523220618565878,0.3916777789429093,3.761138916015625,0.8523220618565878,0.3916777789429093,1.1062068144480388,0.053655140974659225,1.1478095650672913,0.07819796027513148,0.25388475259145105,0.2954875032107035,8,3,2,2560,7352,245,613,5da1c407274d9f2e64016876300738144d1a41605925a916babeba82ea35e9a6
23,875,1000,0.8503203392028809,0.705589493115743,0.5059338029784879,3.4215402603149414,0.705589493115743,0.5059338029784879,1.0685964028040569,0.08283468542981393,1.0892847925424576,0.07649167331641477,0.36300690968831384,0.38369529942671454,8,3,2,2560,7352,245,613,5da1c407274d9f2e64016876300738144d1a41605925a916babeba82ea35e9a6
37,875,1000,0.796532154083252,0.3567693730195363,0.9487705676506545,3.487544059753418,0.3567693730195363,0.9487705676506545,0.8907504081726074,0.4311541161107871,1.0949569270014763,0.1005043711343262,0.5339810351530712,0.73818755398194,8,3,2,2560,7352,245,613,5da1c407274d9f2e64016876300738144d1a41605925a916babeba82ea35e9a6
11,625,875,0.9621089696884155,0.9282700618108114,0.21493763560421908,3.242921829223633,0.9282700618108114,0.21493763560421908,1.116702397664388,0.06238894001576302,1.093678891658783,0.08772998668700464,0.18843233585357655,0.16540882984797156,8,4,1,2560,7352,245,613,5da1c407274d9f2e64016876300738144d1a41605925a916babeba82ea35e9a6
23,800,1000,1.1335487365722656,1.1031349500020344,0.2253840675878216,4.546212196350098,1.1031349500020344,0.2253840675878216,1.3146933714548747,0.07431019977830355,1.2479255199432373,0.10449355627682116,0.21155842145284032,0.14479056994120287,8,4,1,2560,7352,245,613,5da1c407274d9f2e64016876300738144d1a41605925a916babeba82ea35e9a6
37,850,1000,1.0862964391708374,1.0412132342656453,0.2079403228237609,4.355757236480713,1.0412132342656453,0.2079403228237609,1.2659194866816204,0.06698385848934212,1.0817458629608154,0.308206953577093,0.22470625241597508,0.04053262869517016,8,4,1,2560,7352,245,613,5da1c407274d9f2e64016876300738144d1a41605925a916babeba82ea35e9a6
11,975,1000,0.6813342645764351,0.6808895667394003,0.2568492406133772,2.4243264198303223,0.6808895667394003,0.2568492406133772,1.1544383764266968,0.04602049983079311,1.180478572845459,0.04829859090911503,0.4735488096872965,0.4995890061060587,8,5,2,2560,7352,245,613,5da1c407274d9f2e64016876300738144d1a41605925a916babeba82ea35e9a6
23,1000,1000,0.6352183967828751,0.652876615524292,0.29098432403882873,2.7393298149108887,0.652876615524292,0.29098432403882873,1.1479229927062988,0.038240616145710025,1.1596851348876953,0.05718195986309277,0.49504637718200684,0.5068085193634033,8,5,2,2560,7352,245,613,5da1c407274d9f2e64016876300738144d1a41605925a916babeba82ea35e9a6
37,975,1000,0.7431604787707329,0.6699232757091522,0.3167419178158579,2.440322160720825,0.6699232757091522,0.3167419178158579,1.1549415985743205,0.054027153485971445,1.1697094440460205,0.040965664132645685,0.4850183228651683,0.4997861683368683,8,5,2,2560,7352,245,613,5da1c407274d9f2e64016876300738144d1a41605925a916babeba82ea35e9a6
11,1000,1000,1.1207094192504883,0.8639897157748541,0.37797076128749013,4.911093711853027,0.8639897157748541,0.37797076128749013,1.1359246174494426,0.10489095723533119,1.1862843036651611,0.048736024988219724,0.27193490167458856,0.32229458789030707,8,6,2,2560,7352,245,613,5da1c407274d9f2e64016876300738144d1a41605925a916babeba82ea35e9a6
23,925,1000,1.1987514570355415,0.9850676109393438,0.41710454039261524,5.3367390632629395,0.9850676109393438,0.41710454039261524,1.2560944557189941,0.10374094184263717,1.3084858655929565,0.030884426405193174,0.27102684477965033,0.32341825465361274,8,6,2,2560,7352,245,613,5da1c407274d9f2e64016876300738144d1a41605925a916babeba82ea35e9a6
37,975,1000,1.1269600540399551,0.9874245623747507,0.4102394587527921,5.4430317878723145,0.9874245623747507,0.4102394587527921,1.3004456361134846,0.09398806278939519,1.3447787761688232,0.06754900077276514,0.3130210737387339,0.3573542137940725,8,6,2,2560,7352,245,613,5da1c407274d9f2e64016876300738144d1a41605925a916babeba82ea35e9a6
11,1000,1000,0.8058463409543037,0.6579790065685908,0.5175596051049203,3.9403610229492188,0.6579790065685908,0.5175596051049203,1.0237406889597576,0.052271247677834004,0.9934912919998169,0.09219785198454002,0.3657616823911668,0.33551228543122613,8,7,3,2560,7352,245,613,5da1c407274d9f2e64016876300738144d1a41605925a916babeba82ea35e9a6
23,950,1000,0.7335721179842949,0.6567921588818232,0.4170790688233189,3.4834794998168945,0.6567921588818232,0.4170790688233189,0.9985843996206919,0.0448809211829827,0.9964594841003418,0.0633850031208152,0.3417922407388687,0.3396673252185186,8,7,3,2560,7352,245,613,5da1c407274d9f2e64016876300738144d1a41605925a916babeba82ea35e9a6
37,975,1000,0.7804262638092041,0.5791535377502441,0.5019524353865663,3.8235535621643066,0.5791535377502441,0.5019524353865663,1.0413939158121746,0.05754937521417161,1.0385743379592896,0.06936042077618498,0.4622403780619304,0.4594208002090454,8,7,3,2560,7352,245,613,5da1c407274d9f2e64016876300738144d1a41605925a916babeba82ea35e9a6
11,975,1000,1.060995101928711,1.1210123697916667,0.19772070695610217,4.429604530334473,1.1210123697916667,0.19772070695610217,1.4108967383702595,0.0630018002095364,1.3395631909370422,0.12106418597538982,0.2898843685785928,0.2185508211453755,8,8,1,2560,7352,245,613,5da1c407274d9f2e64016876300738144d1a41605925a916babeba82ea35e9a6
23,950,1000,1.0037666857242584,1.0204578439394634,0.2181792034617621,4.751128196716309,1.0204578439394634,0.2181792034617621,1.2846444447835286,0.06138731412170718,1.1517478972673416,0.21363677557970293,0.2641866008440652,0.13129005332787824,8,8,1,2560,7352,245,613,5da1c407274d9f2e64016876300738144d1a41605925a916babeba82ea35e9a6
37,950,1000,0.9792698621749878,1.0009719133377075,0.17446025373311472,4.513389587402344,1.0009719133377075,0.17446025373311472,1.2241714398066204,0.05527504628196457,1.1840194463729858,0.10951620785397514,0.22319952646891283,0.18304753303527832,8,8,1,2560,7352,245,613,5da1c407274d9f2e64016876300738144d1a41605925a916babeba82ea35e9a6
11,650,900,0.727044939994812,0.6377655466397604,0.22402208366121995,2.482356071472168,0.6377655466397604,0.22402208366121995,1.0546523829301198,0.04572086065718381,1.021880067884922,0.05914157271104212,0.4168868362903594,0.38411452124516166,8,9,2,2560,7352,245,613,5da1c407274d9f2e64016876300738144d1a41605925a916babeba82ea35e9a6
23,1000,1000,0.7500423640012741,0.8459250132242838,0.2614591000763566,3.8413946628570557,0.8459250132242838,0.2614591000763566,1.267543077468872,0.06589808252388228,1.232774555683136,0.07275250259678111,0.42161806424458825,0.38684954245885217,8,9,2,2560,7352,245,613,5da1c407274d9f2e64016876300738144d1a41605925a916babeba82ea35e9a6
37,950,1000,0.7743783295154572,0.8782862027486166,0.2914786034432548,3.654411792755127,0.8782862027486166,0.2914786034432548,1.287048578262329,0.06655989878085165,1.2691033482551575,0.06058548162014973,0.40876237551371253,0.3908171455065409,8,9,2,2560,7352,245,613,5da1c407274d9f2e64016876300738144d1a41605925a916babeba82ea35e9a6
11,925,1000,1.1789358854293823,0.9059963822364807,0.3188957304053588,5.099234580993652,0.9059963822364807,0.3188957304053588,1.3050018946329753,0.07500396337088865,1.2995286583900452,0.09424647455491236,0.3990055123964946,0.39353227615356445,8,10,2,2560,7352,245,613,5da1c407274d9f2e64016876300738144d1a41605925a916babeba82ea35e9a6
23,850,1000,1.1233946084976196,0.935371552904447,0.2580534326102642,4.960005760192871,0.935371552904447,0.2580534326102642,1.1925917466481526,0.07071448415687766,1.212967574596405,0.08979951550170114,0.25722019374370564,0.2775960216919581,8,10,2,2560,7352,245,613,5da1c407274d9f2e64016876300738144d1a41605925a916babeba82ea35e9a6
37,875,1000,1.0209342390298843,0.7435455769300461,0.27809504344645863,4.243675231933594,0.7435455769300461,0.27809504344645863,1.0089164177576702,0.07542375517315936,1.032811164855957,0.08306203015777346,0.2653708408276241,0.28926558792591095,8,10,2,2560,7352,245,613,5da1c407274d9f2e64016876300738144d1a41605925a916babeba82ea35e9a6
11,850,1000,0.8258400708436966,0.686850979924202,0.40257903879397167,3.420186758041382,0.686850979924202,0.40257903879397167,0.9774771134058634,0.07701741476153601,1.028724193572998,0.10388782951366514,0.29062613348166144,0.3418732136487961,8,11,3,2560,7352,245,613,5da1c407274d9f2e64016876300738144d1a41605925a916babeba82ea35e9a6
23,800,1000,0.8354275673627853,0.7497375309467316,0.2544197788443782,3.5806171894073486,0.7497375309467316,0.2544197788443782,1.0397999087969463,0.05256570360144258,1.0379969254136086,0.10011343781560451,0.2900623778502147,0.288259394466877,8,11,3,2560,7352,245,613,5da1c407274d9f2e64016876300738144d1a41605925a916babeba82ea35e9a6
37,850,1000,0.8544883280992508,0.6871745636065801,0.3806019457412447,3.5156421661376953,0.6871745636065801,0.3806019457412447,0.9586085478464762,0.055181393824828257,0.9914392232894897,0.07709873554739341,0.27143398423989606,0.3042646596829096,8,11,3,2560,7352,245,613,5da1c407274d9f2e64016876300738144d1a41605925a916babeba82ea35e9a6
11,925,1000,0.8787109553813934,1.0931569039821625,0.1678203745061705,4.882546901702881,1.0931569039821625,0.1678203745061705,1.3755481243133545,0.07613237986212835,1.3371864557266235,0.08470006435362665,0.282391220331192,0.24402955174446106,8,12,2,2560,7352,245,613,5da1c407274d9f2e64016876300738144d1a41605925a916babeba82ea35e9a6
23,850,1000,0.8467565029859543,1.0177781184514363,0.177338111904577,4.2947001457214355,1.0177781184514363,0.177338111904577,1.3999468485514324,0.07109918687074902,1.3113179802894592,0.1414242633937639,0.3821687300999961,0.29353986183802294,8,12,2,2560,7352,245,613,5da1c407274d9f2e64016876300738144d1a41605925a916babeba82ea35e9a6
37,1000,1000,0.8643009215593338,1.090571363766988,0.18835700230992936,4.9449462890625,1.090571363766988,0.18835700230992936,1.463383952776591,0.052389392473349235,1.3492045998573303,0.09306576582777909,0.372812589009603,0.2586332360903423,8,12,2,2560,7352,245,613,5da1c407274d9f2e64016876300738144d1a41605925a916babeba82ea35e9a6
11,775,1000,0.6956218481063843,0.6741248468557993,0.2949834728426405,2.3228893280029297,0.6741248468557993,0.2949834728426405,1.1547207832336426,0.07821199821272411,1.122582733631134,0.06986251600133889,0.48059593637784326,0.4484578867753347,8,13,3,2560,7352,245,613,5da1c407274d9f2e64016876300738144d1a41605925a916babeba82ea35e9a6
23,750,1000,0.7635777741670609,0.7254905998706818,0.26716680681876454,2.2864015102386475,0.7254905998706818,0.26716680681876454,1.1417124172051747,0.07207284297134584,1.09696613997221,0.07863421936563689,0.4162218173344929,0.37147554010152817,8,13,3,2560,7352,245,613,5da1c407274d9f2e64016876300738144d1a41605925a916babeba82ea35e9a6
37,925,1000,0.7675647288560867,0.6949712485074997,0.3024292530655607,2.744560956954956,0.6949712485074997,0.3024292530655607,1.1809384028116863,0.10136382055834851,1.1379960179328918,0.08958976654315015,0.4859671543041866,0.44302476942539215,8,13,3,2560,7352,245,613,5da1c407274d9f2e64016876300738144d1a41605925a916babeba82ea35e9a6
11,975,1000,1.0190908759832382,0.9487709204355875,0.35092685612640545,5.008944511413574,0.9487709204355875,0.35092685612640545,1.1843341986338298,0.09262010812088907,1.2162424325942993,0.08030833202845661,0.2355632781982423,0.2674715121587118,8,14,3,2560,7352,245,613,5da1c407274d9f2e64016876300738144d1a41605925a916babeba82ea35e9a6
23,975,1000,0.9380567371845245,0.9076089834173521,0.34614232876302486,5.381508827209473,0.9076089834173521,0.34614232876302486,1.1305221716562908,0.12308648021636816,1.1621254086494446,0.06832612911467512,0.2229131882389387,0.2545164252320925,8,14,3,2560,7352,245,613,5da1c407274d9f2e64016876300738144d1a41605925a916babeba82ea35e9a6
37,975,1000,0.9917805194854736,0.9330391387144724,0.3604667153618497,5.325774669647217,0.9330391387144724,0.3604667153618497,1.0360061526298523,0.14160354052456756,1.1666805744171143,0.07772595356343989,0.10296701391537988,0.23364143570264184,8,14,3,2560,7352,245,613,5da1c407274d9f2e64016876300738144d1a41605925a916babeba82ea35e9a6
11,875,1000,0.7569254711270332,0.666081910332044,0.34817068131258094,3.8702781200408936,0.666081910332044,0.34817068131258094,0.9750356177488962,0.08699028070876028,0.9451884627342224,0.08899135210538453,0.30895370741685224,0.2791065524021784,8,15,4,2560,7352,245,613,5da1c407274d9f2e64016876300738144d1a41605925a916babeba82ea35e9a6
23,975,1000,0.7722294256091118,0.7434329986572266,0.2637475479205848,4.055974960327148,0.7434329986572266,0.2637475479205848,0.9734102090199789,0.05147826009323401,0.9996663928031921,0.09057647762832453,0.22997721036275232,0.2562333941459656,8,15,4,2560,7352,245,613,5da1c407274d9f2e64016876300738144d1a41605925a916babeba82ea35e9a6
37,850,1000,0.7786316275596619,0.6710139065980911,0.2955267032818165,3.7305655479431152,0.6710139065980911,0.2955267032818165,0.9159194628397623,0.045327951102510075,0.8929256796836853,0.08832621458285123,0.2449055562416712,0.22191177308559418,8,15,4,2560,7352,245,613,5da1c407274d9f2e64016876300738144d1a41605925a916babeba82ea35e9a6
11,1000,1000,0.8331925868988037,0.8715354204177856,0.44214144882401696,2.9484195709228516,0.8715354204177856,0.44214144882401696,1.3294059832890828,0.06622987974631903,1.3378098607063293,0.056788581909468554,0.4578705628712971,0.4662744402885437,9,1,1,2560,7352,245,613,5da1c407274d9f2e64016876300738144d1a41605925a916babeba82ea35e9a6
23,700,950,0.7849655598402023,0.7761680682500204,0.4191783079981676,2.4711813926696777,0.7761680682500204,0.4191783079981676,1.1684685548146565,0.058655234963408055,1.1986085772514343,0.06967251122224764,0.3923004865646361,0.42244050900141394,9,1,1,2560,7352,245,613,5da1c407274d9f2e64016876300738144d1a41605925a916babeba82ea35e9a6
37,1000,1000,0.7169816046953201,0.7475202480951945,0.43817984082921535,2.97605299949646,0.7475202480951945,0.43817984082921535,1.246213674545288,0.04286632158453582,1.225733757019043,0.05464402705837735,0.4986934264500936,0.4782135089238485,9,1,1,2560,7352,245,613,5da1c407274d9f2e64016876300738144d1a41605925a916babeba82ea35e9a6
11,1000,1000,1.3620569705963135,1.121155063311259,0.385181801413662,6.367461681365967,1.121155063311259,0.385181801413662,1.4864590962727864,0.05101262121885416,1.4471614956855774,0.057374882598067715,0.36530403296152736,0.32600643237431837,9,2,1,2560,7352,245,613,5da1c407274d9f2e64016876300738144d1a41605925a916babeba82ea35e9a6
23,800,1000,1.1694120317697525,1.046819766362508,0.42149854338395387,5.305355072021484,1.046819766362508,0.42149854338395387,1.396687388420105,0.0691011702455152,1.4028726816177368,0.06202151312537489,0.3498676220575969,0.35605291525522875,9,2,1,2560,7352,245,613,5da1c407274d9f2e64016876300738144d1a41605925a916babeba82ea35e9a6
37,975,1000,1.2279893159866333,1.1164059241612752,0.4392690849952345,6.071826457977295,1.1164059241612752,0.4392690849952345,1.4823317925135295,0.04564410853874996,1.4544926881790161,0.07065064472240284,0.3659258683522544,0.33808676401774096,9,2,1,2560,7352,245,613,5da1c407274d9f2e64016876300738144d1a41605925a916babeba82ea35e9a6
11,975,1000,0.8290958479046822,0.855090782046318,0.39173322652749765,3.9851222038269043,0.855090782046318,0.39173322652749765,1.1363787651062012,0.06811918882707868,1.1836923956871033,0.08033321295408394,0.2812879830598831,0.3286016136407852,9,3,2,2560,7352,245,613,5da1c407274d9f2e64016876300738144d1a41605925a916babeba82ea35e9a6
23,900,1000,0.8306443691253662,0.6232726176579794,0.5659291236250157,3.6104321479797363,0.6232726176579794,0.5659291236250157,1.0598451693852742,0.04543675541324347,1.0985278487205505,0.06321025587355865,0.4365725517272948,0.47525523106257117,9,3,2,2560,7352,245,613,5da1c407274d9f2e64016876300738144d1a41605925a916babeba82ea35e9a6
37,550,800,0.728446364402771,0.3064621289571126,0.6961644242870585,2.682391881942749,0.3064621289571126,0.6961644242870585,0.3183399836222331,1.166223543929726,0.8623799681663513,0.05626985661226957,0.01187785466512048,0.5559178392092388,9,3,2,2560,7352,245,613,5da1c407274d9f2e64016876300738144d1a41605925a916babeba82ea35e9a6
11,975,1000,1.056750550866127,0.9573874473571777,0.2168061261457108,4.738947868347168,0.9573874473571777,0.2168061261457108,1.1610751152038574,0.11998782442550675,1.1301896572113037,0.04897675221015984,0.2036876678466797,0.17280220985412598,9,4,1,2560,7352,245,613,5da1c407274d9f2e64016876300738144d1a41605925a916babeba82ea35e9a6
23,975,1000,0.986852765083313,1.0305954416592915,0.18481046043812416,4.842299938201904,1.0305954416592915,0.18481046043812416,1.1921621958414714,0.06052335655810058,1.1051039546728134,0.19276373169352826,0.16156675418217992,0.0745085130135219,9,4,1,2560,7352,245,613,5da1c407274d9f2e64016876300738144d1a41605925a916babeba82ea35e9a6
37,925,1000,1.0617910623550415,1.0866175095240276,0.2235475176341776,4.639784812927246,1.0866175095240276,0.2235475176341776,1.3521827459335327,0.06390711608367605,1.242916464805603,0.06712917444938184,0.26556523640950513,0.15629895528157545,9,4,1,2560,7352,245,613,5da1c407274d9f2e64016876300738144d1a41605925a916babeba82ea35e9a6
11,750,1000,0.6889264583587646,0.6862013836701711,0.2890373675152806,2.2913479804992676,0.6862013836701711,0.2890373675152806,1.0984639326731365,0.04520270947900882,1.1376386284828186,0.030227628944047024,0.41226254900296533,0.45143724481264746,9,5,2,2560,7352,245,613,5da1c407274d9f2e64016876300738144d1a41605925a916babeba82ea35e9a6
23,675,925,0.6900298669934273,0.637805332740148,0.31793114474708106,2.079261302947998,0.637805332740148,0.31793114474708106,1.0314091742038727,0.033926086820497955,1.076927237212658,0.05120347298030407,0.39360384146372474,0.43912190447251,9,5,2,2560,7352,245,613,5da1c407274d9f2e64016876300738144d1a41605925a916babeba82ea35e9a6
37,975,1000,0.7441705018281937,0.6810911496480306,0.3159055976093625,2.555922508239746,0.6810911496480306,0.3159055976093625,1.1463065942128499,0.05804405920848446,1.1526943445205688,0.058319949718852876,0.4652154445648192,0.4716031948725382,9,5,2,2560,7352,245,613,5da1c407274d9f2e64016876300738144d1a41605925a916babeba82ea35e9a6
11,1000,1000,1.1811921745538712,0.9329552253087362,0.4110690986051957,5.28973913192749,0.9329552253087362,0.4110690986051957,1.2499267260233562,0.12016070751364696,1.2854304909706116,0.05068761647219058,0.31697150071462,0.35247526566187537,9,6,2,2560,7352,245,613,5da1c407274d9f2e64016876300738144d1a41605925a916babeba82ea35e9a6
23,950,1000,1.135764241218567,0.9632617632548014,0.3866765863423626,5.367245674133301,0.9632617632548014,0.3866765863423626,1.2489627997080486,0.08808529595467421,1.2475185990333557,0.05279388690287578,0.2857010364532472,0.2842568357785543,9,6,2,2560,7352,245,613,5da1c407274d9f2e64016876300738144d1a41605925a916babeba82ea35e9a6
37,950,1000,1.1115271002054214,0.7959269384543101,0.39177254589289506,5.122345447540283,0.7959269384543101,0.39177254589289506,1.096512774626414,0.08819460166241777,1.1409267783164978,0.07000246311245936,0.300585836172104,0.34499983986218774,9,6,2,2560,7352,245,613,5da1c407274d9f2e64016876300738144d1a41605925a916babeba82ea35e9a6
11,900,1000,0.7951204851269722,0.6732154190540314,0.38639412136449897,3.5256478786468506,0.6732154190540314,0.38639412136449897,0.9509848753611246,0.059424291994939836,0.9555456787347794,0.06084167350939933,0.27776945630709327,0.282330259680748,9,7,3,2560,7352,245,613,5da1c407274d9f2e64016876300738144d1a41605925a916babeba82ea35e9a6
23,925,1000,0.7730961963534355,0.4950854778289795,0.5492423237904204,3.295427083969116,0.4950854778289795,0.5492423237904204,0.8432214260101318,0.2409419784657708,0.9433658123016357,0.0731645374715797,0.34813594818115234,0.44828033447265625,9,7,3,2560,7352,245,613,5da1c407274d9f2e64016876300738144d1a41605925a916babeba82ea35e9a6
37,800,1000,0.7596740275621414,0.5374491860469183,0.5154266618745114,3.2386257648468018,0.5374491860469183,0.5154266618745114,0.9640386501948038,0.04961849986428101,0.9583508372306824,0.08353441210486635,0.42658946414788557,0.4209016511837641,9,7,3,2560,7352,245,613,5da1c407274d9f2e64016876300738144d1a41605925a916babeba82ea35e9a6
11,675,925,0.9578816890716553,0.9417133927345276,0.21125855431054402,3.2568747997283936,0.9417133927345276,0.21125855431054402,1.2202974955240886,0.026414096329247964,1.1857523918151855,0.08577609903917319,0.27858410278956103,0.24403899908065796,9,8,1,2560,7352,245,613,5da1c407274d9f2e64016876300738144d1a41605925a916babeba82ea35e9a6
23,625,875,0.9957736879587173,1.0031495690345764,0.17284488087308938,3.3241474628448486,1.0031495690345764,0.17284488087308938,1.1882394154866536,0.04820030317341702,1.1644629761576653,0.09896710360201007,0.18508984645207716,0.16131340712308884,9,8,1,2560,7352,245,613,5da1c407274d9f2e64016876300738144d1a41605925a916babeba82ea35e9a6
37,950,1000,1.0820025205612183,1.1436609824498494,0.22435061739972162,4.561221122741699,1.1436609824498494,0.22435061739972162,1.399548093477885,0.05872018936197896,1.378887951374054,0.12385512902479659,0.25588711102803563,0.23522696892420458,9,8,1,2560,7352,245,613,5da1c407274d9f2e64016876300738144d1a41605925a916babeba82ea35e9a6
11,800,1000,0.7732750177383423,0.7736033101876577,0.27022988137136045,3.036846160888672,0.7736033101876577,0.27022988137136045,1.1818146705627441,0.06863289921127663,1.1583588123321533,0.04245918095509621,0.40821136037508643,0.3847555021444956,9,9,2,2560,7352,245,613,5da1c407274d9f2e64016876300738144d1a41605925a916babeba82ea35e9a6
23,800,1000,0.8266928195953369,0.7563664068778356,0.24684894184218795,2.8545892238616943,0.7563664068778356,0.24684894184218795,1.1246451536814372,0.06925547718880565,1.1472497582435608,0.05529025450629477,0.3682787468036016,0.39088335136572516,9,9,2,2560,7352,245,613,5da1c407274d9f2e64016876300738144d1a41605925a916babeba82ea35e9a6
37,975,1000,0.7715054824948311,0.8487695455551147,0.2575431291631064,3.4993104934692383,0.8487695455551147,0.2575431291631064,1.2629977067311604,0.07660141215540256,1.2293026447296143,0.060622781594053196,0.41422816117604566,0.3805330991744995,9,9,2,2560,7352,245,613,5da1c407274d9f2e64016876300738144d1a41605925a916babeba82ea35e9a6
11,925,1000,1.137191891670227,0.9216169466574987,0.29741605036335245,4.584134578704834,0.9216169466574987,0.29741605036335245,1.2096619606018066,0.06388428031504349,1.2020946741104126,0.08959561230779972,0.2880450139443079,0.2804777274529139,9,10,2,2560,7352,245,613,5da1c407274d9f2e64016876300738144d1a41605925a916babeba82ea35e9a6
23,575,825,0.9819955825805664,0.7966415484746298,0.29547322496920897,3.644132614135742,0.7966415484746298,0.29547322496920897,0.9824877977371216,0.0707236298149546,0.9982919096946716,0.08192239440128751,0.18584624926249182,0.20165036122004187,9,10,2,2560,7352,245,613,5da1c407274d9f2e64016876300738144d1a41605925a916babeba82ea35e9a6
37,1000,1000,1.1225326210260391,1.1079914669195812,0.36693131504014803,5.683402061462402,1.1079914669195812,0.36693131504014803,1.3321340084075928,0.08052998029671826,1.3657963871955872,0.09902803933209643,0.2241425414880116,0.257804920276006,9,10,2,2560,7352,245,613,5da1c407274d9f2e64016876300738144d1a41605925a916babeba82ea35e9a6
11,875,1000,0.8135993480682373,0.5039281050364176,0.6221934252149236,3.5131568908691406,0.5039281050364176,0.6221934252149236,0.9266868432362875,0.1256826877654137,0.9835469126701355,0.1209593400562703,0.42275873819986987,0.4796188076337179,9,11,3,2560,7352,245,613,5da1c407274d9f2e64016876300738144d1a41605925a916babeba82ea35e9a6
23,1000,1000,0.8715109527111053,0.46816877524058026,0.7611516779379901,3.8048293590545654,0.46816877524058026,0.7611516779379901,0.9361594915390015,0.08563410134112948,1.0492189526557922,0.08961189563120964,0.4679907162984212,0.5810501774152119,9,11,3,2560,7352,245,613,5da1c407274d9f2e64016876300738144d1a41605925a916babeba82ea35e9a6
37,925,1000,0.8881237506866455,0.5776363611221313,0.6259231169138652,3.980288028717041,0.5776363611221313,0.6259231169138652,0.9575724999109904,0.09925044268928016,1.037041425704956,0.1302109670942801,0.379936138788859,0.4594050645828247,9,11,3,2560,7352,245,613,5da1c407274d9f2e64016876300738144d1a41605925a916babeba82ea35e9a6
11,775,1000,0.927834153175354,0.8956524133682251,0.1699841629536074,4.60328483581543,0.8956524133682251,0.1699841629536074,1.244171102841695,0.05201138845096404,1.1891472935676575,0.0924443078955167,0.34851868947347,0.2934948801994324,9,12,2,2560,7352,245,613,5da1c407274d9f2e64016876300738144d1a41605925a916babeba82ea35e9a6
23,1000,1000,0.882741205394268,0.8677957057952881,0.28490730347003534,5.519609451293945,0.8677957057952881,0.28490730347003534,1.2731985251108806,0.11735803473192696,1.1393545269966125,0.30691709098006226,0.4054028193155925,0.27155882120132446,9,12,2,2560,7352,245,613,5da1c407274d9f2e64016876300738144d1a41605925a916babeba82ea35e9a6
37,900,1000,0.8709690570831299,0.9706978003184,0.1789771694817271,4.383068084716797,0.9706978003184,0.1789771694817271,1.3036010265350342,0.0383506555588188,1.2134267091751099,0.07425591624332023,0.33290322621663415,0.24272890885670984,9,12,2,2560,7352,245,613,5da1c407274d9f2e64016876300738144d1a41605925a916babeba82ea35e9a6
11,675,925,0.7201495617628098,0.6300203651189804,0.29842624754447333,2.3392980098724365,0.6300203651189804,0.29842624754447333,1.123545487721761,0.07637156951137607,1.067281424999237,0.08359748894980158,0.4935251226027806,0.43726105988025665,9,13,3,2560,7352,245,613,5da1c407274d9f2e64016876300738144d1a41605925a916babeba82ea35e9a6
23,900,1000,0.7565366476774216,0.7986883322397867,0.25205217599883656,2.9762001037597656,0.7986883322397867,0.25205217599883656,1.2701505025227864,0.08357253335114175,1.2659499645233154,0.06598201732202519,0.47146217028299964,0.4672616322835287,9,13,3,2560,7352,245,613,5da1c407274d9f2e64016876300738144d1a41605925a916babeba82ea35e9a6
37,575,825,0.6184408739209175,0.5668731133143107,0.2649599067236668,1.9854825735092163,0.5668731133143107,0.2649599067236668,1.0334749122460682,0.05589263301353249,0.980768084526062,0.045639133833021636,0.46660179893175757,0.41389497121175134,9,13,3,2560,7352,245,613,5da1c407274d9f2e64016876300738144d1a41605925a916babeba82ea35e9a6
11,1000,1000,1.0053571537137032,0.9410465558369955,0.46710831376731177,5.440351486206055,0.9410465558369955,0.46710831376731177,1.166997989018758,0.12159202763239965,1.1953870058059692,0.07447371803940402,0.22595143318176258,0.25434044996897376,9,14,3,2560,7352,245,613,5da1c407274d9f2e64016876300738144d1a41605925a916babeba82ea35e9a6
23,875,1000,0.9918919801712036,0.959510882695516,0.3579810620167455,5.087198257446289,0.959510882695516,0.3579810620167455,1.1871161460876465,0.061384038407633616,1.2232128381729126,0.06784239931071295,0.2276052633921305,0.2637019554773966,9,14,3,2560,7352,245,613,5da1c407274d9f2e64016876300738144d1a41605925a916babeba82ea35e9a6
37,1000,1000,0.985787957906723,1.0337669253349304,0.34030886661387966,5.713313102722168,1.0337669253349304,0.34030886661387966,1.2700645923614502,0.09863463766779028,1.263056755065918,0.03473147606968478,0.23629766702651978,0.22928982973098755,9,14,3,2560,7352,245,613,5da1c407274d9f2e64016876300738144d1a41605925a916babeba82ea35e9a6
11,975,1000,0.8374269008636475,0.5876964380343755,0.42151420090979613,4.317663669586182,0.5876964380343755,0.42151420090979613,0.9296168982982635,0.08181259891653594,0.9015924856066704,0.09152644276645448,0.341920460263888,0.31389604757229483,9,15,4,2560,7352,245,613,5da1c407274d9f2e64016876300738144d1a41605925a916babeba82ea35e9a6
23,625,875,0.6411596611142159,0.6550298581520716,0.29890736763173087,3.0198357105255127,0.6550298581520716,0.29890736763173087,0.8739763100941976,0.05504187216621706,0.8680747151374817,0.09194323516164639,0.21894645194212603,0.2130448569854101,9,15,4,2560,7352,245,613,5da1c407274d9f2e64016876300738144d1a41605925a916babeba82ea35e9a6
37,975,1000,0.829898826777935,0.7527474934856097,0.35791941121978815,4.426321506500244,0.7527474934856097,0.35791941121978815,1.0505409240722656,0.10434990885631976,1.0421517118811607,0.11262743066021244,0.29779343058665597,0.2894042183955511,9,15,4,2560,7352,245,613,5da1c407274d9f2e64016876300738144d1a41605925a916babeba82ea35e9a6
11,650,900,0.6372451782226562,0.6500426530838013,0.3788979726425889,1.7732963562011719,0.6500426530838013,0.3788979726425889,1.0843520561854045,0.049388345464994446,1.098029375076294,0.05467559499313925,0.43430940310160326,0.4479867219924927,10,1,1,2560,7352,245,613,5da1c407274d9f2e64016876300738144d1a41605925a916babeba82ea35e9a6
23,925,1000,0.7827633172273636,0.8360575834910074,0.33188505552399045,2.9988481998443604,0.8360575834910074,0.33188505552399045,1.2789955139160156,0.04784093511441825,1.293019413948059,0.06412582898629939,0.4429379304250082,0.45696183045705163,10,1,1,2560,7352,245,613,5da1c407274d9f2e64016876300738144d1a41605925a916babeba82ea35e9a6
37,950,1000,0.7922320365905762,0.7724723021189371,0.5101701395049276,3.1288533210754395,0.7724723021189371,0.5101701395049276,1.1982299486796062,0.08667699991275399,1.259786069393158,0.08526320642292581,0.42575764656066906,0.4873137672742208,10,1,1,2560,7352,245,613,5da1c407274d9f2e64016876300738144d1a41605925a916babeba82ea35e9a6
11,1000,1000,1.272236943244934,1.0328369935353596,0.36998507734022634,6.03057861328125,1.0328369935353596,0.36998507734022634,1.3426289558410645,0.0564271005431119,1.3461886644363403,0.07060653231233352,0.3097919623057048,0.3133516709009807,10,2,1,2560,7352,245,613,5da1c407274d9f2e64016876300738144d1a41605925a916babeba82ea35e9a6
23,1000,1000,1.2538566589355469,1.0599044561386108,0.44436966314928295,6.8430070877075195,1.0599044561386108,0.44436966314928295,1.4421541690826416,0.03587966185799565,1.4461708068847656,0.0725016351894427,0.38224971294403076,0.3862663507461548,10,2,1,2560,7352,245,613,5da1c407274d9f2e64016876300738144d1a41605925a916babeba82ea35e9a6
37,975,1000,1.2742316722869873,1.1402949094772339,0.4106777346480833,6.178928375244141,1.1402949094772339,0.4106777346480833,1.4785194794336955,0.06864146728107005,1.4592340588569641,0.06789081427723061,0.33822456995646166,0.3189391493797302,10,2,1,2560,7352,245,613,5da1c407274d9f2e64016876300738144d1a41605925a916babeba82ea35e9a6
11,625,875,0.7950264662504196,0.7253945718208948,0.39622800609531916,3.1476924419403076,0.7253945718208948,0.39622800609531916,0.9359560012817383,0.07182878281838273,1.006603479385376,0.05944255095708973,0.21056142946084344,0.28120890756448114,10,3,2,2560,7352,245,613,5da1c407274d9f2e64016876300738144d1a41605925a916babeba82ea35e9a6
23,725,975,0.8871147632598877,0.38424428800741833,0.930537838147093,3.2697935104370117,0.38424428800741833,0.930537838147093,0.9286371072133383,0.1849757135129635,1.0542752146720886,0.09839260028734344,0.54439281920592,0.6700309266646702,10,3,2,2560,7352,245,613,5da1c407274d9f2e64016876300738144d1a41605925a916babeba82ea35e9a6
37,875,1000,0.893610954284668,0.7609242300192515,0.3784382652458057,3.78009295463562,0.7609242300192515,0.3784382652458057,1.0581621527671814,0.08341214020591353,1.10603416711092,0.05906363602203256,0.29723792274792993,0.3451099370916685,10,3,2,2560,7352,245,613,5da1c407274d9f2e64016876300738144d1a41605925a916babeba82ea35e9a6
11,1000,1000,1.1249362081289291,0.9885002275307974,0.22646169742598177,5.050403118133545,0.9885002275307974,0.22646169742598177,1.224825143814087,0.07989215975153167,1.1482663303613663,0.21811052614129778,0.23632491628328955,0.1597661028305689,10,4,1,2560,7352,245,613,5da1c407274d9f2e64016876300738144d1a41605925a916babeba82ea35e9a6
23,875,1000,1.0897869020700455,1.041059931119283,0.19227956841750202,4.544347286224365,1.041059931119283,0.19227956841750202,1.2809830109278362,0.07583487957548471,1.0383580923080444,0.2114541170290194,0.2399230798085532,0.0027018388112385328,10,4,1,2560,7352,245,613,5da1c407274d9f2e64016876300738144d1a41605925a916babeba82ea35e9a6
37,1000,1000,1.1001604795455933,0.9694515069325765,0.23137560793565967,4.580636501312256,0.9694515069325765,0.23137560793565967,1.2345343430836995,0.0814943514034617,1.0603898763656616,0.25643812106970465,0.26508283615112294,0.09093836943308509,10,4,1,2560,7352,245,613,5da1c407274d9f2e64016876300738144d1a41605925a916babeba82ea35e9a6
11,800,1000,0.7195575311779976,0.7389405270417532,0.29630962176969905,2.5510571002960205,0.7389405270417532,0.29630962176969905,1.1818533738454182,0.03238699096489038,1.2146767377853394,0.038614451965589554,0.44291284680366505,0.4757362107435862,10,5,2,2560,7352,245,613,5da1c407274d9f2e64016876300738144d1a41605925a916babeba82ea35e9a6
23,1000,1000,0.7909259796142578,0.7902456919352213,0.2907226553341873,3.136359930038452,0.7902456919352213,0.2907226553341873,1.2854204972585042,0.07528652811544359,1.3035675883293152,0.049501729690100346,0.49517480532328284,0.5133218963940939,10,5,2,2560,7352,245,613,5da1c407274d9f2e64016876300738144d1a41605925a916babeba82ea35e9a6
37,775,1000,0.7409227639436722,0.6961479683717092,0.3349493638291145,2.297696590423584,0.6961479683717092,0.3349493638291145,1.146267255147298,0.06312630847548854,1.2079629302024841,0.06796388383131059,0.4501192867755889,0.5118149618307749,10,5,2,2560,7352,245,613,5da1c407274d9f2e64016876300738144d1a41605925a916babeba82ea35e9a6
11,1000,1000,1.138547420501709,0.9241139441728592,0.3673412559170317,5.282495498657227,0.9241139441728592,0.3673412559170317,1.18826162815094,0.10776839676639162,1.2215490341186523,0.04149532835499985,0.26414768397808075,0.29743508994579315,10,6,2,2560,7352,245,613,5da1c407274d9f2e64016876300738144d1a41605925a916babeba82ea35e9a6
23,800,1000,1.0850515440106392,0.8489436010519663,0.4083520883531838,4.658510208129883,0.8489436010519663,0.4083520883531838,1.1530198256174724,0.09730509876327217,1.187719464302063,0.05834033583803716,0.3040762245655061,0.3387758632500967,10,6,2,2560,7352,245,613,5da1c407274d9f2e64016876300738144d1a41605925a916babeba82ea35e9a6
37,975,1000,1.1255242973566055,0.9162456591924032,0.3859845639187963,5.706756114959717,0.9162456591924032,0.3859845639187963,1.2079089085261028,0.08633061793488679,1.231645107269287,0.05890268081581769,0.2916632493336996,0.3153994480768839,10,6,2,2560,7352,245,613,5da1c407274d9f2e64016876300738144d1a41605925a916babeba82ea35e9a6
11,600,850,0.7275113500654697,0.5971004168192545,0.34041832528029853,2.59480881690979,0.5971004168192545,0.34041832528029853,0.8385294278462728,0.05235776789648541,0.867440402507782,0.04965440411442919,0.2414290110270183,0.27033998568852746,10,7,3,2560,7352,245,613,5da1c407274d9f2e64016876300738144d1a41605925a916babeba82ea35e9a6
23,950,1000,0.7687886208295822,0.7237594599525133,0.41089981836460215,3.794766664505005,0.7237594599525133,0.41089981836460215,1.0362064043680828,0.05392869635979435,1.0200136601924896,0.046551891347900685,0.3124469444155694,0.2962542002399763,10,7,3,2560,7352,245,613,5da1c407274d9f2e64016876300738144d1a41605925a916babeba82ea35e9a6
37,925,1000,0.7738219499588013,0.7157164812088013,0.3557458580003866,3.900217056274414,0.7157164812088013,0.3557458580003866,0.9832843542098999,0.05891192512587693,1.0239081382751465,0.04952645887667604,0.26756787300109863,0.3081916570663452,10,7,3,2560,7352,245,613,5da1c407274d9f2e64016876300738144d1a41605925a916babeba82ea35e9a6
11,850,1000,1.0041135549545288,1.008565624554952,0.2536299733370276,4.123132228851318,1.008565624554952,0.2536299733370276,1.3313259681065877,0.04109771701024553,1.3063348531723022,0.0675486630623198,0.32276034355163574,0.29776922861735033,10,8,1,2560,7352,245,613,5da1c407274d9f2e64016876300738144d1a41605925a916babeba82ea35e9a6
23,975,1000,1.1552157551050186,1.1634119351704915,0.1985427488683838,5.154694557189941,1.1634119351704915,0.1985427488683838,1.4416677157084148,0.03151399803796116,1.4316622614860535,0.10059748704678007,0.2782557805379233,0.268250326315562,10,8,1,2560,7352,245,613,5da1c407274d9f2e64016876300738144d1a41605925a916babeba82ea35e9a6
37,1000,1000,1.2464607954025269,1.1947978337605794,0.28623603065344844,5.148271083831787,1.1947978337605794,0.28623603065344844,1.5755008459091187,0.04102623334058635,1.4673480987548828,0.10779118172345496,0.3807030121485393,0.27255026499430346,10,8,1,2560,7352,245,613,5da1c407274d9f2e64016876300738144d1a41605925a916babeba82ea35e9a6
11,875,1000,0.8242613151669502,0.8035667290290197,0.26518199981533375,3.2238762378692627,0.8035667290290197,0.26518199981533375,1.2307111819585164,0.07558093335989013,1.235782504081726,0.07373129230863358,0.42714445292949665,0.43221577505270636,10,9,2,2560,7352,245,613,5da1c407274d9f2e64016876300738144d1a41605925a916babeba82ea35e9a6
23,975,1000,0.8173913955688477,0.8035916139682134,0.23321449888575915,3.5338964462280273,0.8035916139682134,0.23321449888575915,1.2636754910151164,0.06249112360946816,1.219359576702118,0.06909923005723681,0.460083877046903,0.4157679627339045,10,9,2,2560,7352,245,613,5da1c407274d9f2e64016876300738144d1a41605925a916babeba82ea35e9a6
37,875,1000,0.860150933265686,0.7745759934186935,0.23425518213379704,3.218471050262451,0.7745759934186935,0.23425518213379704,1.2002993822097778,0.06576576706165047,1.1756788492202759,0.040842277614478256,0.4257233887910843,0.40110285580158234,10,9,2,2560,7352,245,613,5da1c407274d9f2e64016876300738144d1a41605925a916babeba82ea35e9a6
11,975,1000,1.1286543607711792,1.094087282816569,0.3977098538278166,5.398381233215332,1.094087282816569,0.3977098538278166,1.3284818331400554,0.06432673210656811,1.3376734852790833,0.0781074981775267,0.23439455032348633,0.24358620246251417,10,10,2,2560,7352,245,613,5da1c407274d9f2e64016876300738144d1a41605925a916babeba82ea35e9a6
23,950,1000,1.1083745807409286,1.0768277645111084,0.3452405116564846,5.488396167755127,1.0768277645111084,0.3452405116564846,1.344053586324056,0.07957497106707284,1.3803516626358032,0.07231313797335961,0.2672258218129475,0.3035238981246948,10,10,2,2560,7352,245,613,5da1c407274d9f2e64016876300738144d1a41605925a916babeba82ea35e9a6
37,875,1000,1.1315521001815796,0.9549553195635477,0.29646592552575046,4.739173412322998,0.9549553195635477,0.29646592552575046,1.140170007944107,0.09892655149026426,1.1694945693016052,0.06320423039900931,0.18521468838055932,0.2145392497380575,10,10,2,2560,7352,245,613,5da1c407274d9f2e64016876300738144d1a41605925a916babeba82ea35e9a6
11,950,1000,0.8083449006080627,0.253340482711792,1.196050730674886,3.5944840908050537,0.253340482711792,1.196050730674886,1.0066241423288982,0.08642726859033913,0.579318642616272,0.6596495928071024,0.7532836596171062,0.32597815990448,10,11,3,2560,7352,245,613,5da1c407274d9f2e64016876300738144d1a41605925a916babeba82ea35e9a6
23,800,1000,0.79720239341259,0.6849506298700968,0.3121684597710317,3.375265598297119,0.6849506298700968,0.3121684597710317,0.9626360336939493,0.03573234579637616,0.9988176822662354,0.09577634483288008,0.27768540382385254,0.31386705239613855,10,11,3,2560,7352,245,613,5da1c407274d9f2e64016876300738144d1a41605925a916babeba82ea35e9a6
37,850,1000,0.842822402715683,0.7037124236424764,0.4167041603529885,3.7323741912841797,0.7037124236424764,0.4167041603529885,1.0495465596516926,0.04878375365618588,1.050869658589363,0.11326125297246989,0.3458341360092162,0.34715723494688666,10,11,3,2560,7352,245,613,5da1c407274d9f2e64016876300738144d1a41605925a916babeba82ea35e9a6
11,1000,1000,0.8544531986117363,0.8924971024195353,0.18861544400654268,4.727252960205078,0.8924971024195353,0.18861544400654268,1.231634259223938,0.14954435790404635,1.1477798819541931,0.1676875308471533,0.3391371568044027,0.25528277953465783,10,12,2,2560,7352,245,613,5da1c407274d9f2e64016876300738144d1a41605925a916babeba82ea35e9a6
23,825,1000,0.9528619050979614,1.0478124817212422,0.17160873867438167,4.593132972717285,1.0478124817212422,0.17160873867438167,1.3853973547617595,0.03345207344260542,1.308248519897461,0.06782481752663067,0.3375848730405173,0.26043603817621874,10,12,2,2560,7352,245,613,5da1c407274d9f2e64016876300738144d1a41605925a916babeba82ea35e9a6
37,925,1000,0.9869079738855362,1.0661735534667969,0.21218066485286474,5.01402473449707,1.0661735534667969,0.21218066485286474,1.4066143035888672,0.07516128632626665,1.3488574028015137,0.07208525881629942,0.3404407501220703,0.2826838493347168,10,12,2,2560,7352,245,613,5da1c407274d9f2e64016876300738144d1a41605925a916babeba82ea35e9a6
11,825,1000,0.8148844316601753,0.8167801251014074,0.3172858537579852,2.651125907897949,0.8167801251014074,0.3172858537579852,1.3064151207605998,0.06072676670333137,1.2330178618431091,0.13210460345584027,0.48963499565919244,0.4162377367417017,10,13,3,2560,7352,245,613,5da1c407274d9f2e64016876300738144d1a41605925a916babeba82ea35e9a6
23,950,1000,0.7438108921051025,0.7706934909025828,0.2500010510943002,2.7345666885375977,0.7706934909025828,0.2500010510943002,1.2757027943929036,0.08980382495828015,1.24557226896286,0.06200024868886392,0.5050093034903208,0.47487877806027734,10,13,3,2560,7352,245,613,5da1c407274d9f2e64016876300738144d1a41605925a916babeba82ea35e9a6
37,925,1000,0.7606991529464722,0.7601177394390106,0.25231083091217155,2.746570110321045,0.7601177394390106,0.25231083091217155,1.2290192445119221,0.08933861199600993,1.2268466353416443,0.07978285664277822,0.4689015050729115,0.46672889590263367,10,13,3,2560,7352,245,613,5da1c407274d9f2e64016876300738144d1a41605925a916babeba82ea35e9a6
11,975,1000,0.970853216946125,0.9251704514026642,0.3737286708756849,5.168906211853027,0.9251704514026642,0.3737286708756849,1.128930886586507,0.08470822509876183,1.12185400724411,0.07174426196858713,0.2037604351838429,0.19668355584144592,10,14,3,2560,7352,245,613,5da1c407274d9f2e64016876300738144d1a41605925a916babeba82ea35e9a6
23,875,1000,0.9724695980548859,0.883650024731954,0.28923321551548337,4.845590114593506,0.883650024731954,0.28923321551548337,1.0789483487606049,0.08381258512367445,1.1330615282058716,0.06503948718720924,0.19529832402865088,0.2494115034739176,10,14,3,2560,7352,245,613,5da1c407274d9f2e64016876300738144d1a41605925a916babeba82ea35e9a6
37,1000,1000,1.0137808322906494,0.9714207450548807,0.32988265040174,5.311845302581787,0.9714207450548807,0.32988265040174,1.229632298151652,0.08449317726169217,1.2554901242256165,0.057115303580982275,0.25821155309677135,0.2840693791707357,10,14,3,2560,7352,245,613,5da1c407274d9f2e64016876300738144d1a41605925a916babeba82ea35e9a6
11,1000,1000,0.8714258968830109,0.45359867811203003,0.560204490087247,4.445788383483887,0.45359867811203003,0.560204490087247,1.0221764047940571,0.08531103887072809,0.938769057393074,0.17701647678505342,0.5685777266820271,0.485170379281044,10,15,4,2560,7352,245,613,5da1c407274d9f2e64016876300738144d1a41605925a916babeba82ea35e9a6
23,825,1000,0.7866812497377396,0.589943657318751,0.2758004414132964,3.823411703109741,0.589943657318751,0.2758004414132964,0.94796355565389,0.08544298936287589,0.9578676819801331,0.08599181118310306,0.35801989833513903,0.3679240246613821,10,15,4,2560,7352,245,613,5da1c407274d9f2e64016876300738144d1a41605925a916babeba82ea35e9a6
37,575,825,0.6806930229067802,0.5900564789772034,0.27812854681726307,2.601609468460083,0.5900564789772034,0.27812854681726307,0.8471761147181193,0.04636149829613279,0.854559063911438,0.06073120588802707,0.2571196357409159,0.2645025849342346,10,15,4,2560,7352,245,613,5da1c407274d9f2e64016876300738144d1a41605925a916babeba82ea35e9a6
11,650,900,0.6252669095993042,0.629846066236496,0.2926987135529953,1.8392970561981201,0.629846066236496,0.2926987135529953,1.0319804747899373,0.04685788656954828,1.037329688668251,0.053479353486047564,0.4021344085534413,0.40748362243175507,11,1,1,2560,7352,245,613,5da1c407274d9f2e64016876300738144d1a41605925a916babeba82ea35e9a6
23,975,1000,0.7622830867767334,0.7548916737238566,0.4782721181258557,2.913074254989624,0.7548916737238566,0.4782721181258557,1.1404614349206288,0.07398134067215857,1.1648380756378174,0.05442509320194596,0.3855697611967722,0.4099464019139608,11,1,1,2560,7352,245,613,5da1c407274d9f2e64016876300738144d1a41605925a916babeba82ea35e9a6
37,625,875,0.6003061085939407,0.6478221118450165,0.4020901673770678,2.0544586181640625,0.6478221118450165,0.4020901673770678,1.0885165532430012,0.04729551452124834,1.0930910781025887,0.058653121761013484,0.44069444139798475,0.4452689662575722,11,1,1,2560,7352,245,613,5da1c407274d9f2e64016876300738144d1a41605925a916babeba82ea35e9a6
11,875,1000,1.2400363683700562,1.0705382823944092,0.4069871332315095,5.84110689163208,1.0705382823944092,0.4069871332315095,1.4827678203582764,0.07092322689559159,1.4515284299850464,0.08176834305874435,0.4122295379638672,0.3809901475906372,11,2,1,2560,7352,245,613,5da1c407274d9f2e64016876300738144d1a41605925a916babeba82ea35e9a6
23,875,1000,1.1965360641479492,1.0383588473002117,0.35916778227986246,5.549867630004883,1.0383588473002117,0.35916778227986246,1.3783976236979167,0.029553640349660668,1.379373013973236,0.06609552180753267,0.3400387763977051,0.3410141666730244,11,2,1,2560,7352,245,613,5da1c407274d9f2e64016876300738144d1a41605925a916babeba82ea35e9a6
37,875,1000,1.2426087856292725,0.9882659117380778,0.4038785007546164,5.417529106140137,0.9882659117380778,0.4038785007546164,1.3405739068984985,0.03587707087677501,1.309263288974762,0.08217092927488939,0.3523079951604208,0.3209973772366842,11,2,1,2560,7352,245,613,5da1c407274d9f2e64016876300738144d1a41605925a916babeba82ea35e9a6
11,1000,1000,0.9529125839471817,0.8775413533051809,0.3819059864927273,4.2012248039245605,0.8775413533051809,0.3819059864927273,1.1248888870080311,0.0849119669648794,1.1930705308914185,0.05716567283939429,0.24734753370285023,0.31552917758623755,11,3,2,2560,7352,245,613,5da1c407274d9f2e64016876300738144d1a41605925a916babeba82ea35e9a6
23,725,975,0.8548402786254883,0.6630026151736578,0.375007051059393,3.174145221710205,0.6630026151736578,0.375007051059393,0.8658149441083273,0.19022441787721694,1.0016815662384033,0.05780077975865914,0.2028123289346695,0.33867895106474555,11,3,2,2560,7352,245,613,5da1c407274d9f2e64016876300738144d1a41605925a916babeba82ea35e9a6
37,875,1000,0.8984957933425903,0.7476699749628702,0.38164179701997697,3.746777057647705,0.7476699749628702,0.38164179701997697,1.0473919312159221,0.07729241496288565,1.1044533848762512,0.04855368216368175,0.29972195625305187,0.356783409913381,11,3,2,2560,7352,245,613,5da1c407274d9f2e64016876300738144d1a41605925a916babeba82ea35e9a6
11,975,1000,1.2128100395202637,1.1623719930648804,0.25043885831580676,5.108740329742432,1.1623719930648804,0.25043885831580676,1.383875807126363,0.08878779562403476,1.328441858291626,0.08095527679458026,0.22150381406148267,0.1660698652267456,11,4,1,2560,7352,245,613,5da1c407274d9f2e64016876300738144d1a41605925a916babeba82ea35e9a6
23,1000,1000,1.0450561195611954,1.112898200750351,0.16213745493568063,5.104488849639893,1.112898200750351,0.16213745493568063,1.324387788772583,0.0656188399717442,1.0353821739554405,0.3289829449430674,0.21148958802223206,0.07751602679491043,11,4,1,2560,7352,245,613,5da1c407274d9f2e64016876300738144d1a41605925a916babeba82ea35e9a6
37,1000,1000,1.154417872428894,1.067788044611613,0.21295436428443365,4.997739315032959,1.067788044611613,0.21295436428443365,1.351142406463623,0.1090605781857455,1.2260987758636475,0.17129596242432624,0.28335436185201,0.15831073125203443,11,4,1,2560,7352,245,613,5da1c407274d9f2e64016876300738144d1a41605925a916babeba82ea35e9a6
11,950,1000,0.7286080121994019,0.695868174235026,0.34539177613367733,2.6679372787475586,0.695868174235026,0.34539177613367733,1.2080093224843342,0.03965791248076355,1.213762640953064,0.050143861139658706,0.5121411482493082,0.517894466718038,11,5,2,2560,7352,245,613,5da1c407274d9f2e64016876300738144d1a41605925a916babeba82ea35e9a6
23,675,925,0.7323853895068169,0.6853485405445099,0.30199848343878266,2.2095580101013184,0.6853485405445099,0.30199848343878266,1.1176924308141072,0.031756995737333316,1.1543940901756287,0.026388483651704986,0.4323438902695973,0.4690455496311188,11,5,2,2560,7352,245,613,5da1c407274d9f2e64016876300738144d1a41605925a916babeba82ea35e9a6
37,975,1000,0.714433915913105,0.5874641239643097,0.3427161839732899,3.0438308715820312,0.5874641239643097,0.3427161839732899,1.0378546516100566,0.07975475815337561,1.106822907924652,0.06561589740645236,0.45039052764574694,0.5193587839603424,11,5,2,2560,7352,245,613,5da1c407274d9f2e64016876300738144d1a41605925a916babeba82ea35e9a6
11,1000,1000,1.1264116615056992,0.9069053828716278,0.40711827198462086,5.564332008361816,0.9069053828716278,0.40711827198462086,1.1684989829858143,0.0999457149449036,1.2326314449310303,0.0455764713525547,0.26159360011418653,0.32572606205940247,11,6,2,2560,7352,245,613,5da1c407274d9f2e64016876300738144d1a41605925a916babeba82ea35e9a6
23,950,1000,1.1718978956341743,0.9949371019999186,0.3982644154638083,4.98015022277832,0.9949371019999186,0.3982644154638083,1.2878118356068928,0.08161282584450641,1.295857846736908,0.039572790128866844,0.29287473360697425,0.3009207447369894,11,6,2,2560,7352,245,613,5da1c407274d9f2e64016876300738144d1a41605925a916babeba82ea35e9a6
37,850,1000,1.0240652710199356,0.8947261174519857,0.3779441856928202,4.77860164642334,0.8947261174519857,0.3779441856928202,1.1417948404947917,0.07595816726891097,1.206613540649414,0.05250664675719718,0.24706872304280603,0.31188742319742835,11,6,2,2560,7352,245,613,5da1c407274d9f2e64016876300738144d1a41605925a916babeba82ea35e9a6
11,900,1000,0.8208057433366776,0.6936652710040411,0.40841158162719005,3.427090644836426,0.6936652710040411,0.40841158162719005,0.9743609428405762,0.06338892099410026,1.000154972076416,0.0677168761201115,0.2806956718365351,0.30648970107237494,11,7,3,2560,7352,245,613,5da1c407274d9f2e64016876300738144d1a41605925a916babeba82ea35e9a6
23,975,1000,0.8274446800351143,0.5520866314570109,0.6197575325067547,3.8050804138183594,0.5520866314570109,0.6197575325067547,1.0245920419692993,0.08291297799597593,1.065279483795166,0.09346397635951466,0.47250541051228845,0.5131928523381551,11,7,3,2560,7352,245,613,5da1c407274d9f2e64016876300738144d1a41605925a916babeba82ea35e9a6
37,975,1000,0.7924071550369263,0.7845112780729929,0.3423908223646832,3.897630214691162,0.7845112780729929,0.3423908223646832,1.0816903114318848,0.07218129648267536,1.098319172859192,0.04795847429785347,0.29717903335889184,0.31380789478619897,11,7,3,2560,7352,245,613,5da1c407274d9f2e64016876300738144d1a41605925a916babeba82ea35e9a6
11,775,1000,0.9370595514774323,0.8985438942909241,0.22016895340627435,3.8375844955444336,0.8985438942909241,0.22016895340627435,1.2278157472610474,0.010475120152352545,1.1650131940841675,0.09399194380917057,0.3292718529701233,0.2664692997932434,11,8,1,2560,7352,245,613,5da1c407274d9f2e64016876300738144d1a41605925a916babeba82ea35e9a6
23,775,1000,1.0641226768493652,1.0543914437294006,0.18713284764323646,4.249743938446045,1.0543914437294006,0.18713284764323646,1.303607662518819,0.06842514028972038,1.2270414158701897,0.14596420980202207,0.24921621878941846,0.17264997214078903,11,8,1,2560,7352,245,613,5da1c407274d9f2e64016876300738144d1a41605925a916babeba82ea35e9a6
37,950,1000,1.0788617134094238,1.0278486808141072,0.2278664408200465,4.867977619171143,1.0278486808141072,0.2278664408200465,1.4174333016077678,0.05407550642897053,1.2896167039871216,0.1648617074761543,0.38958462079366063,0.2617680231730144,11,8,1,2560,7352,245,613,5da1c407274d9f2e64016876300738144d1a41605925a916babeba82ea35e9a6
11,975,1000,0.7223839461803436,0.7473360349734625,0.31677682415764935,3.2232794761657715,0.7473360349734625,0.31677682415764935,1.1791155735651653,0.09161937879726406,1.1544785499572754,0.07553778213381235,0.4317795385917028,0.40714251498381293,11,9,2,2560,7352,245,613,5da1c407274d9f2e64016876300738144d1a41605925a916babeba82ea35e9a6
23,750,1000,0.7804430276155472,0.7442248662312826,0.23943118551203763,2.84820556640625,0.7442248662312826,0.23943118551203763,1.1788395245869954,0.08464745641974145,1.146470546722412,0.06158168289336171,0.4346146583557128,0.4022456804911295,11,9,2,2560,7352,245,613,5da1c407274d9f2e64016876300738144d1a41605925a916babeba82ea35e9a6
37,750,1000,0.8166492059826851,0.8327431182066599,0.24792243415437948,2.9595959186553955,0.8327431182066599,0.24792243415437948,1.2455793221791585,0.08700169396085218,1.2235419154167175,0.07518391896013826,0.41283620397249854,0.3907987972100576,11,9,2,2560,7352,245,613,5da1c407274d9f2e64016876300738144d1a41605925a916babeba82ea35e9a6
11,875,1000,1.148706078529358,1.0336985687414806,0.2981015874861025,4.495264053344727,1.0336985687414806,0.2981015874861025,1.2260336875915527,0.10420705472428973,1.2290615439414978,0.06820985718470857,0.19233511885007215,0.19536297520001722,11,10,2,2560,7352,245,613,5da1c407274d9f2e64016876300738144d1a41605925a916babeba82ea35e9a6
23,950,1000,1.1639931201934814,1.119906981786092,0.3513140377962277,5.5002546310424805,1.119906981786092,0.3513140377962277,1.3101848761240642,0.06703093561142731,1.321907639503479,0.09216256737000353,0.19027789433797215,0.20200065771738696,11,10,2,2560,7352,245,613,5da1c407274d9f2e64016876300738144d1a41605925a916babeba82ea35e9a6
37,875,1000,1.073183313012123,0.9247529109319051,0.32154974191716207,4.309847831726074,0.9247529109319051,0.32154974191716207,1.1061243911584218,0.07965510121175379,1.1709498167037964,0.08225790937484066,0.1813714802265166,0.24619690577189124,11,10,2,2560,7352,245,613,5da1c407274d9f2e64016876300738144d1a41605925a916babeba82ea35e9a6
11,600,850,0.6802835464477539,0.5575572997331619,0.21752642041350484,2.261101722717285,0.5575572997331619,0.21752642041350484,0.7602028648058573,0.0305801972429139,0.7869192957878113,0.06203463310772138,0.20264556507269538,0.22936199605464935,11,11,3,2560,7352,245,613,5da1c407274d9f2e64016876300738144d1a41605925a916babeba82ea35e9a6
23,750,1000,0.8075606226921082,0.6395005621016026,0.32681066719732726,2.9795193672180176,0.6395005621016026,0.32681066719732726,0.9084747036298116,0.0331033047953408,0.9257931262254715,0.07851949042912347,0.2689741415282091,0.28629256412386894,11,11,3,2560,7352,245,613,5da1c407274d9f2e64016876300738144d1a41605925a916babeba82ea35e9a6
37,850,1000,0.7582499533891678,0.7193137009938558,0.38052933088569874,3.436842441558838,0.7193137009938558,0.38052933088569874,0.9683132966359457,0.037485394354915505,0.9644051790237427,0.11157411914831109,0.24899959564208984,0.24509147802988684,11,11,3,2560,7352,245,613,5da1c407274d9f2e64016876300738144d1a41605925a916babeba82ea35e9a6
11,925,1000,0.925728440284729,1.0245205362637837,0.14800423224049125,4.874654293060303,1.0245205362637837,0.14800423224049125,1.3599615097045898,0.08788269355383718,1.197607271373272,0.3550114770373568,0.33544097344080614,0.17308673510948824,11,12,2,2560,7352,245,613,5da1c407274d9f2e64016876300738144d1a41605925a916babeba82ea35e9a6
23,1000,1000,0.9041593968868256,0.9395116567611694,0.2156728351794971,4.89242696762085,0.9395116567611694,0.2156728351794971,1.2995999256769817,0.13880758854296513,1.228333055973053,0.2627716441896367,0.36008826891581225,0.28882139921188354,11,12,2,2560,7352,245,613,5da1c407274d9f2e64016876300738144d1a41605925a916babeba82ea35e9a6
37,975,1000,1.0092382431030273,1.0839775204658508,0.22998831307518022,5.372084140777588,1.0839775204658508,0.22998831307518022,1.4690895875295003,0.08263028102652138,1.3893877863883972,0.14626090935466277,0.3851120670636494,0.3054102659225464,11,12,2,2560,7352,245,613,5da1c407274d9f2e64016876300738144d1a41605925a916babeba82ea35e9a6
11,925,1000,0.7245463207364082,0.7755965789159139,0.3186032988742468,2.8796629905700684,0.7755965789159139,0.3186032988742468,1.2340974410374959,0.07584187251819137,1.210215449333191,0.06505297565196931,0.4585008621215819,0.434618870417277,11,13,3,2560,7352,245,613,5da1c407274d9f2e64016876300738144d1a41605925a916babeba82ea35e9a6
23,1000,1000,0.8457876443862915,0.8085802843173345,0.2618230559665987,3.1137819290161133,0.8085802843173345,0.2618230559665987,1.295330802599589,0.11838576683925313,1.2116276621818542,0.07143726992538621,0.4867505182822546,0.4030473778645197,11,13,3,2560,7352,245,613,5da1c407274d9f2e64016876300738144d1a41605925a916babeba82ea35e9a6
37,950,1000,0.8298407793045044,0.7620750268300375,0.27759449625315014,3.014777898788452,0.7620750268300375,0.27759449625315014,1.2461247444152832,0.0933836983340861,1.232556402683258,0.07154303066762799,0.48404971758524573,0.4704813758532206,11,13,3,2560,7352,245,613,5da1c407274d9f2e64016876300738144d1a41605925a916babeba82ea35e9a6
11,975,1000,1.011030912399292,0.9647524952888489,0.3811636270257481,5.418392181396484,0.9647524952888489,0.3811636270257481,1.2437752485275269,0.07226826320974794,1.1948196291923523,0.0883476649165637,0.279022753238678,0.23006713390350342,11,14,3,2560,7352,245,613,5da1c407274d9f2e64016876300738144d1a41605925a916babeba82ea35e9a6
23,875,1000,0.9421552270650864,0.9384153683980306,0.3336520228044303,5.016476631164551,0.9384153683980306,0.3336520228044303,1.22366197903951,0.09489424228752043,1.210259735584259,0.057968808416282755,0.2852466106414794,0.2718443671862284,11,14,3,2560,7352,245,613,5da1c407274d9f2e64016876300738144d1a41605925a916babeba82ea35e9a6
37,875,1000,0.8915755748748779,0.9349187215169271,0.3318308195568217,4.70384407043457,0.9349187215169271,0.3318308195568217,1.154219150543213,0.07549968245529945,1.186680257320404,0.0425990994809588,0.21930042902628577,0.25176153580347693,11,14,3,2560,7352,245,613,5da1c407274d9f2e64016876300738144d1a41605925a916babeba82ea35e9a6
11,1000,1000,0.8283642530441284,0.32190823058287305,0.9943563823644052,3.8130342960357666,0.32190823058287305,0.9943563823644052,1.0177642504374187,0.08069903964861086,0.9525941610336304,0.1796320171469189,0.6958560198545456,0.6306859304507573,11,15,4,2560,7352,245,613,5da1c407274d9f2e64016876300738144d1a41605925a916babeba82ea35e9a6
23,975,1000,0.8391774967312813,0.7291899994015694,0.32274517926277324,4.16150426864624,0.7291899994015694,0.32274517926277324,1.0108617345492046,0.08441874501986914,1.0456276163458824,0.07506118558603647,0.2816717351476352,0.31643761694431305,11,15,4,2560,7352,245,613,5da1c407274d9f2e64016876300738144d1a41605925a916babeba82ea35e9a6
37,975,1000,0.7868466377258301,0.34297924240430194,0.966749822575735,4.06704568862915,0.34297924240430194,0.966749822575735,0.7130159934361776,0.5382000726398996,0.9695827066898346,0.1606321461981797,0.37003675103187567,0.6266034642855327,11,15,4,2560,7352,245,613,5da1c407274d9f2e64016876300738144d1a41605925a916babeba82ea35e9a6
11,950,1000,0.8491307497024536,0.8439859946568807,0.41405896884359006,2.9996118545532227,0.8439859946568807,0.41405896884359006,1.2706576188405354,0.07512952694642841,1.285816490650177,0.06011901087667414,0.4266716241836547,0.44183049599329627,12,1,1,2560,7352,245,613,5da1c407274d9f2e64016876300738144d1a41605925a916babeba82ea35e9a6
23,675,925,0.6741776913404465,0.7153308391571045,0.34313878526626534,2.127079725265503,0.7153308391571045,0.34313878526626534,1.1770662069320679,0.06749160341361207,1.1694018244743347,0.0508122816294727,0.4617353677749634,0.4540709853172302,12,1,1,2560,7352,245,613,5da1c407274d9f2e64016876300738144d1a41605925a916babeba82ea35e9a6
37,1000,1000,0.7837890386581421,0.8223141431808472,0.4384390748263702,3.042821168899536,0.8223141431808472,0.4384390748263702,1.32866104443868,0.060868719498484596,1.3170939087867737,0.07583489714550587,0.5063469012578328,0.4947797656059265,12,1,1,2560,7352,245,613,5da1c407274d9f2e64016876300738144d1a41605925a916babeba82ea35e9a6
11,1000,1000,1.2094924300909042,1.0078487793604534,0.3979539781831508,5.862910747528076,1.0078487793604534,0.3979539781831508,1.374020020167033,0.04198109161633253,1.3545773029327393,0.05751587235985602,0.3661712408065796,0.3467285235722859,12,2,1,2560,7352,245,613,5da1c407274d9f2e64016876300738144d1a41605925a916babeba82ea35e9a6
23,975,1000,1.220157876610756,1.0315096577008565,0.3791859543749926,6.164641380310059,1.0315096577008565,0.3791859543749926,1.3699584007263184,0.05164216704369535,1.3442611694335938,0.043960654959959836,0.3384487430254619,0.3127515117327373,12,2,1,2560,7352,245,613,5da1c407274d9f2e64016876300738144d1a41605925a916babeba82ea35e9a6
37,875,1000,1.2936474084854126,1.1631324688593547,0.44318892976349167,6.076197624206543,1.1631324688593547,0.44318892976349167,1.5382453203201294,0.06531476053478169,1.4690630435943604,0.06779851404197333,0.37511285146077467,0.3059305747350056,12,2,1,2560,7352,245,613,5da1c407274d9f2e64016876300738144d1a41605925a916babeba82ea35e9a6
11,1000,1000,0.9223954677581787,0.7905557503302892,0.421695386181057,4.207855224609375,0.7905557503302892,0.421695386181057,1.123151183128357,0.056488435915958264,1.1505714058876038,0.08463658342015924,0.3325954327980677,0.3600156555573145,12,3,2,2560,7352,245,613,5da1c407274d9f2e64016876300738144d1a41605925a916babeba82ea35e9a6
23,625,875,0.9100978672504425,0.6756652593612671,0.47575478020480483,3.1378612518310547,0.6756652593612671,0.47575478020480483,0.9712279240290324,0.03991342783186899,1.0290559530258179,0.09180239264518181,0.29556266466776526,0.3533906936645508,12,3,2,2560,7352,245,613,5da1c407274d9f2e64016876300738144d1a41605925a916babeba82ea35e9a6
37,925,1000,0.8823204040527344,0.21345208088556925,1.2595583628808724,4.030660152435303,0.21345208088556925,1.2595583628808724,1.1196581522623699,0.06973037838012985,1.0975123569369316,0.29106962162602523,0.9062060713768006,0.8840602760513624,12,3,2,2560,7352,245,613,5da1c407274d9f2e64016876300738144d1a41605925a916babeba82ea35e9a6
11,975,1000,1.168171763420105,1.127626746892929,0.23601562200327741,4.775856018066406,1.127626746892929,0.23601562200327741,1.3263134956359863,0.10679407176316157,1.1991638094186783,0.18169075754028116,0.19868674874305725,0.0715370625257492,12,4,1,2560,7352,245,613,5da1c407274d9f2e64016876300738144d1a41605925a916babeba82ea35e9a6
23,950,1000,1.0522384643554688,1.0150534709294636,0.18287443277749804,4.914529323577881,1.0150534709294636,0.18287443277749804,1.2707777818044026,0.06568510814453889,1.1133151054382324,0.31690564996724163,0.25572431087493896,0.09826163450876879,12,4,1,2560,7352,245,613,5da1c407274d9f2e64016876300738144d1a41605925a916babeba82ea35e9a6
37,950,1000,1.1099269539117813,1.1134930849075317,0.2263526044486004,4.488369941711426,1.1134930849075317,0.2263526044486004,1.281812310218811,0.08686699295024626,1.1916147470474243,0.2090857850864043,0.1683192253112793,0.07812166213989258,12,4,1,2560,7352,245,613,5da1c407274d9f2e64016876300738144d1a41605925a916babeba82ea35e9a6
11,950,1000,0.8188657686114311,0.8060841610034307,0.33834329671852437,3.0399169921875,0.8060841610034307,0.33834329671852437,1.288108269373576,0.022101913139698066,1.2873343229293823,0.05818164382186642,0.4820241083701452,0.4812501619259516,12,5,2,2560,7352,245,613,5da1c407274d9f2e64016876300738144d1a41605925a916babeba82ea35e9a6
23,375,625,0.4920874238014221,0.4837055802345276,0.25599270752629333,1.278230905532837,0.4837055802345276,0.25599270752629333,0.8353371421496073,0.0219251343250055,0.8612586855888367,0.037203136908604176,0.3516315619150797,0.3775531053543091,12,5,2,2560,7352,245,613,5da1c407274d9f2e64016876300738144d1a41605925a916babeba82ea35e9a6
37,975,1000,0.7800712659955025,0.6693509121735891,0.2923238804413902,2.8379015922546387,0.6693509121735891,0.2923238804413902,1.138559381167094,0.033815836168777556,1.175864577293396,0.05072188039254708,0.4692084689935049,0.5065136651198069,12,5,2,2560,7352,245,613,5da1c407274d9f2e64016876300738144d1a41605925a916babeba82ea35e9a6
11,1000,1000,1.1725274249911308,0.9131465752919515,0.39686286428916595,5.420385360717773,0.9131465752919515,0.39686286428916595,1.220103104909261,0.11813956977311292,1.2358113527297974,0.059534490895094445,0.30695652961730946,0.32266477743784583,12,6,2,2560,7352,245,613,5da1c407274d9f2e64016876300738144d1a41605925a916babeba82ea35e9a6
23,950,1000,1.1301645189523697,0.8997256308794022,0.3772043918015238,5.282176494598389,0.8997256308794022,0.3772043918015238,1.1908069849014282,0.07953965370713731,1.1785587668418884,0.03092249405198727,0.29108135402202606,0.27883313596248627,12,6,2,2560,7352,245,613,5da1c407274d9f2e64016876300738144d1a41605925a916babeba82ea35e9a6
37,975,1000,1.058801531791687,0.9204262594381968,0.3876198689159788,5.632198333740234,0.9204262594381968,0.3876198689159788,1.1990458170572917,0.0778123235693349,1.2429689168930054,0.06401694710606015,0.27861955761909496,0.3225426574548086,12,6,2,2560,7352,245,613,5da1c407274d9f2e64016876300738144d1a41605925a916babeba82ea35e9a6
11,925,1000,0.7954518720507622,0.7040258198976517,0.40777913884039846,3.43220591545105,0.7040258198976517,0.40777913884039846,1.0054243405659993,0.06907976404256393,1.0005001425743103,0.05355553482807999,0.3013985206683476,0.29647432267665863,12,7,3,2560,7352,245,613,5da1c407274d9f2e64016876300738144d1a41605925a916babeba82ea35e9a6
23,1000,1000,0.7544163465499878,0.7214196225007375,0.35023810148079976,3.9147379398345947,0.7214196225007375,0.35023810148079976,1.0338680346806843,0.08161745673734147,1.0239936262369156,0.029503698883018206,0.3124484121799468,0.30257400373617804,12,7,3,2560,7352,245,613,5da1c407274d9f2e64016876300738144d1a41605925a916babeba82ea35e9a6
37,550,800,0.7334548979997635,0.5621118942896525,0.5932853815843884,2.7582011222839355,0.5621118942896525,0.5932853815843884,0.8819995323816935,0.12706790206960802,0.8866673707962036,0.15575366422235098,0.319887638092041,0.32455547650655114,12,7,3,2560,7352,245,613,5da1c407274d9f2e64016876300738144d1a41605925a916babeba82ea35e9a6
11,975,1000,1.1170579195022583,1.1452110608418782,0.17803654787771636,5.000349521636963,1.1452110608418782,0.17803654787771636,1.4366979598999023,0.06028409760121609,1.3836284279823303,0.11806116614875804,0.29148689905802416,0.23841736714045214,12,8,1,2560,7352,245,613,5da1c407274d9f2e64016876300738144d1a41605925a916babeba82ea35e9a6
23,925,1000,0.9922904968261719,1.0441852410634358,0.2693088949996423,4.599246978759766,1.0441852410634358,0.2693088949996423,1.370975176493327,0.049437140639763455,1.3226486444473267,0.1295997452105221,0.3267899354298911,0.27846340338389086,12,8,1,2560,7352,245,613,5da1c407274d9f2e64016876300738144d1a41605925a916babeba82ea35e9a6
37,875,1000,1.0171865224838257,0.9846409956614176,0.20815570478458745,4.328332424163818,0.9846409956614176,0.20815570478458745,1.3067147731781006,0.03142971572390176,1.2028118968009949,0.11114353060637387,0.322073777516683,0.21817090113957727,12,8,1,2560,7352,245,613,5da1c407274d9f2e64016876300738144d1a41605925a916babeba82ea35e9a6
11,850,1000,0.7414015531539917,0.7669414182504019,0.2810891442930635,3.056241989135742,0.7669414182504019,0.2810891442930635,1.1695690155029297,0.07542859740697212,1.1438543200492859,0.05355524597821131,0.40262759725252784,0.37691290179888404,12,9,2,2560,7352,245,613,5da1c407274d9f2e64016876300738144d1a41605925a916babeba82ea35e9a6
23,775,1000,0.7750915065407753,0.7606629530588785,0.24351884678577715,2.919142484664917,0.7606629530588785,0.24351884678577715,1.1476235389709473,0.05509486469626352,1.1218862533569336,0.05437185296031269,0.3869605859120687,0.36122330029805505,12,9,2,2560,7352,245,613,5da1c407274d9f2e64016876300738144d1a41605925a916babeba82ea35e9a6
37,900,1000,0.8325738906860352,0.8080789297819138,0.2516688227963338,3.0987958908081055,0.8080789297819138,0.2516688227963338,1.2208000818888347,0.06564514568848373,1.216147780418396,0.054011829549376764,0.41272115210692095,0.40806885063648224,12,9,2,2560,7352,245,613,5da1c407274d9f2e64016876300738144d1a41605925a916babeba82ea35e9a6
11,1000,1000,1.1741407066583633,1.0579524040222168,0.3396936690988955,5.391683101654053,1.0579524040222168,0.3396936690988955,1.2576340834299724,0.06177287686697732,1.2509493231773376,0.08318341262306009,0.1996816794077556,0.19299691915512085,12,10,2,2560,7352,245,613,5da1c407274d9f2e64016876300738144d1a41605925a916babeba82ea35e9a6
23,825,1000,1.1439577490091324,0.9277273813883463,0.2946283110816392,4.386334419250488,0.9277273813883463,0.2946283110816392,1.1187371810277302,0.06357328372857828,1.1416878700256348,0.08629955966018413,0.19100979963938391,0.21396048863728845,12,10,2,2560,7352,245,613,5da1c407274d9f2e64016876300738144d1a41605925a916babeba82ea35e9a6
37,975,1000,1.1657766252756119,1.0336270332336426,0.33754905732559926,5.077454090118408,1.0336270332336426,0.33754905732559926,1.2369723320007324,0.08964638458703271,1.2755325436592102,0.09981495588771287,0.20334529876708984,0.24190551042556763,12,10,2,2560,7352,245,613,5da1c407274d9f2e64016876300738144d1a41605925a916babeba82ea35e9a6
11,975,1000,0.8374381810426712,-0.2886046866575877,1.6567398322667797,3.9039306640625,-0.2886046866575877,1.6567398322667797,0.8795951207478842,0.22253174703229278,0.9413038268685341,0.17653193446904075,1.1681998074054718,1.2299085135261218,12,11,3,2560,7352,245,613,5da1c407274d9f2e64016876300738144d1a41605925a916babeba82ea35e9a6
23,950,1000,0.793082945048809,0.6567876972258091,0.31635540366033393,3.2774248123168945,0.6567876972258091,0.31635540366033393,0.8762447635332743,0.0383096178611012,0.8856862857937813,0.09126196546816978,0.2194570663074652,0.22889858856797218,12,11,3,2560,7352,245,613,5da1c407274d9f2e64016876300738144d1a41605925a916babeba82ea35e9a6
37,1000,1000,0.8068551421165466,-0.005102808276812236,1.555105689228587,3.61576509475708,-0.005102808276812236,1.555105689228587,0.830890933672587,0.12546385223260328,0.912538468837738,0.09935613466545765,0.8359937419493992,0.9176412771145502,12,11,3,2560,7352,245,613,5da1c407274d9f2e64016876300738144d1a41605925a916babeba82ea35e9a6
11,1000,1000,0.9025938361883163,0.9871207376321157,0.21485508929874664,5.354038238525391,0.9871207376321157,0.21485508929874664,1.3439953327178955,0.13535958973465312,1.2773517966270447,0.16679577136950416,0.3568745950857798,0.29023105899492896,12,12,2,2560,7352,245,613,5da1c407274d9f2e64016876300738144d1a41605925a916babeba82ea35e9a6
23,825,1000,0.8577611446380615,0.9975301822026571,0.17224343815447285,4.327796459197998,0.9975301822026571,0.17224343815447285,1.3287114302317302,0.06493303669818783,1.2354841232299805,0.13448392241683876,0.3311812480290731,0.23795394102732337,12,12,2,2560,7352,245,613,5da1c407274d9f2e64016876300738144d1a41605925a916babeba82ea35e9a6
37,900,1000,0.9296540319919586,0.9599566062291464,0.19416746665575932,4.740559101104736,0.9599566062291464,0.19416746665575932,1.3553837140401204,0.07451497265815077,1.2809523344039917,0.09689520387725135,0.395427107810974,0.32099572817484534,12,12,2,2560,7352,245,613,5da1c407274d9f2e64016876300738144d1a41605925a916babeba82ea35e9a6
11,825,1000,0.7964910194277763,0.6838855842749277,0.29857247278823906,2.6110992431640625,0.6838855842749277,0.29857247278823906,1.198391318321228,0.07700250681744979,1.1702619791030884,0.035045318574831896,0.5145057340463003,0.48637639482816064,12,13,3,2560,7352,245,613,5da1c407274d9f2e64016876300738144d1a41605925a916babeba82ea35e9a6
23,850,1000,0.844997763633728,0.8365073204040527,0.2561345965326739,2.969135284423828,0.8365073204040527,0.2561345965326739,1.279762824376424,0.09029374568937347,1.2461448907852173,0.061693548159482345,0.44325550397237135,0.40963757038116455,12,13,3,2560,7352,245,613,5da1c407274d9f2e64016876300738144d1a41605925a916babeba82ea35e9a6
37,900,1000,0.8299556970596313,0.7818810641765594,0.32218757217437927,2.8363726139068604,0.7818810641765594,0.32218757217437927,1.216044118007024,0.11035898400839497,1.2164912223815918,0.09414403388341976,0.4341630538304646,0.43461015820503235,12,13,3,2560,7352,245,613,5da1c407274d9f2e64016876300738144d1a41605925a916babeba82ea35e9a6
11,900,1000,0.9146731793880463,0.7993993361790975,0.4129692002061879,4.7423295974731445,0.7993993361790975,0.4129692002061879,1.0854586164156597,0.12169678273575535,1.1100585460662842,0.03772988508522071,0.28605928023656213,0.31065920988718665,12,14,3,2560,7352,245,613,5da1c407274d9f2e64016876300738144d1a41605925a916babeba82ea35e9a6
23,475,725,0.7599588707089424,0.6869988789161047,0.2594425221915479,2.750821113586426,0.6869988789161047,0.2594425221915479,0.8497918844223022,0.09399074457520497,0.8811684250831604,0.052958610491304056,0.16279300550619757,0.19416954616705573,12,14,3,2560,7352,245,613,5da1c407274d9f2e64016876300738144d1a41605925a916babeba82ea35e9a6
37,1000,1000,0.9346669837832451,0.9619819025198618,0.34304015050372105,4.838984489440918,0.9619819025198618,0.34304015050372105,1.226344068845113,0.07640182619406066,1.2104600071907043,0.06647768081732598,0.2643621663252512,0.24847810467084253,12,14,3,2560,7352,245,613,5da1c407274d9f2e64016876300738144d1a41605925a916babeba82ea35e9a6
11,975,1000,0.9824316501617432,0.19559229413668314,1.119867326015129,4.496515274047852,0.19559229413668314,1.119867326015129,1.0999853511651356,0.07888494931306766,1.021255113184452,0.14986703334546514,0.9043930570284525,0.825662819047769,12,15,4,2560,7352,245,613,5da1c407274d9f2e64016876300738144d1a41605925a916babeba82ea35e9a6
23,875,1000,0.8127364814281464,0.7221120124061903,0.34064874868081063,3.8829073905944824,0.7221120124061903,0.34064874868081063,0.9769746363162994,0.040613497549975425,0.9534492716193199,0.08019027620263587,0.25486262391010917,0.23133725921312964,12,15,4,2560,7352,245,613,5da1c407274d9f2e64016876300738144d1a41605925a916babeba82ea35e9a6
37,975,1000,0.8442078903317451,0.7386217415332794,0.3212001333498995,4.370129585266113,0.7386217415332794,0.3212001333498995,1.0467842022577922,0.08826335886639936,0.9838478341698647,0.12596912794380255,0.3081624607245128,0.24522609263658524,12,15,4,2560,7352,245,613,5da1c407274d9f2e64016876300738144d1a41605925a916babeba82ea35e9a6
11,975,1000,0.7982313185930252,0.7935167153676351,0.33609593376011676,2.872282028198242,0.7935167153676351,0.33609593376011676,1.187422513961792,0.060107446952153844,1.1903483867645264,0.055241217109846204,0.39390579859415686,0.39683167139689124,13,1,1,2560,7352,245,613,5da1c407274d9f2e64016876300738144d1a41605925a916babeba82ea35e9a6
23,950,1000,0.7779113054275513,0.7991098165512085,0.43650960890519797,2.9433088302612305,0.7991098165512085,0.43650960890519797,1.2534186840057373,0.051547441236921725,1.250568926334381,0.04427840321475104,0.4543088674545288,0.4514591097831726,13,1,1,2560,7352,245,613,5da1c407274d9f2e64016876300738144d1a41605925a916babeba82ea35e9a6
37,950,1000,0.7396472692489624,0.7603604396184286,0.44065553129852425,3.019594192504883,0.7603604396184286,0.44065553129852425,1.2013367414474487,0.057150409191487346,1.2578484416007996,0.06227796935114743,0.44097630182902015,0.497488001982371,13,1,1,2560,7352,245,613,5da1c407274d9f2e64016876300738144d1a41605925a916babeba82ea35e9a6
11,1000,1000,1.301572322845459,1.0793216824531555,0.38927638882062326,6.200558185577393,1.0793216824531555,0.38927638882062326,1.4329597155253093,0.026785513748041865,1.4101717472076416,0.06472430115035237,0.3536380330721538,0.3308500647544861,13,2,1,2560,7352,245,613,5da1c407274d9f2e64016876300738144d1a41605925a916babeba82ea35e9a6
23,975,1000,1.3320004791021347,1.2100489139556885,0.42762669087040767,6.738774299621582,1.2100489139556885,0.42762669087040767,1.5550718307495117,0.05598627906402807,1.523575484752655,0.04917216099786429,0.34502291679382324,0.31352657079696655,13,2,1,2560,7352,245,613,5da1c407274d9f2e64016876300738144d1a41605925a916babeba82ea35e9a6
37,975,1000,1.165395736694336,1.0452099641164143,0.4189233188712006,5.761253356933594,1.0452099641164143,0.4189233188712006,1.3456614017486572,0.031097557496196748,1.3454455137252808,0.05426386642489099,0.3004514376322429,0.30023554960886645,13,2,1,2560,7352,245,613,5da1c407274d9f2e64016876300738144d1a41605925a916babeba82ea35e9a6
11,875,1000,0.905738353729248,0.775096466143926,0.3271519352312374,3.3025949001312256,0.775096466143926,0.3271519352312374,1.0026885171731312,0.057685939613260656,1.0592587143182755,0.07150050668436964,0.2275920510292052,0.28416224817434943,13,3,2,2560,7352,245,613,5da1c407274d9f2e64016876300738144d1a41605925a916babeba82ea35e9a6
23,1000,1000,0.8339435756206512,0.7033326923847198,0.584527909442019,4.113396167755127,0.7033326923847198,0.584527909442019,1.0903451542059581,0.0685550059276561,1.15073711425066,0.10748956992694976,0.3870124618212383,0.4474044218659401,13,3,2,2560,7352,245,613,5da1c407274d9f2e64016876300738144d1a41605925a916babeba82ea35e9a6
37,875,1000,0.8880749642848969,0.7988360325495402,0.3692682688481504,3.870123863220215,0.7988360325495402,0.3692682688481504,1.0712650219599407,0.06403241257205736,1.1175910234451294,0.05365718436443023,0.2724289894104005,0.31875499089558923,13,3,2,2560,7352,245,613,5da1c407274d9f2e64016876300738144d1a41605925a916babeba82ea35e9a6
11,875,1000,1.0954988151788712,1.158937136332194,0.21955055981810562,4.612782001495361,1.158937136332194,0.21955055981810562,1.388560136159261,0.07707389404875255,1.2317033410072327,0.26067363658106285,0.2296229998270669,0.07276620467503858,13,4,1,2560,7352,245,613,5da1c407274d9f2e64016876300738144d1a41605925a916babeba82ea35e9a6
23,1000,1000,1.2161419242620468,1.0860279202461243,0.21864812380608797,4.933592319488525,1.0860279202461243,0.21864812380608797,1.3787415822347004,0.08984957033225381,0.9392595067620277,0.410797388433799,0.2927136619885762,0.14676841348409653,13,4,1,2560,7352,245,613,5da1c407274d9f2e64016876300738144d1a41605925a916babeba82ea35e9a6
37,975,1000,1.0705543756484985,0.9554802576700846,0.1777869027643646,4.642414093017578,0.9554802576700846,0.1777869027643646,1.2402300834655762,0.10958524456142735,1.087956964969635,0.19046895171735606,0.2847498257954916,0.1324767072995504,13,4,1,2560,7352,245,613,5da1c407274d9f2e64016876300738144d1a41605925a916babeba82ea35e9a6
11,925,1000,0.7334314584732056,0.7275702158610026,0.3772132421037858,2.873717784881592,0.7275702158610026,0.3772132421037858,1.2532788117726643,0.05519941283033364,1.2564244866371155,0.06598387830966122,0.5257085959116617,0.5288542707761129,13,5,2,2560,7352,245,613,5da1c407274d9f2e64016876300738144d1a41605925a916babeba82ea35e9a6
23,975,1000,0.7357337437570095,0.6771477138002714,0.3955341904577186,2.832235813140869,0.6771477138002714,0.3955341904577186,1.183422048886617,0.06823123554229675,1.2172415256500244,0.045822333592944235,0.5062743350863456,0.540093811849753,13,5,2,2560,7352,245,613,5da1c407274d9f2e64016876300738144d1a41605925a916babeba82ea35e9a6
37,650,900,0.6504724100232124,0.6741224924723307,0.26523996144081236,2.315821886062622,0.6741224924723307,0.26523996144081236,1.1081043879191081,0.045028714427478855,1.1273754239082336,0.046721558980566735,0.43398189544677745,0.45325293143590295,13,5,2,2560,7352,245,613,5da1c407274d9f2e64016876300738144d1a41605925a916babeba82ea35e9a6
11,925,1000,1.202865593135357,0.9515822331110636,0.40016714754864974,4.931179523468018,0.9515822331110636,0.40016714754864974,1.2080642382303874,0.1223553631723423,1.262550175189972,0.0662954232265627,0.25648200511932384,0.3109679420789083,13,6,2,2560,7352,245,613,5da1c407274d9f2e64016876300738144d1a41605925a916babeba82ea35e9a6
23,650,900,1.02606962621212,0.8651508937279383,0.3803927676378493,4.052647590637207,0.8651508937279383,0.3803927676378493,1.1478967666625977,0.06323250983158384,1.1879854798316956,0.051405314549541066,0.28274587293465936,0.32283458610375726,13,6,2,2560,7352,245,613,5da1c407274d9f2e64016876300738144d1a41605925a916babeba82ea35e9a6
37,975,1000,1.1518130153417587,0.9742860396703085,0.4130788903649268,5.703505992889404,0.9742860396703085,0.4130788903649268,1.3040965000788372,0.09188691707959015,1.3201856017112732,0.043665260027410405,0.3298104604085287,0.3458995620409647,13,6,2,2560,7352,245,613,5da1c407274d9f2e64016876300738144d1a41605925a916babeba82ea35e9a6
11,975,1000,0.898570291697979,0.6786107669274012,0.4765870353220991,3.9272408485412598,0.6786107669274012,0.4765870353220991,1.0234742561976116,0.041471391838431446,1.027909278869629,0.0863167720100162,0.3448634892702104,0.3492985119422277,13,7,3,2560,7352,245,613,5da1c407274d9f2e64016876300738144d1a41605925a916babeba82ea35e9a6
23,750,1000,0.7447391673922539,0.6011422077814738,0.5471573091114434,3.32539701461792,0.6011422077814738,0.5471573091114434,0.98357625802358,0.05434497139894026,1.008016049861908,0.05201118353795494,0.3824340502421062,0.4068738420804342,13,7,3,2560,7352,245,613,5da1c407274d9f2e64016876300738144d1a41605925a916babeba82ea35e9a6
37,975,1000,0.8515194654464722,0.7857418855031332,0.370685251178605,3.843575954437256,0.7857418855031332,0.370685251178605,1.0603856444358826,0.07502353880412806,1.0745881795883179,0.045670301160850656,0.2746437589327494,0.2888462940851847,13,7,3,2560,7352,245,613,5da1c407274d9f2e64016876300738144d1a41605925a916babeba82ea35e9a6
11,975,1000,1.0823974609375,1.0252593557039897,0.20406697578866895,4.578081130981445,1.0252593557039897,0.20406697578866895,1.2790553569793701,0.09161720049452944,1.2385869026184082,0.06925930750215617,0.2537960012753804,0.21332754691441846,13,8,1,2560,7352,245,613,5da1c407274d9f2e64016876300738144d1a41605925a916babeba82ea35e9a6
23,650,900,0.9584746360778809,0.9247101147969564,0.16443769955259352,3.417954683303833,0.9247101147969564,0.16443769955259352,1.1751182874043782,0.05319399725392853,1.1248842477798462,0.08060914223950211,0.25040817260742176,0.20017413298288977,13,8,1,2560,7352,245,613,5da1c407274d9f2e64016876300738144d1a41605925a916babeba82ea35e9a6
37,925,1000,1.061058521270752,1.0863638718922932,0.1864139349147343,4.429404258728027,1.0863638718922932,0.1864139349147343,1.4328972895940144,0.05364689149268971,1.3531016111373901,0.12724222840761723,0.3465334177017212,0.2667377392450969,13,8,1,2560,7352,245,613,5da1c407274d9f2e64016876300738144d1a41605925a916babeba82ea35e9a6
11,1000,1000,0.7852495014667511,0.7807600100835165,0.2519135996587177,3.676088571548462,0.7807600100835165,0.2519135996587177,1.2392257849375408,0.06494337054965447,1.2307097911834717,0.08013191822218561,0.4584657748540243,0.4499497810999552,13,9,2,2560,7352,245,613,5da1c407274d9f2e64016876300738144d1a41605925a916babeba82ea35e9a6
23,775,1000,0.8275023773312569,0.7837971796592077,0.245219483807921,3.083850383758545,0.7837971796592077,0.245219483807921,1.1866395473480225,0.063879774453035,1.151977300643921,0.04234042800402076,0.40284236768881476,0.3681801209847132,13,9,2,2560,7352,245,613,5da1c407274d9f2e64016876300738144d1a41605925a916babeba82ea35e9a6
37,850,1000,0.8006974756717682,0.7090820968151093,0.2630878125365058,3.014519691467285,0.7090820968151093,0.2630878125365058,1.0540881554285686,0.07097273746531961,1.0448054820299149,0.07748352200750193,0.34500605861345934,0.3357233852148056,13,9,2,2560,7352,245,613,5da1c407274d9f2e64016876300738144d1a41605925a916babeba82ea35e9a6
11,875,1000,1.207521677017212,0.8656174143155416,0.40688502613117045,4.662178993225098,0.8656174143155416,0.40688502613117045,1.241930882136027,0.08357834185593394,1.2440757155418396,0.08663188860709779,0.37631346782048547,0.378458301226298,13,10,2,2560,7352,245,613,5da1c407274d9f2e64016876300738144d1a41605925a916babeba82ea35e9a6
23,1000,1000,1.098422646522522,1.0604976812998455,0.35265205792139154,5.730223655700684,1.0604976812998455,0.35265205792139154,1.2688973744710286,0.07864224785929853,1.3151437044143677,0.08864897965915422,0.20839969317118312,0.2546460231145222,13,10,2,2560,7352,245,613,5da1c407274d9f2e64016876300738144d1a41605925a916babeba82ea35e9a6
37,875,1000,1.1672375202178955,0.9793570339679718,0.3296266467962942,4.687063694000244,0.9793570339679718,0.3296266467962942,1.192820390065511,0.10200210958573012,1.239255666732788,0.08101282851941094,0.2134633560975392,0.2598986327648163,13,10,2,2560,7352,245,613,5da1c407274d9f2e64016876300738144d1a41605925a916babeba82ea35e9a6
11,925,1000,0.8877652883529663,0.41173652311166126,0.73187395726383,3.5092806816101074,0.41173652311166126,0.73187395726383,0.8879585067431132,0.0377456233471047,0.9077713489532471,0.08444780831505985,0.4762219836314519,0.4960348258415858,13,11,3,2560,7352,245,613,5da1c407274d9f2e64016876300738144d1a41605925a916babeba82ea35e9a6
23,750,1000,0.8190685585141182,0.6279016534487406,0.2910426698675541,2.888030767440796,0.6279016534487406,0.2910426698675541,0.825158933798472,0.062046081273208466,0.8990426063537598,0.0642388131390251,0.19725728034973145,0.27114095290501916,13,11,3,2560,7352,245,613,5da1c407274d9f2e64016876300738144d1a41605925a916babeba82ea35e9a6
37,900,1000,0.8519649058580399,0.6200228830178579,0.5075872513593367,3.9276113510131836,0.6200228830178579,0.5075872513593367,0.8859274884064993,0.10405045570715829,0.965141624212265,0.14720314113912158,0.26590460538864136,0.3451187411944071,13,11,3,2560,7352,245,613,5da1c407274d9f2e64016876300738144d1a41605925a916babeba82ea35e9a6
11,900,1000,0.7286102771759033,0.9074590603510538,0.1581340202784594,4.479966640472412,0.9074590603510538,0.1581340202784594,1.3328430652618408,0.10994457452592574,1.0885529965162277,0.4304790525064716,0.425384004910787,0.18109393616517389,13,12,2,2560,7352,245,613,5da1c407274d9f2e64016876300738144d1a41605925a916babeba82ea35e9a6
23,825,1000,0.9116224050521851,1.031192938486735,0.20935321684559124,4.399134635925293,1.031192938486735,0.20935321684559124,1.3383467197418213,0.05287772774958637,1.2502220273017883,0.08076464215532038,0.3071537812550862,0.21902908881505323,13,12,2,2560,7352,245,613,5da1c407274d9f2e64016876300738144d1a41605925a916babeba82ea35e9a6
37,875,1000,0.82381272315979,0.901360034942627,0.15785312357729372,4.338502407073975,0.901360034942627,0.15785312357729372,1.228622039159139,0.09002184237972656,1.175059735774994,0.12133396166817419,0.32726200421651197,0.27369970083236694,13,12,2,2560,7352,245,613,5da1c407274d9f2e64016876300738144d1a41605925a916babeba82ea35e9a6
11,875,1000,0.801103837788105,0.5733115971088409,0.44443728201009597,2.730445384979248,0.5733115971088409,0.44443728201009597,1.177652398745219,0.09951591490886846,1.008858259767294,0.30212250395106205,0.604340801636378,0.435546662658453,13,13,3,2560,7352,245,613,5da1c407274d9f2e64016876300738144d1a41605925a916babeba82ea35e9a6
23,975,1000,0.8184216767549515,0.7950395246346792,0.30425349833193327,2.9182515144348145,0.7950395246346792,0.30425349833193327,1.291404167811076,0.08120571430978472,1.2656123638153076,0.061996891214281105,0.4963646431763967,0.4705728391806284,13,13,3,2560,7352,245,613,5da1c407274d9f2e64016876300738144d1a41605925a916babeba82ea35e9a6
37,950,1000,0.838831827044487,0.8544814636309942,0.30099814785408935,3.107675552368164,0.8544814636309942,0.30099814785408935,1.3066563208897908,0.10171530710044367,1.284186065196991,0.07303270075944715,0.4521748572587966,0.42970460156599677,13,13,3,2560,7352,245,613,5da1c407274d9f2e64016876300738144d1a41605925a916babeba82ea35e9a6
11,1000,1000,0.9416258409619331,0.9759651323159536,0.3908423518182021,5.239785194396973,0.9759651323159536,0.3908423518182021,1.232337236404419,0.1112670862770859,1.2234782576560974,0.07388147546241353,0.25637210408846534,0.2475131253401438,13,14,3,2560,7352,245,613,5da1c407274d9f2e64016876300738144d1a41605925a916babeba82ea35e9a6
23,1000,1000,0.9193039014935493,0.9403154080112776,0.35378739986149976,5.573703289031982,0.9403154080112776,0.35378739986149976,1.1702477931976318,0.06838294627115686,1.1785215139389038,0.06074959142460183,0.22993238518635428,0.23820610592762625,13,14,3,2560,7352,245,613,5da1c407274d9f2e64016876300738144d1a41605925a916babeba82ea35e9a6
37,975,1000,0.9219880998134613,0.901512990395228,0.4383694298620675,4.982738494873047,0.901512990395228,0.4383694298620675,1.1669223308563232,0.06344271972540325,1.215599000453949,0.07015745695809845,0.2654093404610952,0.31408601005872094,13,14,3,2560,7352,245,613,5da1c407274d9f2e64016876300738144d1a41605925a916babeba82ea35e9a6
11,825,1000,0.8126426041126251,0.620094100634257,0.45235297368273303,3.888591766357422,0.620094100634257,0.45235297368273303,0.8773646752039591,0.184630119586598,0.93781977891922,0.0844382802633822,0.25727057456970215,0.317725678284963,13,15,4,2560,7352,245,613,5da1c407274d9f2e64016876300738144d1a41605925a916babeba82ea35e9a6
23,975,1000,0.7782632559537888,0.6551934114346901,0.3242061443059379,3.957679510116577,0.6551934114346901,0.3242061443059379,0.8930308818817139,0.07565852735890374,0.9457842707633972,0.08650334979867548,0.23783747044702375,0.2905908593287071,13,15,4,2560,7352,245,613,5da1c407274d9f2e64016876300738144d1a41605925a916babeba82ea35e9a6
37,975,1000,0.8849212825298309,0.7520192861557007,0.3355891004593636,4.119674205780029,0.7520192861557007,0.3355891004593636,1.0574098825454712,0.1049388413919279,1.0298177599906921,0.09426875097804259,0.3053905963897705,0.27779847383499146,13,15,4,2560,7352,245,613,5da1c407274d9f2e64016876300738144d1a41605925a916babeba82ea35e9a6
11,925,1000,0.7905173301696777,0.8557088772455851,0.4273219250047988,2.7373220920562744,0.8557088772455851,0.4273219250047988,1.2917801141738892,0.06293885571023476,1.3431419134140015,0.0676400684969757,0.4360712369283041,0.4874330361684164,14,1,1,2560,7352,245,613,5da1c407274d9f2e64016876300738144d1a41605925a916babeba82ea35e9a6
23,650,900,0.638946607708931,0.6879500945409139,0.32468274858095353,2.037717580795288,0.6879500945409139,0.32468274858095353,1.060816725095113,0.023856957813992864,1.0923598408699036,0.050110140937368736,0.3728666305541991,0.4044097463289896,14,1,1,2560,7352,245,613,5da1c407274d9f2e64016876300738144d1a41605925a916babeba82ea35e9a6
37,1000,1000,0.6677532643079758,0.7269720633824667,0.44232545640066395,2.5535545349121094,0.7269720633824667,0.44232545640066395,1.1970055500666301,0.0543897526931249,1.1900428533554077,0.05602163246760529,0.47003348668416345,0.46307078997294104,14,1,1,2560,7352,245,613,5da1c407274d9f2e64016876300738144d1a41605925a916babeba82ea35e9a6
11,925,1000,1.229050636291504,0.9530931810537974,0.3740444894275894,5.442436218261719,0.9530931810537974,0.3740444894275894,1.2617534796396892,0.036023992752354364,1.2675390839576721,0.07016946925315595,0.30866029858589183,0.31444590290387475,14,2,1,2560,7352,245,613,5da1c407274d9f2e64016876300738144d1a41605925a916babeba82ea35e9a6
23,900,1000,1.254443645477295,1.0546724200248718,0.4213057050170088,6.35852575302124,1.0546724200248718,0.4213057050170088,1.3718148072560628,0.06266939222671128,1.3495413661003113,0.0677110843340181,0.3171423872311909,0.29486894607543945,14,2,1,2560,7352,245,613,5da1c407274d9f2e64016876300738144d1a41605925a916babeba82ea35e9a6
37,800,1000,1.2104648351669312,1.100580056508382,0.38001409864359165,5.097200393676758,1.100580056508382,0.38001409864359165,1.3885157505671184,0.06875411191562093,1.383579969406128,0.050739183653261834,0.2879356940587363,0.28299991289774584,14,2,1,2560,7352,245,613,5da1c407274d9f2e64016876300738144d1a41605925a916babeba82ea35e9a6
11,975,1000,0.8860857486724854,0.871162494023641,0.39898614960681167,4.070937156677246,0.871162494023641,0.39898614960681167,1.1460890769958496,0.07573457320182779,1.199958860874176,0.07429918154841662,0.2749265829722086,0.32879636685053504,14,3,2,2560,7352,245,613,5da1c407274d9f2e64016876300738144d1a41605925a916babeba82ea35e9a6
23,900,1000,0.8231019675731659,0.6437058448791504,0.6731750158951839,3.5872902870178223,0.6437058448791504,0.6731750158951839,1.0793016850948334,0.04982858748860577,1.0876340866088867,0.13935096941064182,0.435595840215683,0.44392824172973633,14,3,2,2560,7352,245,613,5da1c407274d9f2e64016876300738144d1a41605925a916babeba82ea35e9a6
37,900,1000,0.8955916464328766,0.7852101723353068,0.45481502486061415,4.005443572998047,0.7852101723353068,0.45481502486061415,1.1046425501505535,0.0814300565922431,1.1494582891464233,0.07949822089826589,0.3194323778152467,0.3642481168111166,14,3,2,2560,7352,245,613,5da1c407274d9f2e64016876300738144d1a41605925a916babeba82ea35e9a6
11,1000,1000,1.1623965501785278,1.1694395144780476,0.23176821679335166,4.898993015289307,1.1694395144780476,0.23176821679335166,1.4145307143529255,0.08838914936920708,1.2668262124061584,0.22262695901066118,0.24509119987487793,0.09738669792811083,14,4,1,2560,7352,245,613,5da1c407274d9f2e64016876300738144d1a41605925a916babeba82ea35e9a6
23,1000,1000,1.1110999584197998,1.076825737953186,0.18880951240523963,4.737957000732422,1.076825737953186,0.18880951240523963,1.3548468748728435,0.06343153732424639,1.0449981652200222,0.301449481781895,0.27802113691965746,0.031827572733163834,14,4,1,2560,7352,245,613,5da1c407274d9f2e64016876300738144d1a41605925a916babeba82ea35e9a6
37,700,950,0.99056077003479,1.052426775296529,0.17497745243516108,3.6706652641296387,1.052426775296529,0.17497745243516108,1.25006107489268,0.08565540665892589,1.0517539381980896,0.4512819854664783,0.19763429959615086,0.0006728370984394605,14,4,1,2560,7352,245,613,5da1c407274d9f2e64016876300738144d1a41605925a916babeba82ea35e9a6
11,750,1000,0.686280719935894,0.6920368721087774,0.2856489156118125,2.5113394260406494,0.6920368721087774,0.2856489156118125,1.0857436656951904,0.05595925473611437,1.1392316222190857,0.028375044249707503,0.39370679358641303,0.4471947501103083,14,5,2,2560,7352,245,613,5da1c407274d9f2e64016876300738144d1a41605925a916babeba82ea35e9a6
23,1000,1000,0.7731416299939156,0.7733697891235352,0.3112466096751966,3.015549659729004,0.7733697891235352,0.3112466096751966,1.2049007415771484,0.043051346174871566,1.2148637175559998,0.0599732354391915,0.4315309524536133,0.4414939284324646,14,5,2,2560,7352,245,613,5da1c407274d9f2e64016876300738144d1a41605925a916babeba82ea35e9a6
37,975,1000,0.752789169549942,0.7668352176745733,0.3274171933354884,2.8109045028686523,0.7668352176745733,0.3274171933354884,1.2035729885101318,0.03056656339381625,1.2103589177131653,0.05919319723917666,0.43673777083555854,0.443523700038592,14,5,2,2560,7352,245,613,5da1c407274d9f2e64016876300738144d1a41605925a916babeba82ea35e9a6
11,925,1000,1.1081093475222588,0.8782862077156702,0.37542592406835656,5.2753376960754395,0.8782862077156702,0.37542592406835656,1.1623997688293457,0.10073358490510219,1.2000781297683716,0.04053447937666199,0.2841135611136755,0.32179192205270135,14,6,2,2560,7352,245,613,5da1c407274d9f2e64016876300738144d1a41605925a916babeba82ea35e9a6
23,925,1000,1.1013829708099365,0.8354284266630808,0.37585639118259656,5.5818610191345215,0.8354284266630808,0.37585639118259656,1.1410071154435475,0.08538471474695816,1.1320255994796753,0.05038919607743093,0.3055786887804667,0.2965971728165945,14,6,2,2560,7352,245,613,5da1c407274d9f2e64016876300738144d1a41605925a916babeba82ea35e9a6
37,975,1000,1.2025449126958847,1.0386623243490856,0.4116568925822948,5.673666477203369,1.0386623243490856,0.4116568925822948,1.3814174334208171,0.08647857186552477,1.3923031091690063,0.04781920055484172,0.34275510907173157,0.3536407848199208,14,6,2,2560,7352,245,613,5da1c407274d9f2e64016876300738144d1a41605925a916babeba82ea35e9a6
11,925,1000,0.8336713314056396,0.7434947888056437,0.40761017566019064,3.5724549293518066,0.7434947888056437,0.40761017566019064,1.0260401169459026,0.05901032802067505,1.0319843888282776,0.045097312620671584,0.2825453281402589,0.2884896000226339,14,7,3,2560,7352,245,613,5da1c407274d9f2e64016876300738144d1a41605925a916babeba82ea35e9a6
23,975,1000,0.7493865489959717,0.5145955781141917,0.5857546430439566,3.7896597385406494,0.5145955781141917,0.5857546430439566,0.9495907624562582,0.08069952379273258,0.9693871736526489,0.09836811467317601,0.4349951843420665,0.45479159553845727,14,7,3,2560,7352,245,613,5da1c407274d9f2e64016876300738144d1a41605925a916babeba82ea35e9a6
37,975,1000,0.8026924133300781,0.4380228817462921,0.6004758255848313,3.6488418579101562,0.4380228817462921,0.6004758255848313,0.9524629513422648,0.09705466290920103,0.9693508148193359,0.09419876618818847,0.5144400695959727,0.5313279330730438,14,7,3,2560,7352,245,613,5da1c407274d9f2e64016876300738144d1a41605925a916babeba82ea35e9a6
11,675,925,0.9191853702068329,0.8975328604380289,0.16990438263702023,3.0549445152282715,0.8975328604380289,0.16990438263702023,1.1600682735443115,0.023100571776410773,1.1254433393478394,0.05781083932019064,0.2625354131062826,0.22791047890981042,14,8,1,2560,7352,245,613,5da1c407274d9f2e64016876300738144d1a41605925a916babeba82ea35e9a6
23,1000,1000,1.1948949098587036,1.1555968125661213,0.197464424635783,5.101444244384766,1.1555968125661213,0.197464424635783,1.4561166763305664,0.0643031435767808,1.4385862946510315,0.10303685205043665,0.30051986376444506,0.28298948208491015,14,8,1,2560,7352,245,613,5da1c407274d9f2e64016876300738144d1a41605925a916babeba82ea35e9a6
37,1000,1000,1.076242908835411,0.9330890576044718,0.20336207755680719,4.661415100097656,0.9330890576044718,0.20336207755680719,1.410947283109029,0.07223591432301996,1.2303575277328491,0.19521850979360653,0.47785822550455725,0.2972684701283773,14,8,1,2560,7352,245,613,5da1c407274d9f2e64016876300738144d1a41605925a916babeba82ea35e9a6
11,900,1000,0.7917134836316109,0.7803370952606201,0.26287330433110656,3.1809804439544678,0.7803370952606201,0.26287330433110656,1.2209797700246174,0.06506146774174336,1.1971747279167175,0.07281632360578685,0.4406426747639973,0.4168376326560974,14,9,2,2560,7352,245,613,5da1c407274d9f2e64016876300738144d1a41605925a916babeba82ea35e9a6
23,750,1000,0.7883398532867432,0.7651991844177246,0.24308234390013886,2.981107234954834,0.7651991844177246,0.24308234390013886,1.1625025272369385,0.07043426795523325,1.1538057923316956,0.06131506200570369,0.39730334281921387,0.38860660791397095,14,9,2,2560,7352,245,613,5da1c407274d9f2e64016876300738144d1a41605925a916babeba82ea35e9a6
37,850,1000,0.8118566572666168,0.7371420562267303,0.2794458034397777,3.1326282024383545,0.7371420562267303,0.2794458034397777,1.0639270146687825,0.04592253342132319,1.0867946818470955,0.07501536416640395,0.32678495844205213,0.34965262562036514,14,9,2,2560,7352,245,613,5da1c407274d9f2e64016876300738144d1a41605925a916babeba82ea35e9a6
11,1000,1000,1.2566897869110107,1.0917383780082066,0.3548295752353728,5.384490966796875,1.0917383780082066,0.3548295752353728,1.290562391281128,0.07463780205317343,1.2918384671211243,0.08858597353564687,0.19882401327292132,0.20010008911291766,14,10,2,2560,7352,245,613,5da1c407274d9f2e64016876300738144d1a41605925a916babeba82ea35e9a6
23,850,1000,1.1086751222610474,0.8190771241982778,0.3147005491763571,4.953928470611572,0.8190771241982778,0.3147005491763571,1.057157854239146,0.06938298023961656,1.0950054004788399,0.0761629624593064,0.23808073004086816,0.27592827628056205,14,10,2,2560,7352,245,613,5da1c407274d9f2e64016876300738144d1a41605925a916babeba82ea35e9a6
37,875,1000,1.1211243867874146,0.9867803951104482,0.3211137184773711,4.705689907073975,0.9867803951104482,0.3211137184773711,1.2207025686899822,0.08924924770888094,1.2491851449012756,0.066410055898329,0.23392217357953393,0.2624047497908274,14,10,2,2560,7352,245,613,5da1c407274d9f2e64016876300738144d1a41605925a916babeba82ea35e9a6
11,950,1000,0.8035821989178658,0.22152658303578696,1.1521051706459182,3.3947694301605225,0.22152658303578696,1.1521051706459182,0.9329031705856323,0.13167445750239817,0.837495893239975,0.29211881451904903,0.7113765875498453,0.615969310204188,14,11,3,2560,7352,245,613,5da1c407274d9f2e64016876300738144d1a41605925a916babeba82ea35e9a6
23,925,1000,0.7536903023719788,0.4848032196362813,0.42009643715127454,3.562285900115967,0.4848032196362813,0.42009643715127454,0.9635775486628214,0.03877544966019678,0.8750937059521675,0.19248953187998097,0.4787743290265401,0.3902904863158862,14,11,3,2560,7352,245,613,5da1c407274d9f2e64016876300738144d1a41605925a916babeba82ea35e9a6
37,850,1000,0.8652560710906982,0.7284321337938309,0.29139318436460515,3.478606700897217,0.7284321337938309,0.29139318436460515,0.9413090944290161,0.04892332994403557,0.9592794179916382,0.10442456606802414,0.21287696063518524,0.2308472841978073,14,11,3,2560,7352,245,613,5da1c407274d9f2e64016876300738144d1a41605925a916babeba82ea35e9a6
11,975,1000,0.8140301704406738,0.9022277196248373,0.21712142600432685,4.643959999084473,0.9022277196248373,0.21712142600432685,1.3060920238494873,0.05884678681115544,1.2340322732925415,0.08989124274739888,0.40386430422465003,0.3318045536677042,14,12,2,2560,7352,245,613,5da1c407274d9f2e64016876300738144d1a41605925a916babeba82ea35e9a6
23,825,1000,0.839592456817627,0.9660139481226603,0.16449020874481182,4.077045440673828,0.9660139481226603,0.16449020874481182,1.2928386529286702,0.0466104141150474,1.1878281831741333,0.08740782600960639,0.3268247048060099,0.22181423505147302,14,12,2,2560,7352,245,613,5da1c407274d9f2e64016876300738144d1a41605925a916babeba82ea35e9a6
37,875,1000,0.9209489524364471,0.9426464637120565,0.17205139239912323,4.423268795013428,0.9426464637120565,0.17205139239912323,1.266051212946574,0.07189070409895584,1.2478779554367065,0.09931522196880341,0.32340474923451745,0.30523149172465003,14,12,2,2560,7352,245,613,5da1c407274d9f2e64016876300738144d1a41605925a916babeba82ea35e9a6
11,825,1000,0.7330820113420486,0.7010716199874878,0.29407948138820145,2.5478627681732178,0.7010716199874878,0.29407948138820145,1.172271768252055,0.0641186789232207,1.1249933242797852,0.12694245080085736,0.47120014826456713,0.42392170429229736,14,13,3,2560,7352,245,613,5da1c407274d9f2e64016876300738144d1a41605925a916babeba82ea35e9a6
23,975,1000,0.8768061324954033,0.8639130145311356,0.31496968827113087,3.2601850032806396,0.8639130145311356,0.31496968827113087,1.311213533083598,0.09359609718052955,1.2913811802864075,0.08445772154978194,0.44730051855246233,0.4274681657552719,14,13,3,2560,7352,245,613,5da1c407274d9f2e64016876300738144d1a41605925a916babeba82ea35e9a6
37,950,1000,0.7818657606840134,0.7540659457445145,0.23868875766194725,2.613309860229492,0.7540659457445145,0.23868875766194725,1.198839505513509,0.05256140058689477,1.1699784398078918,0.06591582891064955,0.4447735597689946,0.4159124940633774,14,13,3,2560,7352,245,613,5da1c407274d9f2e64016876300738144d1a41605925a916babeba82ea35e9a6
11,900,1000,0.9816481918096542,0.969674825668335,0.38060975414625053,5.1016740798950195,0.969674825668335,0.38060975414625053,1.2449045181274414,0.09228751659651696,1.249423861503601,0.05873197389406276,0.27522969245910645,0.2797490358352661,14,14,3,2560,7352,245,613,5da1c407274d9f2e64016876300738144d1a41605925a916babeba82ea35e9a6
23,750,1000,0.9468341767787933,0.9365404148896536,0.33937280658228297,4.315155029296875,0.9365404148896536,0.33937280658228297,1.1199699242909749,0.09193404935840367,1.1385971903800964,0.04667842699547366,0.1834295094013213,0.20205677549044287,14,14,3,2560,7352,245,613,5da1c407274d9f2e64016876300738144d1a41605925a916babeba82ea35e9a6
37,850,1000,0.9324298053979874,0.8854147990544637,0.316626843528048,4.463979244232178,0.8854147990544637,0.316626843528048,1.1662908395131428,0.06809406186217541,1.1851797699928284,0.046188629970822404,0.2808760404586791,0.2997649709383646,14,14,3,2560,7352,245,613,5da1c407274d9f2e64016876300738144d1a41605925a916babeba82ea35e9a6
11,900,1000,0.8723700046539307,0.6990224868059158,0.4661408150508871,4.315790176391602,0.6990224868059158,0.4661408150508871,1.0428115924199421,0.07223004903482455,0.9929050207138062,0.10786257475903242,0.3437891056140263,0.2938825339078903,14,15,4,2560,7352,245,613,5da1c407274d9f2e64016876300738144d1a41605925a916babeba82ea35e9a6
23,900,1000,0.8467874526977539,0.7413478307425976,0.3675593445891699,4.073197841644287,0.7413478307425976,0.3675593445891699,0.9964485565821329,0.04839021482740582,0.9937106370925903,0.08911049661814602,0.25510072583953536,0.25236280634999275,14,15,4,2560,7352,245,613,5da1c407274d9f2e64016876300738144d1a41605925a916babeba82ea35e9a6
37,900,1000,0.8468625843524933,0.635887086391449,0.31629476868574846,3.774915933609009,0.635887086391449,0.31629476868574846,0.9447423915068308,0.049933801775040317,0.9792545065283775,0.09246725267834192,0.30885530511538184,0.34336742013692856,14,15,4,2560,7352,245,613,5da1c407274d9f2e64016876300738144d1a41605925a916babeba82ea35e9a6
11,975,1000,0.7215752601623535,0.7725425958633423,0.3586962288699967,2.555450677871704,0.7725425958633423,0.3586962288699967,1.194679816563924,0.04198384790683099,1.1979706287384033,0.06403960666080807,0.4221372207005818,0.42542803287506104,15,1,1,2560,7352,245,613,5da1c407274d9f2e64016876300738144d1a41605925a916babeba82ea35e9a6
23,1000,1000,0.7951153516769409,0.7969852685928345,0.386322342446958,2.7978873252868652,0.7969852685928345,0.386322342446958,1.2013812859853108,0.05458427501824622,1.2260822057724,0.0694626576551321,0.4043960173924763,0.42909693717956543,15,1,1,2560,7352,245,613,5da1c407274d9f2e64016876300738144d1a41605925a916babeba82ea35e9a6
37,1000,1000,0.7663697004318237,0.8345658779144287,0.4246454073067392,2.831301212310791,0.8345658779144287,0.4246454073067392,1.3529688517252605,0.052836585605334135,1.3465774655342102,0.062191279686562594,0.5184029738108318,0.5120115876197815,15,1,1,2560,7352,245,613,5da1c407274d9f2e64016876300738144d1a41605925a916babeba82ea35e9a6
11,875,1000,1.2389921993017197,1.0019214550654094,0.3676711808836544,5.9311323165893555,1.0019214550654094,0.3676711808836544,1.340419848759969,0.04146627959687132,1.3551192879676819,0.06789500840696533,0.3384983936945596,0.35319783290227247,15,2,1,2560,7352,245,613,5da1c407274d9f2e64016876300738144d1a41605925a916babeba82ea35e9a6
23,975,1000,1.3478381633758545,1.1414941151936848,0.4068914713013474,6.372480392456055,1.1414941151936848,0.4068914713013474,1.508564869562785,0.05287173827632657,1.4889891743659973,0.06478845637172011,0.3670707543691001,0.3474950591723125,15,2,1,2560,7352,245,613,5da1c407274d9f2e64016876300738144d1a41605925a916babeba82ea35e9a6
37,875,1000,1.2922979593276978,1.0413296222686768,0.41151425812302606,5.799467086791992,1.0413296222686768,0.41151425812302606,1.420123020807902,0.08830606432911274,1.3748106956481934,0.06107524746097063,0.37879339853922533,0.3334810733795166,15,2,1,2560,7352,245,613,5da1c407274d9f2e64016876300738144d1a41605925a916babeba82ea35e9a6
11,1000,1000,0.8520830869674683,0.7176246245702108,0.5318255166636371,3.772796869277954,0.7176246245702108,0.5318255166636371,1.0904466211795807,0.07932594373166901,1.1247697994112968,0.08225346574558196,0.3728219966093699,0.40714517484108603,15,3,2,2560,7352,245,613,5da1c407274d9f2e64016876300738144d1a41605925a916babeba82ea35e9a6
23,850,1000,0.8246958553791046,0.6222185691197714,0.6022435832882669,3.4947710037231445,0.6222185691197714,0.6022435832882669,0.995589037736257,0.09980596802133247,1.0926626399159431,0.0781646407288152,0.3733704686164856,0.4704440707961718,15,3,2,2560,7352,245,613,5da1c407274d9f2e64016876300738144d1a41605925a916babeba82ea35e9a6
37,900,1000,0.8699430227279663,0.7182732820510864,0.5787332552673873,3.8694002628326416,0.7182732820510864,0.5787332552673873,1.0827627778053284,0.0958489287265632,1.1310942769050598,0.061326487957202226,0.36448949575424194,0.4128209948539734,15,3,2,2560,7352,245,613,5da1c407274d9f2e64016876300738144d1a41605925a916babeba82ea35e9a6
11,1000,1000,1.2068524360656738,1.1053662399450939,0.21723625101800642,4.88433313369751,1.1053662399450939,0.21723625101800642,1.324873685836792,0.06927310647727235,1.2697961404919624,0.1430367941968355,0.21950744589169813,0.16442990054686857,15,4,1,2560,7352,245,613,5da1c407274d9f2e64016876300738144d1a41605925a916babeba82ea35e9a6
23,1000,1000,1.1702064275741577,1.1293065945307414,0.21704026647206506,4.742948055267334,1.1293065945307414,0.21704026647206506,1.4025689760843914,0.040576808556361296,1.1859506964683533,0.212642818996836,0.2732623815536499,0.056644101937611824,15,4,1,2560,7352,245,613,5da1c407274d9f2e64016876300738144d1a41605925a916babeba82ea35e9a6
37,900,1000,1.185162901878357,1.1165684064229329,0.2234674151356015,4.279463768005371,1.1165684064229329,0.2234674151356015,1.3073749542236328,0.061253997975938244,1.2588850855827332,0.10231697804392495,0.19080654780069994,0.14231667915980029,15,4,1,2560,7352,245,613,5da1c407274d9f2e64016876300738144d1a41605925a916babeba82ea35e9a6
11,975,1000,0.682775691151619,0.7016810129086176,0.29403562763819735,2.7850852012634277,0.7016810129086176,0.29403562763819735,1.1202661593755086,0.020856097714062702,1.1626706719398499,0.055850602697039654,0.41858514646689093,0.46098965903123224,15,5,2,2560,7352,245,613,5da1c407274d9f2e64016876300738144d1a41605925a916babeba82ea35e9a6
23,1000,1000,0.7708032876253128,0.8200589319070181,0.33134053300396665,2.873281478881836,0.8200589319070181,0.33134053300396665,1.235025962193807,0.026153304180556895,1.2671228051185608,0.05709888244812743,0.41496703028678883,0.44706387321154273,15,5,2,2560,7352,245,613,5da1c407274d9f2e64016876300738144d1a41605925a916babeba82ea35e9a6
37,975,1000,0.7271251678466797,0.7318441470464071,0.34325684129318035,2.7518796920776367,0.7318441470464071,0.34325684129318035,1.187746485074361,0.028033188772147586,1.208907127380371,0.03978551633795482,0.455902338027954,0.477062980333964,15,5,2,2560,7352,245,613,5da1c407274d9f2e64016876300738144d1a41605925a916babeba82ea35e9a6
11,850,1000,1.1265354081988335,0.9617240081230799,0.37117147604525247,4.744406700134277,0.9617240081230799,0.37117147604525247,1.2426612774531047,0.08661132001481686,1.2782346606254578,0.06089748555881856,0.28093726933002483,0.31651065250237786,15,6,2,2560,7352,245,613,5da1c407274d9f2e64016876300738144d1a41605925a916babeba82ea35e9a6
23,925,1000,1.1717855781316757,0.8248365720113119,0.37283175742216873,5.166971206665039,0.8248365720113119,0.37283175742216873,1.1209181149800618,0.0740167410158138,1.135994791984558,0.07118345037607494,0.2960815429687499,0.3111582199732462,15,6,2,2560,7352,245,613,5da1c407274d9f2e64016876300738144d1a41605925a916babeba82ea35e9a6
37,950,1000,1.1482590436935425,0.9828470846017202,0.37968404766118363,4.8519110679626465,0.9828470846017202,0.37968404766118363,1.2601477305094402,0.09141526932456037,1.3222436904907227,0.0708210789663023,0.27730064590771997,0.33939660588900245,15,6,2,2560,7352,245,613,5da1c407274d9f2e64016876300738144d1a41605925a916babeba82ea35e9a6
11,975,1000,0.7981990575790405,0.7214003006617228,0.5128801569607195,3.762847423553467,0.7214003006617228,0.5128801569607195,1.0433339377244313,0.05265677222575049,1.0391453579068184,0.09074221349190958,0.3219336370627085,0.3177450572450956,15,7,3,2560,7352,245,613,5da1c407274d9f2e64016876300738144d1a41605925a916babeba82ea35e9a6
23,775,1000,0.8028426617383957,0.694353903333346,0.420008894326905,3.2139780521392822,0.694353903333346,0.420008894326905,1.0135455926259358,0.0620074918145771,1.0120403170585632,0.04227971011130838,0.3191916892925898,0.3176864137252172,15,7,3,2560,7352,245,613,5da1c407274d9f2e64016876300738144d1a41605925a916babeba82ea35e9a6
37,975,1000,0.7786058634519577,0.7500751515229543,0.33743627034266804,3.9180359840393066,0.7500751515229543,0.33743627034266804,1.0167032380898793,0.054216007454858925,1.0359526351094246,0.0318169321547252,0.26662808656692494,0.28587748358647025,15,7,3,2560,7352,245,613,5da1c407274d9f2e64016876300738144d1a41605925a916babeba82ea35e9a6
11,875,1000,0.994538426399231,1.0276944041252136,0.21183819889407976,4.048932075500488,1.0276944041252136,0.21183819889407976,1.320111354192098,0.04172593123268751,1.2657955288887024,0.08311748816183726,0.2924169500668843,0.23810112476348877,15,8,1,2560,7352,245,613,5da1c407274d9f2e64016876300738144d1a41605925a916babeba82ea35e9a6
23,1000,1000,1.0679513067007065,1.0055556495984395,0.18776652393143178,4.828906059265137,1.0055556495984395,0.18776652393143178,1.2136580149332683,0.09320421594232554,1.2128260135650635,0.10749406579816369,0.20810236533482884,0.20727036396662402,15,8,1,2560,7352,245,613,5da1c407274d9f2e64016876300738144d1a41605925a916babeba82ea35e9a6
37,1000,1000,1.123849868774414,0.9094600280125936,0.21428660498598417,4.793944358825684,0.9094600280125936,0.21428660498598417,1.3307741085688274,0.1173032726499339,1.2002202868461609,0.10421973695986625,0.42131408055623376,0.29076025883356726,15,8,1,2560,7352,245,613,5da1c407274d9f2e64016876300738144d1a41605925a916babeba82ea35e9a6
11,825,1000,0.7523370832204819,0.7443047761917114,0.2774397357634068,2.8331503868103027,0.7443047761917114,0.2774397357634068,1.1514439185460408,0.04934873133157523,1.1108028292655945,0.055366386577254095,0.40713914235432935,0.36649805307388306,15,9,2,2560,7352,245,613,5da1c407274d9f2e64016876300738144d1a41605925a916babeba82ea35e9a6
23,975,1000,0.8858633115887642,0.7904955148696899,0.2887696705290801,3.4016151428222656,0.7904955148696899,0.2887696705290801,1.1736475626627605,0.07181424683808203,1.1769773364067078,0.07263885706283933,0.38315204779307055,0.3864818215370178,15,9,2,2560,7352,245,613,5da1c407274d9f2e64016876300738144d1a41605925a916babeba82ea35e9a6
37,850,1000,0.7978968620300293,0.7566709915796915,0.2645393109369761,3.18330717086792,0.7566709915796915,0.2645393109369761,1.1196333567301433,0.02637586573189635,1.1215487718582153,0.05676211747146881,0.36296236515045177,0.3648777802785238,15,9,2,2560,7352,245,613,5da1c407274d9f2e64016876300738144d1a41605925a916babeba82ea35e9a6
11,900,1000,1.1598453670740128,0.9728837062915167,0.3251312766663533,4.840275764465332,0.9728837062915167,0.3251312766663533,1.1871447960535686,0.08400250772440683,1.233640968799591,0.10024615588866014,0.21426108976205194,0.2607572625080744,15,10,2,2560,7352,245,613,5da1c407274d9f2e64016876300738144d1a41605925a916babeba82ea35e9a6
23,825,1000,1.130693182349205,0.8439693848292033,0.32926822457200333,4.924663066864014,0.8439693848292033,0.32926822457200333,1.130384087562561,0.09604004371400657,1.1591293215751648,0.07676775192061816,0.2864147027333578,0.31515993674596154,15,10,2,2560,7352,245,613,5da1c407274d9f2e64016876300738144d1a41605925a916babeba82ea35e9a6
37,875,1000,1.134673371911049,0.912625789642334,0.3196021449527777,4.7784271240234375,0.912625789642334,0.3196021449527777,1.1433305740356445,0.05315730092944158,1.1662010550498962,0.0654512335763321,0.23070478439331055,0.25357526540756226,15,10,2,2560,7352,245,613,5da1c407274d9f2e64016876300738144d1a41605925a916babeba82ea35e9a6
11,950,1000,0.8291548490524292,0.41762884457906085,0.8451786384370652,3.597733974456787,0.41762884457906085,0.8451786384370652,0.9551604588826498,0.10369232183932461,1.0277109742164612,0.09955994668001038,0.5375316143035889,0.6100821296374004,15,11,3,2560,7352,245,613,5da1c407274d9f2e64016876300738144d1a41605925a916babeba82ea35e9a6
23,750,1000,0.8123285844922066,0.6940186073382696,0.32996973054948703,3.377171754837036,0.6940186073382696,0.32996973054948703,0.9607725143432617,0.03158463730140575,0.9989309906959534,0.11715948342542837,0.26675390700499213,0.3049123833576838,15,11,3,2560,7352,245,613,5da1c407274d9f2e64016876300738144d1a41605925a916babeba82ea35e9a6
37,1000,1000,0.8361284732818604,0.07230532169342041,1.1851374581328136,3.764047861099243,0.07230532169342041,1.1851374581328136,0.9906150996685028,0.05426698061087305,0.9865232408046722,0.0823963895959051,0.9183097779750824,0.9142179191112518,15,11,3,2560,7352,245,613,5da1c407274d9f2e64016876300738144d1a41605925a916babeba82ea35e9a6
11,875,1000,0.833660900592804,0.904493530591329,0.21020024489348338,4.624291896820068,0.904493530591329,0.21020024489348338,1.196791648864746,0.09396019215390017,1.18435400724411,0.09147463233500651,0.2922981182734171,0.27986047665278113,15,12,2,2560,7352,245,613,5da1c407274d9f2e64016876300738144d1a41605925a916babeba82ea35e9a6
23,950,1000,0.8618346378207207,0.8852661450703939,0.23455227363239742,4.909093856811523,0.8852661450703939,0.23455227363239742,1.2145202954610188,0.12691556799324116,1.1555678248405457,0.2051913212603454,0.3292541503906249,0.27030167977015174,15,12,2,2560,7352,245,613,5da1c407274d9f2e64016876300738144d1a41605925a916babeba82ea35e9a6
37,950,1000,0.8686848878860474,0.9027720292409261,0.18944499816699997,4.781706809997559,0.9027720292409261,0.18944499816699997,1.3146294752756755,0.09611569932735335,1.2612749338150024,0.10746939393911896,0.4118574460347494,0.3585029045740763,15,12,2,2560,7352,245,613,5da1c407274d9f2e64016876300738144d1a41605925a916babeba82ea35e9a6
11,950,1000,0.7235430479049683,0.7518066962560018,0.3129442504271954,2.96834659576416,0.7518066962560018,0.3129442504271954,1.219249685605367,0.06428170457402496,1.1360437870025635,0.17320526762031493,0.4674429893493651,0.38423709074656165,15,13,3,2560,7352,245,613,5da1c407274d9f2e64016876300738144d1a41605925a916babeba82ea35e9a6
23,975,1000,0.7995132952928543,0.7365345160166422,0.2988428804229076,3.0007033348083496,0.7365345160166422,0.2988428804229076,1.2172794342041016,0.09294308878010542,1.1905966401100159,0.05234346282725246,0.48074491818745935,0.45406212409337365,15,13,3,2560,7352,245,613,5da1c407274d9f2e64016876300738144d1a41605925a916babeba82ea35e9a6
37,950,1000,0.7790944501757622,0.7769953409830729,0.29319832300894305,3.0023438930511475,0.7769953409830729,0.29319832300894305,1.255839506785075,0.04838820388078324,1.235788106918335,0.05570939632063501,0.47884416580200206,0.4587927659352621,15,13,3,2560,7352,245,613,5da1c407274d9f2e64016876300738144d1a41605925a916babeba82ea35e9a6
11,975,1000,0.9420758187770844,0.8550393208861351,0.33911280023028106,5.143054008483887,0.8550393208861351,0.33911280023028106,1.0952342251936595,0.09976342724799774,1.0649657770991325,0.07192031831824665,0.24019490430752444,0.20992645621299744,15,14,3,2560,7352,245,613,5da1c407274d9f2e64016876300738144d1a41605925a916babeba82ea35e9a6
23,1000,1000,0.9704188108444214,1.0083326697349548,0.3110515039946506,5.256799221038818,1.0083326697349548,0.3110515039946506,1.1979935963948567,0.07670710165304574,1.2425142526626587,0.07590939836666988,0.18966092665990186,0.23418158292770386,15,14,3,2560,7352,245,613,5da1c407274d9f2e64016876300738144d1a41605925a916babeba82ea35e9a6
37,825,1000,0.9231979548931122,0.8927990893522898,0.3447630292722432,4.586257457733154,0.8927990893522898,0.3447630292722432,1.1217599014441173,0.07629898091803042,1.1800416111946106,0.07077918575460439,0.2289608120918275,0.2872425218423208,15,14,3,2560,7352,245,613,5da1c407274d9f2e64016876300738144d1a41605925a916babeba82ea35e9a6
11,975,1000,0.8719851970672607,0.26995118459065753,0.9756360538313039,4.157067775726318,0.26995118459065753,0.9756360538313039,1.0171936353047688,0.11367282546950368,1.0102189183235168,0.1288461830414588,0.7472424507141113,0.7402677337328594,15,15,4,2560,7352,245,613,5da1c407274d9f2e64016876300738144d1a41605925a916babeba82ea35e9a6
23,900,1000,0.7156521007418633,0.7098041375478109,0.37673374477616944,3.9780948162078857,0.7098041375478109,0.37673374477616944,1.0119234720865886,0.07648142706217533,0.9765081405639648,0.08993149903046803,0.3021193345387777,0.26670400301615393,15,15,4,2560,7352,245,613,5da1c407274d9f2e64016876300738144d1a41605925a916babeba82ea35e9a6
37,900,1000,0.7586163282394409,0.6063970724741617,0.3522702843954379,3.7227420806884766,0.6063970724741617,0.3522702843954379,0.8589667479197184,0.160231891355537,0.8948854207992554,0.11869523672920484,0.25256967544555664,0.2884883483250936,15,15,4,2560,7352,245,613,5da1c407274d9f2e64016876300738144d1a41605925a916babeba82ea35e9a6
11,900,1000,0.7387905120849609,0.8262946208318075,0.3871533852050289,2.566751480102539,0.8262946208318075,0.3871533852050289,1.2798880338668823,0.0399349952961749,1.3102354407310486,0.05236782121279371,0.45359341303507483,0.4839408198992411,16,1,1,2560,7352,245,613,5da1c407274d9f2e64016876300738144d1a41605925a916babeba82ea35e9a6
23,1000,1000,0.6971207857131958,0.7929077545801798,0.3402797211191277,2.739651679992676,0.7929077545801798,0.3402797211191277,1.1810092528661091,0.05601975645267544,1.2239447236061096,0.06386008309186783,0.3881014982859293,0.4310369690259298,16,1,1,2560,7352,245,613,5da1c407274d9f2e64016876300738144d1a41605925a916babeba82ea35e9a6
37,550,800,0.5615084171295166,0.5928786198298136,0.28874396192579627,1.5600836277008057,0.5928786198298136,0.28874396192579627,0.9962470134099325,0.025959259681286564,1.0128108263015747,0.04266181685013757,0.4033683935801189,0.4199322064717611,16,1,1,2560,7352,245,613,5da1c407274d9f2e64016876300738144d1a41605925a916babeba82ea35e9a6
11,975,1000,1.13517165184021,0.9702219764391581,0.3954345423663775,6.037147521972656,0.9702219764391581,0.3954345423663775,1.3380145231882732,0.09299661921423152,1.3641620874404907,0.06690405293004126,0.3677925467491151,0.39394011100133264,16,2,1,2560,7352,245,613,5da1c407274d9f2e64016876300738144d1a41605925a916babeba82ea35e9a6
23,975,1000,1.268768548965454,1.1546401182810466,0.4306975574405471,6.915884971618652,1.1546401182810466,0.4306975574405471,1.5115845998128254,0.048102544772562816,1.4892221689224243,0.07693695687740318,0.3569444815317788,0.3345820506413777,16,2,1,2560,7352,245,613,5da1c407274d9f2e64016876300738144d1a41605925a916babeba82ea35e9a6
37,875,1000,1.2712945938110352,1.0715687076250713,0.4092948958242047,5.560107231140137,1.0715687076250713,0.4092948958242047,1.4024976094563801,0.05917999621901871,1.3671735525131226,0.06947598860131067,0.33092890183130885,0.2956048448880513,16,2,1,2560,7352,245,613,5da1c407274d9f2e64016876300738144d1a41605925a916babeba82ea35e9a6
11,1000,1000,0.9013932943344116,0.779562513033549,0.4426787273806615,4.227497100830078,0.779562513033549,0.4426787273806615,1.1090344190597534,0.07666940743097106,1.1348398327827454,0.06074018133492307,0.32947190602620446,0.3552773197491964,16,3,2,2560,7352,245,613,5da1c407274d9f2e64016876300738144d1a41605925a916babeba82ea35e9a6
23,900,1000,0.8642277792096138,0.7427786588668823,0.4704796187961482,3.6898200511932373,0.7427786588668823,0.4704796187961482,1.0454691648483276,0.048988775011016755,1.1014531999826431,0.08079977828817825,0.3026905059814453,0.3586745411157608,16,3,2,2560,7352,245,613,5da1c407274d9f2e64016876300738144d1a41605925a916babeba82ea35e9a6
37,575,825,0.7535321712493896,0.42646761735280353,0.9108747203872173,2.763319492340088,0.42646761735280353,0.9108747203872173,0.78864053885142,0.37655685774203745,0.9761089384555817,0.06391635149906318,0.3621729214986165,0.5496413211027782,16,3,2,2560,7352,245,613,5da1c407274d9f2e64016876300738144d1a41605925a916babeba82ea35e9a6
11,900,1000,0.9823495149612427,0.8085374881823858,0.172841411405684,4.0373101234436035,0.8085374881823858,0.172841411405684,1.0413212776184082,0.047144851991088706,0.9517166018486023,0.16891343713365406,0.2327837894360224,0.1431791136662165,16,4,1,2560,7352,245,613,5da1c407274d9f2e64016876300738144d1a41605925a916babeba82ea35e9a6
23,1000,1000,1.1803851127624512,1.099639097849528,0.21549262641544706,4.808220863342285,1.099639097849528,0.21549262641544706,1.4185371398925781,0.06537030161319328,1.0914382971823215,0.33480788014162177,0.31889804204305006,0.00820080066720652,16,4,1,2560,7352,245,613,5da1c407274d9f2e64016876300738144d1a41605925a916babeba82ea35e9a6
37,1000,1000,1.2389581203460693,1.1679195960362752,0.242052332684657,4.948314189910889,1.1679195960362752,0.242052332684657,1.4153081973393757,0.08030819277445231,1.2802144289016724,0.23995683542304627,0.24738860130310059,0.11229483286539721,16,4,1,2560,7352,245,613,5da1c407274d9f2e64016876300738144d1a41605925a916babeba82ea35e9a6
11,525,775,0.46409064531326294,0.5132870525121689,0.3331794012632397,1.7458447217941284,0.5132870525121689,0.3331794012632397,0.928464412689209,0.052023758166204935,0.9768638014793396,0.044002033339614666,0.4151773601770401,0.4635767489671707,16,5,2,2560,7352,245,613,5da1c407274d9f2e64016876300738144d1a41605925a916babeba82ea35e9a6
23,750,1000,0.6939760595560074,0.6811120808124542,0.33704292775061584,2.2807981967926025,0.6811120808124542,0.33704292775061584,1.1447334289550781,0.03366861318174909,1.1422972679138184,0.06177531755145153,0.4636213481426239,0.46118518710136414,16,5,2,2560,7352,245,613,5da1c407274d9f2e64016876300738144d1a41605925a916babeba82ea35e9a6
37,1000,1000,0.7667803764343262,0.7436379094918569,0.3084658064479433,2.6926443576812744,0.7436379094918569,0.3084658064479433,1.174757957458496,0.01957838280011561,1.1854866743087769,0.07021553751752625,0.43112004796663916,0.4418487648169199,16,5,2,2560,7352,245,613,5da1c407274d9f2e64016876300738144d1a41605925a916babeba82ea35e9a6
11,925,1000,1.128547564148903,0.9037618339061737,0.35923389771230657,4.8067145347595215,0.9037618339061737,0.35923389771230657,1.1443084875742595,0.08723850524100964,1.2015199065208435,0.049334320386866075,0.2405466536680858,0.2977580726146698,16,6,2,2560,7352,245,613,5da1c407274d9f2e64016876300738144d1a41605925a916babeba82ea35e9a6
23,800,1000,1.1819484233856201,0.8797408441702524,0.39979598793894966,4.624256610870361,0.8797408441702524,0.39979598793894966,1.1827707290649414,0.10612032776346415,1.2537957429885864,0.045408305135893674,0.30302988489468896,0.374054898818334,16,6,2,2560,7352,245,613,5da1c407274d9f2e64016876300738144d1a41605925a916babeba82ea35e9a6
37,975,1000,1.151451826095581,1.0119483669598897,0.4132020941721423,5.549925804138184,1.0119483669598897,0.4132020941721423,1.333711306254069,0.08088239257285827,1.3584176301956177,0.06055578560755657,0.32176293929417943,0.346469263235728,16,6,2,2560,7352,245,613,5da1c407274d9f2e64016876300738144d1a41605925a916babeba82ea35e9a6
11,925,1000,0.8129430934786797,0.7414341270923615,0.41976705161785705,3.3185033798217773,0.7414341270923615,0.41976705161785705,1.0203935106595357,0.06602309349097249,1.0348629727959633,0.04504855247605875,0.2789593835671742,0.29342884570360184,16,7,3,2560,7352,245,613,5da1c407274d9f2e64016876300738144d1a41605925a916babeba82ea35e9a6
23,975,1000,0.7796145230531693,0.012426793575286865,1.1117016170994931,3.687359571456909,0.012426793575286865,1.1117016170994931,1.0086307028929393,0.08763562453927091,1.018386796116829,0.1621795336118162,0.9962039093176525,1.005960002541542,16,7,3,2560,7352,245,613,5da1c407274d9f2e64016876300738144d1a41605925a916babeba82ea35e9a6
37,900,1000,0.7811627388000488,0.6921876221895218,0.33657147425020906,3.5380098819732666,0.6921876221895218,0.33657147425020906,0.9303493499755859,0.059695758578542285,0.9475683569908142,0.04573402945991604,0.23816172778606415,0.2553807348012924,16,7,3,2560,7352,245,613,5da1c407274d9f2e64016876300738144d1a41605925a916babeba82ea35e9a6
11,925,1000,0.9972882270812988,0.9683287143707275,0.2701081705630716,4.298072814941406,0.9683287143707275,0.2701081705630716,1.3114078442255657,0.03704214363969547,1.2709318399429321,0.07792183973441501,0.3430791298548381,0.3026031255722046,16,8,1,2560,7352,245,613,5da1c407274d9f2e64016876300738144d1a41605925a916babeba82ea35e9a6
23,875,1000,0.9912870824337006,0.9955932299296061,0.18833242557567312,4.400461196899414,0.9955932299296061,0.18833242557567312,1.3049554030100505,0.03542992106810763,1.2616783380508423,0.08960275222960438,0.30936217308044445,0.2660851081212362,16,8,1,2560,7352,245,613,5da1c407274d9f2e64016876300738144d1a41605925a916babeba82ea35e9a6
37,1000,1000,1.0787104368209839,1.0052179892857869,0.2696923992948063,4.908256530761719,1.0052179892857869,0.2696923992948063,1.4703538815180461,0.04958212383817286,1.331802248954773,0.08622984130827611,0.46513589223225926,0.3265842596689861,16,8,1,2560,7352,245,613,5da1c407274d9f2e64016876300738144d1a41605925a916babeba82ea35e9a6
11,875,1000,0.7777843177318573,0.7415028810501099,0.2800878054923301,3.3718557357788086,0.7415028810501099,0.2800878054923301,1.1621977090835571,0.04942778273565739,1.174301564693451,0.06498354392283875,0.42069482803344727,0.43279868364334106,16,9,2,2560,7352,245,613,5da1c407274d9f2e64016876300738144d1a41605925a916babeba82ea35e9a6
23,750,1000,0.8015170097351074,0.763104443748792,0.21230698247998173,2.7845921516418457,0.763104443748792,0.21230698247998173,1.1571098168690999,0.05972949126008422,1.1688066720962524,0.05937159546914506,0.3940053731203078,0.4057022283474604,16,9,2,2560,7352,245,613,5da1c407274d9f2e64016876300738144d1a41605925a916babeba82ea35e9a6
37,625,875,0.7114850282669067,0.681159516175588,0.2200230062220827,2.384345293045044,0.681159516175588,0.2200230062220827,1.0974957942962646,0.03809565628463908,1.0911626145243645,0.0630141017931439,0.41633627812067664,0.41000309834877646,16,9,2,2560,7352,245,613,5da1c407274d9f2e64016876300738144d1a41605925a916babeba82ea35e9a6
11,950,1000,1.102507583796978,1.0695994247992833,0.34355597318465714,4.8525848388671875,1.0695994247992833,0.34355597318465714,1.3246039152145386,0.09389401955559476,1.3105440139770508,0.06879922922770365,0.2550044904152553,0.2409445891777675,16,10,2,2560,7352,245,613,5da1c407274d9f2e64016876300738144d1a41605925a916babeba82ea35e9a6
23,1000,1000,1.1996860653162003,0.9851933221022288,0.3443342494610753,5.240434169769287,0.9851933221022288,0.3443342494610753,1.2238872051239014,0.10520640035517513,1.2449207305908203,0.08399595443110033,0.2386938830216726,0.25972740848859155,16,10,2,2560,7352,245,613,5da1c407274d9f2e64016876300738144d1a41605925a916babeba82ea35e9a6
37,850,1000,1.103694424033165,0.9012984832127889,0.3182658322063683,4.479663848876953,0.9012984832127889,0.3182658322063683,1.1544446150461833,0.061441285641249406,1.187155544757843,0.08992839267179345,0.2531461318333944,0.2858570615450541,16,10,2,2560,7352,245,613,5da1c407274d9f2e64016876300738144d1a41605925a916babeba82ea35e9a6
11,875,1000,0.7823585271835327,0.41917471090952557,0.6262863850045216,3.542801856994629,0.41917471090952557,0.6262863850045216,0.9211185375849406,0.1491355577399912,1.0167536735534668,0.08946398721584145,0.501943826675415,0.5975789626439412,16,11,3,2560,7352,245,613,5da1c407274d9f2e64016876300738144d1a41605925a916babeba82ea35e9a6
23,750,1000,0.8196227476000786,0.6644151012102762,0.31344312328389495,3.075165271759033,0.6644151012102762,0.31344312328389495,0.899319718281428,0.06895373024861008,0.9325525686144829,0.09084467948468189,0.23490461707115173,0.26813746740420663,16,11,3,2560,7352,245,613,5da1c407274d9f2e64016876300738144d1a41605925a916babeba82ea35e9a6
37,925,1000,0.7981475591659546,0.7244200706481934,0.3485392520602577,3.9642298221588135,0.7244200706481934,0.3485392520602577,0.9965569972991943,0.06763922269793556,1.0164611339569092,0.11643074865889853,0.272136926651001,0.2920410633087158,16,11,3,2560,7352,245,613,5da1c407274d9f2e64016876300738144d1a41605925a916babeba82ea35e9a6
11,950,1000,0.9089425802230835,1.0092600186665852,0.23006282836730088,5.090743064880371,1.0092600186665852,0.23006282836730088,1.318404754002889,0.05626314831534332,1.3027625679969788,0.09703334774201616,0.3091447353363037,0.29350254933039355,16,12,2,2560,7352,245,613,5da1c407274d9f2e64016876300738144d1a41605925a916babeba82ea35e9a6
23,800,1000,0.8157883808016777,1.0455020666122437,0.18054008403279342,4.300783157348633,1.0455020666122437,0.18054008403279342,1.34502112865448,0.06301906191289856,1.2763949036598206,0.08591225496199835,0.29951906204223633,0.2308928370475769,16,12,2,2560,7352,245,613,5da1c407274d9f2e64016876300738144d1a41605925a916babeba82ea35e9a6
37,875,1000,0.852733850479126,0.9512289762496948,0.14895620426914363,4.5279974937438965,0.9512289762496948,0.14895620426914363,1.1782352129618328,0.07498576236417699,1.1594674587249756,0.09208046833212544,0.22700623671213793,0.20823848247528076,16,12,2,2560,7352,245,613,5da1c407274d9f2e64016876300738144d1a41605925a916babeba82ea35e9a6
11,875,1000,0.6783964559435844,0.5651743908723196,0.33667311209201267,2.563586711883545,0.5651743908723196,0.33667311209201267,1.1371237536271412,0.0743068623169221,1.0605055838823318,0.10017738637446709,0.5719493627548217,0.49533119301001227,16,13,3,2560,7352,245,613,5da1c407274d9f2e64016876300738144d1a41605925a916babeba82ea35e9a6
23,850,1000,0.8494499921798706,0.8407202959060669,0.28406662076552297,2.9859395027160645,0.8407202959060669,0.28406662076552297,1.294572075208028,0.1058804476327422,1.2623675465583801,0.049493056455199656,0.4538517793019612,0.42164725065231323,16,13,3,2560,7352,245,613,5da1c407274d9f2e64016876300738144d1a41605925a916babeba82ea35e9a6
37,925,1000,0.8270239382982254,0.6938010553518931,0.2954836404220006,2.77010440826416,0.6938010553518931,0.2954836404220006,1.219247430562973,0.1279642031907227,1.1711807921528816,0.07739681514649699,0.52544637521108,0.47737973680098855,16,13,3,2560,7352,245,613,5da1c407274d9f2e64016876300738144d1a41605925a916babeba82ea35e9a6
11,1000,1000,0.8678731620311737,0.8910720000664393,0.41332979926858304,5.018130779266357,0.8910720000664393,0.41332979926858304,1.1706318457921345,0.09765174393843434,1.154803454875946,0.07869669037077366,0.27955984572569526,0.26373145480950677,16,14,3,2560,7352,245,613,5da1c407274d9f2e64016876300738144d1a41605925a916babeba82ea35e9a6
23,850,1000,0.9010000228881836,0.8945695285995802,0.3089252812259833,4.830494403839111,0.8945695285995802,0.3089252812259833,1.1222316424051921,0.08622428265594059,1.1657514572143555,0.052368809732086394,0.22766211380561197,0.2711819286147753,16,14,3,2560,7352,245,613,5da1c407274d9f2e64016876300738144d1a41605925a916babeba82ea35e9a6
37,925,1000,0.8517136573791504,0.8413577477137247,0.3843676424159653,4.783381462097168,0.8413577477137247,0.3843676424159653,1.0988352696100872,0.09838862962178185,1.1344730257987976,0.09323877946655307,0.2574775218963624,0.2931152780850729,16,14,3,2560,7352,245,613,5da1c407274d9f2e64016876300738144d1a41605925a916babeba82ea35e9a6
11,975,1000,0.8162199258804321,0.48050034046173096,0.7545349588979253,3.889559745788574,0.48050034046173096,0.7545349588979253,0.9703033765157064,0.05988621514800325,0.9651121199131012,0.08777132186344624,0.48980303605397546,0.48461177945137024,16,15,4,2560,7352,245,613,5da1c407274d9f2e64016876300738144d1a41605925a916babeba82ea35e9a6
23,900,1000,0.7561522796750069,0.7021179497241974,0.3822785801709424,4.098977565765381,0.7021179497241974,0.3822785801709424,0.9494744638601939,0.13363987262919014,1.004914790391922,0.05996707070325021,0.24735651413599646,0.3027968406677246,16,15,4,2560,7352,245,613,5da1c407274d9f2e64016876300738144d1a41605925a916babeba82ea35e9a6
37,875,1000,0.7858299016952515,0.7090592781702677,0.4183745111227881,3.755709409713745,0.7090592781702677,0.4183745111227881,0.999119778474172,0.09302784619228556,1.00779989361763,0.07382233047343556,0.2900605003039043,0.2987406154473623,16,15,4,2560,7352,245,613,5da1c407274d9f2e64016876300738144d1a41605925a916babeba82ea35e9a6
11,975,1000,0.7556333541870117,0.7521407206853231,0.32918914955192785,2.3973655700683594,0.7521407206853231,0.32918914955192785,1.1633168458938599,0.04970564401307292,1.1674385070800781,0.07471540525105069,0.41117612520853675,0.415297786394755,17,1,1,2560,7352,245,613,5da1c407274d9f2e64016876300738144d1a41605925a916babeba82ea35e9a6
23,950,1000,0.7539679259061813,0.7850679159164429,0.3650714571711656,2.5324981212615967,0.7850679159164429,0.3650714571711656,1.2080107529958088,0.045689595312718954,1.24351167678833,0.06217491245257238,0.422942837079366,0.4584437608718872,17,1,1,2560,7352,245,613,5da1c407274d9f2e64016876300738144d1a41605925a916babeba82ea35e9a6
37,1000,1000,0.8242994248867035,0.8448168039321899,0.45815505414329066,2.9689207077026367,0.8448168039321899,0.45815505414329066,1.3039843638737996,0.04939333281730275,1.3282013535499573,0.05366176697483541,0.4591675599416096,0.48338454961776733,17,1,1,2560,7352,245,613,5da1c407274d9f2e64016876300738144d1a41605925a916babeba82ea35e9a6
11,875,1000,1.162554383277893,0.9975205262502035,0.39332128964380036,5.446738243103027,0.9975205262502035,0.39332128964380036,1.367700417836507,0.03803184977154909,1.3623327016830444,0.0695349597142745,0.3701798915863036,0.36481217543284095,17,2,1,2560,7352,245,613,5da1c407274d9f2e64016876300738144d1a41605925a916babeba82ea35e9a6
23,975,1000,1.3216781467199326,1.0730051398277283,0.39144070398208664,6.56227970123291,1.0730051398277283,0.39144070398208664,1.4180070559183757,0.0927575135128631,1.4354552030563354,0.06753206747680858,0.34500191609064745,0.3624500632286072,17,2,1,2560,7352,245,613,5da1c407274d9f2e64016876300738144d1a41605925a916babeba82ea35e9a6
37,975,1000,1.1868237257003784,0.9957589308420817,0.4102764252137915,5.578620910644531,0.9957589308420817,0.4102764252137915,1.3506320317586262,0.052621705410320074,1.3464272618293762,0.05757819086831409,0.35487310091654456,0.35066833098729455,17,2,1,2560,7352,245,613,5da1c407274d9f2e64016876300738144d1a41605925a916babeba82ea35e9a6
11,925,1000,0.8233100473880768,0.8144219319025675,0.3564259941724209,3.6426477432250977,0.8144219319025675,0.3564259941724209,1.066299835840861,0.06060568317106984,1.1247107982635498,0.062286172138481415,0.25187790393829357,0.3102888663609823,17,3,2,2560,7352,245,613,5da1c407274d9f2e64016876300738144d1a41605925a916babeba82ea35e9a6
23,875,1000,0.8035892248153687,0.6107754210631052,0.5486751929248659,3.3593549728393555,0.6107754210631052,0.5486751929248659,0.9081247349580129,0.2558635454540019,1.0319242849946022,0.04977128414871248,0.2973493138949077,0.421148863931497,17,3,2,2560,7352,245,613,5da1c407274d9f2e64016876300738144d1a41605925a916babeba82ea35e9a6
37,875,1000,0.8077125549316406,0.26186636090278625,1.1115012318801218,3.2668001651763916,0.26186636090278625,1.1115012318801218,0.8989081581433614,0.30736652285537597,1.0567357614636421,0.1412928501724702,0.6370417972405752,0.7948694005608559,17,3,2,2560,7352,245,613,5da1c407274d9f2e64016876300738144d1a41605925a916babeba82ea35e9a6
11,900,1000,1.0545234680175781,0.909157395362854,0.19987914627086734,4.037428379058838,0.909157395362854,0.19987914627086734,1.113572080930074,0.05126679752263238,1.0593048334121704,0.08565834926596581,0.20441468556721998,0.1501474380493164,17,4,1,2560,7352,245,613,5da1c407274d9f2e64016876300738144d1a41605925a916babeba82ea35e9a6
23,1000,1000,1.2189904600381851,1.12039715051651,0.258025685401811,4.676344394683838,1.12039715051651,0.258025685401811,1.4690611362457275,0.04551811048762563,1.1720277443528175,0.2614409385578439,0.34866398572921753,0.051630593836307526,17,4,1,2560,7352,245,613,5da1c407274d9f2e64016876300738144d1a41605925a916babeba82ea35e9a6
37,1000,1000,1.1424018144607544,1.1466750303904216,0.24305243842163296,4.8111467361450195,1.1466750303904216,0.24305243842163296,1.3812461694081624,0.06804742280031545,1.3011611104011536,0.10735856290174725,0.23457113901774074,0.15448608001073194,17,4,1,2560,7352,245,613,5da1c407274d9f2e64016876300738144d1a41605925a916babeba82ea35e9a6
11,800,1000,0.6761108338832855,0.6662476360797882,0.2938056035645884,2.396103858947754,0.6662476360797882,0.2938056035645884,1.1426703135172527,0.04505995313008123,1.1747183799743652,0.07122086283110751,0.47642267743746447,0.508470743894577,17,5,2,2560,7352,245,613,5da1c407274d9f2e64016876300738144d1a41605925a916babeba82ea35e9a6
23,750,1000,0.7377641275525093,0.6918840010960897,0.2870253139045456,2.188311815261841,0.6918840010960897,0.2870253139045456,1.1802245775858562,0.04623136407656932,1.160800278186798,0.04926598686522541,0.4883405764897665,0.4689162770907084,17,5,2,2560,7352,245,613,5da1c407274d9f2e64016876300738144d1a41605925a916babeba82ea35e9a6
37,1000,1000,0.7637911289930344,0.7163005173206329,0.29782613221488646,2.659444808959961,0.7163005173206329,0.29782613221488646,1.2360303401947021,0.01676230103904525,1.2288886308670044,0.06109841854625537,0.5197298228740692,0.5125881135463715,17,5,2,2560,7352,245,613,5da1c407274d9f2e64016876300738144d1a41605925a916babeba82ea35e9a6
11,1000,1000,1.1544840335845947,0.9122087160746256,0.4174734316068246,5.478130340576172,0.9122087160746256,0.4174734316068246,1.2014145056406658,0.10303984133751717,1.2237151265144348,0.06786590863395443,0.28920578956604015,0.3115064104398092,17,6,2,2560,7352,245,613,5da1c407274d9f2e64016876300738144d1a41605925a916babeba82ea35e9a6
23,925,1000,1.1635090112686157,0.9437299072742462,0.4005628351336815,5.310551166534424,0.9437299072742462,0.4005628351336815,1.2393353780110676,0.0602087406079976,1.2483086585998535,0.04872178608328819,0.2956054707368214,0.3045787513256073,17,6,2,2560,7352,245,613,5da1c407274d9f2e64016876300738144d1a41605925a916babeba82ea35e9a6
37,975,1000,1.1231201887130737,0.9454960525035858,0.4342770917306393,5.341248035430908,0.9454960525035858,0.4342770917306393,1.22027854124705,0.1136688357030769,1.2569506764411926,0.06442140592356625,0.2747824887434642,0.3114546239376068,17,6,2,2560,7352,245,613,5da1c407274d9f2e64016876300738144d1a41605925a916babeba82ea35e9a6
11,925,1000,0.7707524299621582,0.7045334974924723,0.4473461025576502,3.228804111480713,0.7045334974924723,0.4473461025576502,1.0069480737050374,0.0834872605771049,1.0088069438934326,0.07362912175440672,0.30241457621256507,0.3042734464009603,17,7,3,2560,7352,245,613,5da1c407274d9f2e64016876300738144d1a41605925a916babeba82ea35e9a6
23,975,1000,0.7565146759152412,0.5189569443464279,0.6797147706574502,3.8768529891967773,0.5189569443464279,0.6797147706574502,1.0376068353652954,0.07435822084774793,1.0191023349761963,0.1293003849047775,0.5186498910188675,0.5001453906297684,17,7,3,2560,7352,245,613,5da1c407274d9f2e64016876300738144d1a41605925a916babeba82ea35e9a6
37,900,1000,0.761181190609932,0.6477965911229452,0.3507821339101962,3.406740188598633,0.6477965911229452,0.3507821339101962,0.9351226886113485,0.05347632239639261,0.9464090466499329,0.033238908264118135,0.2873260974884033,0.2986124555269877,17,7,3,2560,7352,245,613,5da1c407274d9f2e64016876300738144d1a41605925a916babeba82ea35e9a6
11,975,1000,1.0300795882940292,0.9815801382064819,0.15064011090054394,4.235762119293213,0.9815801382064819,0.15064011090054394,1.2220873832702637,0.06580780611493067,1.200306475162506,0.08391539966325609,0.24050724506378174,0.21872633695602417,17,8,1,2560,7352,245,613,5da1c407274d9f2e64016876300738144d1a41605925a916babeba82ea35e9a6
23,1000,1000,1.159590244293213,1.1103775103886921,0.21338783496433925,5.065025806427002,1.1103775103886921,0.21338783496433925,1.38434104124705,0.07186454053278336,1.33256995677948,0.1260013557896425,0.2739635308583579,0.22219244639078783,17,8,1,2560,7352,245,613,5da1c407274d9f2e64016876300738144d1a41605925a916babeba82ea35e9a6
37,875,1000,1.114091396331787,1.10555895169576,0.18369575357291076,4.226009845733643,1.10555895169576,0.18369575357291076,1.4320054054260254,0.03331268937703067,1.3579828143119812,0.07333042342471643,0.3264464537302654,0.2524238626162212,17,8,1,2560,7352,245,613,5da1c407274d9f2e64016876300738144d1a41605925a916babeba82ea35e9a6
11,1000,1000,0.8384958803653717,0.9005478223164877,0.26595288612924467,3.6865460872650146,0.9005478223164877,0.26595288612924467,1.3449864387512207,0.06178518744671651,1.3252801299095154,0.08005948498489096,0.44443861643473304,0.4247323075930277,17,9,2,2560,7352,245,613,5da1c407274d9f2e64016876300738144d1a41605925a916babeba82ea35e9a6
23,775,1000,0.741349458694458,0.7012058049440384,0.2443691017578788,2.6865015029907227,0.7012058049440384,0.2443691017578788,1.0987799962361653,0.04591612516086321,1.0780696868896484,0.06839245378859674,0.3975741912921269,0.37686388194561005,17,9,2,2560,7352,245,613,5da1c407274d9f2e64016876300738144d1a41605925a916babeba82ea35e9a6
37,650,900,0.7198569774627686,0.7001259624958038,0.22962102230798553,2.425487995147705,0.7001259624958038,0.22962102230798553,1.0832845369974773,0.06200390143753106,1.0725001618266106,0.05482587847014523,0.38315857450167345,0.37237419933080673,17,9,2,2560,7352,245,613,5da1c407274d9f2e64016876300738144d1a41605925a916babeba82ea35e9a6
11,775,1000,1.0888543128967285,0.5519022991259893,0.8107761692794081,4.353253364562988,0.5519022991259893,0.8107761692794081,1.1145647366841633,0.070483032499865,1.1301189661026,0.08280388959704146,0.562662437558174,0.5782166669766108,17,10,2,2560,7352,245,613,5da1c407274d9f2e64016876300738144d1a41605925a916babeba82ea35e9a6
23,950,1000,1.0889970064163208,1.0131232341130574,0.3560402116687427,5.232266426086426,1.0131232341130574,0.3560402116687427,1.2276493310928345,0.09988169286508333,1.2638447880744934,0.090046451414736,0.2145260969797771,0.25072155396143603,17,10,2,2560,7352,245,613,5da1c407274d9f2e64016876300738144d1a41605925a916babeba82ea35e9a6
37,1000,1000,1.0783013254404068,1.0629563927650452,0.3327183017649187,5.136991500854492,1.0629563927650452,0.3327183017649187,1.3107375303904216,0.06693363496470121,1.2943257689476013,0.08052811601445878,0.24778113762537646,0.23136937618255615,17,10,2,2560,7352,245,613,5da1c407274d9f2e64016876300738144d1a41605925a916babeba82ea35e9a6
11,750,1000,0.710867702960968,0.6402001678943634,0.2837779521268546,2.944594383239746,0.6402001678943634,0.2837779521268546,0.7748059829076132,0.11579407157484935,0.8520587086677551,0.08101008345821874,0.13460581501324975,0.21185854077339172,17,11,3,2560,7352,245,613,5da1c407274d9f2e64016876300738144d1a41605925a916babeba82ea35e9a6
23,1000,1000,0.8739423826336861,0.44909149159987766,0.5297497092200601,3.6664276123046875,0.44909149159987766,0.5297497092200601,0.861099382241567,0.09577650874596833,0.9158611819148064,0.08866571845416428,0.41200789064168936,0.4667696903149287,17,11,3,2560,7352,245,613,5da1c407274d9f2e64016876300738144d1a41605925a916babeba82ea35e9a6
37,1000,1000,0.9066124111413956,0.5854037205378214,0.5058830781316326,3.7274723052978516,0.5854037205378214,0.5058830781316326,1.0017414093017578,0.08557275827335901,1.0308560729026794,0.09660463534155213,0.4163376887639364,0.44545235236485803,17,11,3,2560,7352,245,613,5da1c407274d9f2e64016876300738144d1a41605925a916babeba82ea35e9a6
11,975,1000,0.8925524950027466,1.0206105709075928,0.21766150058443898,4.631356239318848,1.0206105709075928,0.21766150058443898,1.3679487705230713,0.09283033228338576,1.2876948118209839,0.0799928545897935,0.3473381996154785,0.2670842409133911,17,12,2,2560,7352,245,613,5da1c407274d9f2e64016876300738144d1a41605925a916babeba82ea35e9a6
23,900,1000,0.8879233300685883,1.0760548114776611,0.20121642222065617,4.714893341064453,1.0760548114776611,0.20121642222065617,1.3745742638905842,0.030255316021709364,1.305188000202179,0.10475707986156374,0.2985194524129231,0.22913318872451782,17,12,2,2560,7352,245,613,5da1c407274d9f2e64016876300738144d1a41605925a916babeba82ea35e9a6
37,950,1000,0.8550321608781815,0.8683507045110067,0.18590306148443733,4.864588260650635,0.8683507045110067,0.18590306148443733,1.2469268639882405,0.08980646749926866,1.204257071018219,0.0708928114312938,0.3785761594772338,0.3359063665072123,17,12,2,2560,7352,245,613,5da1c407274d9f2e64016876300738144d1a41605925a916babeba82ea35e9a6
11,650,900,0.6870392560958862,0.6184023916721344,0.265973001869662,2.2066009044647217,0.6184023916721344,0.265973001869662,1.0932780106862385,0.051249436840338926,1.0836942791938782,0.07317433146400683,0.47487561901410413,0.4652918875217438,17,13,3,2560,7352,245,613,5da1c407274d9f2e64016876300738144d1a41605925a916babeba82ea35e9a6
23,575,825,0.594775915145874,0.4592524965604146,0.25650884359501214,1.8937848806381226,0.4592524965604146,0.25650884359501214,0.9018392960230509,0.07374677082232502,0.9146267175674438,0.046429210251675464,0.4425867994626363,0.45537422100702923,17,13,3,2560,7352,245,613,5da1c407274d9f2e64016876300738144d1a41605925a916babeba82ea35e9a6
37,1000,1000,0.7620989084243774,0.7802924315134684,0.31123184162906786,3.053030014038086,0.7802924315134684,0.31123184162906786,1.2229821681976318,0.08704870658933124,1.220019280910492,0.06882569981356931,0.44268973668416345,0.43972684939702356,17,13,3,2560,7352,245,613,5da1c407274d9f2e64016876300738144d1a41605925a916babeba82ea35e9a6
11,600,850,0.8144221007823944,0.7089160730441412,0.30054243947140985,3.3689284324645996,0.7089160730441412,0.30054243947140985,0.9583642880121866,0.0757298523735675,0.9543381333351135,0.04022319503091803,0.24944821496804548,0.24542206029097235,17,14,3,2560,7352,245,613,5da1c407274d9f2e64016876300738144d1a41605925a916babeba82ea35e9a6
23,1000,1000,0.9374290406703949,0.9470684180657069,0.36739003358496447,5.782202243804932,0.9470684180657069,0.36739003358496447,1.1926677624384563,0.07333583951853705,1.20972740650177,0.09415408294765054,0.24559934437274944,0.26265898843606317,17,14,3,2560,7352,245,613,5da1c407274d9f2e64016876300738144d1a41605925a916babeba82ea35e9a6
37,975,1000,0.929357647895813,0.9268163442611694,0.3859537033686047,5.624903678894043,0.9268163442611694,0.3859537033686047,1.1318450371424358,0.0634331193723015,1.189300537109375,0.07598853165790774,0.20502869288126635,0.26248419284820557,17,14,3,2560,7352,245,613,5da1c407274d9f2e64016876300738144d1a41605925a916babeba82ea35e9a6
11,975,1000,0.7856534719467163,0.3649909893671672,0.8110474382298206,4.1290483474731445,0.3649909893671672,0.8110474382298206,0.9759296178817749,0.08069359626104121,0.9398686289787292,0.09779757415823125,0.6109386285146077,0.574877639611562,17,15,4,2560,7352,245,613,5da1c407274d9f2e64016876300738144d1a41605925a916babeba82ea35e9a6
23,825,1000,0.7245407700538635,0.592339850962162,0.29628747021413426,3.664360761642456,0.592339850962162,0.29628747021413426,0.8808334072430929,0.04675525639248276,0.8811705112457275,0.07024856433544854,0.2884935562809309,0.2888306602835655,17,15,4,2560,7352,245,613,5da1c407274d9f2e64016876300738144d1a41605925a916babeba82ea35e9a6
37,975,1000,0.8708891868591309,0.7571728626887003,0.4049307418411496,4.250502586364746,0.7571728626887003,0.4049307418411496,1.03754727045695,0.11307662021323209,1.0467418879270554,0.0954577887101915,0.2803744077682496,0.28956902523835504,17,15,4,2560,7352,245,613,5da1c407274d9f2e64016876300738144d1a41605925a916babeba82ea35e9a6
11,975,1000,0.6539695262908936,0.6661786735057831,0.37449102115942756,2.4723927974700928,0.6661786735057831,0.37449102115942756,1.049737532933553,0.033985347551280416,1.060736007988453,0.060557030491134096,0.3835588594277699,0.39455733448266983,18,1,1,2560,7352,245,613,5da1c407274d9f2e64016876300738144d1a41605925a916babeba82ea35e9a6
23,575,825,0.5380561351776123,0.5933994948863983,0.4014857876873338,1.6322327852249146,0.5933994948863983,0.4014857876873338,1.0501662890116374,0.04250338675767536,1.0565112307667732,0.06576460613209852,0.45676679412523913,0.4631117358803749,18,1,1,2560,7352,245,613,5da1c407274d9f2e64016876300738144d1a41605925a916babeba82ea35e9a6
37,600,850,0.5154362320899963,0.5718195041020712,0.2785131054021306,1.6995415687561035,0.5718195041020712,0.2785131054021306,0.9866077403227488,0.04007641731655095,1.0149511694908142,0.06756775625396196,0.4147882362206776,0.44313166538874305,18,1,1,2560,7352,245,613,5da1c407274d9f2e64016876300738144d1a41605925a916babeba82ea35e9a6
11,1000,1000,1.1963167041540146,0.9837581515312195,0.3743205304700249,5.615966796875,0.9837581515312195,0.3743205304700249,1.3364208539326985,0.06636602949107274,1.3234866261482239,0.07771116882441455,0.352662702401479,0.3397284746170044,18,2,1,2560,7352,245,613,5da1c407274d9f2e64016876300738144d1a41605925a916babeba82ea35e9a6
23,975,1000,1.277984380722046,1.0695821046829224,0.42076435202233914,5.831304550170898,1.0695821046829224,0.42076435202233914,1.4175995190938313,0.06629932267861559,1.4387046694755554,0.07544889335634254,0.34801741441090894,0.36912256479263306,18,2,1,2560,7352,245,613,5da1c407274d9f2e64016876300738144d1a41605925a916babeba82ea35e9a6
37,975,1000,1.2319926023483276,1.1031469504038494,0.4022973033379534,6.020116329193115,1.1031469504038494,0.4022973033379534,1.4638480345408122,0.036215260940587066,1.4175690412521362,0.07182783885781722,0.3607010841369629,0.3144220908482869,18,2,1,2560,7352,245,613,5da1c407274d9f2e64016876300738144d1a41605925a916babeba82ea35e9a6
11,725,975,0.7562279775738716,0.7041596174240112,0.3335981271440214,3.04526424407959,0.7041596174240112,0.3335981271440214,0.9546588659286499,0.06405434917362,1.008884072303772,0.03905304283659725,0.25049924850463867,0.30472445487976074,18,3,2,2560,7352,245,613,5da1c407274d9f2e64016876300738144d1a41605925a916babeba82ea35e9a6
23,850,1000,0.7138041853904724,0.6538048932949702,0.45380802063025805,3.0229904651641846,0.6538048932949702,0.45380802063025805,0.9145875374476115,0.07289171684038569,0.9553009271621704,0.07318301305948906,0.2607826441526413,0.30149603386720025,18,3,2,2560,7352,245,613,5da1c407274d9f2e64016876300738144d1a41605925a916babeba82ea35e9a6
37,1000,1000,0.7844299376010895,0.8022677501042684,0.3581965662110386,3.9915239810943604,0.8022677501042684,0.3581965662110386,1.0888496140638988,0.07178725056681655,1.1269531846046448,0.06149597090282161,0.28658186395963037,0.32468543450037635,18,3,2,2560,7352,245,613,5da1c407274d9f2e64016876300738144d1a41605925a916babeba82ea35e9a6
11,900,1000,1.1272548586130142,1.0080968340237935,0.21635090739862642,4.287083625793457,1.0080968340237935,0.21635090739862642,1.2469461758931477,0.053272495465543954,1.1917471885681152,0.09542764547941053,0.23884934186935425,0.18365035454432177,18,4,1,2560,7352,245,613,5da1c407274d9f2e64016876300738144d1a41605925a916babeba82ea35e9a6
23,900,1000,1.054538369178772,1.0631183385849,0.23225848331128301,4.350512981414795,1.0631183385849,0.23225848331128301,1.271818995475769,0.07744016600871331,1.2307721376419067,0.08360440973970336,0.20870065689086914,0.16765379905700684,18,4,1,2560,7352,245,613,5da1c407274d9f2e64016876300738144d1a41605925a916babeba82ea35e9a6
37,900,1000,1.0678646713495255,1.0007733503977458,0.22604906425579585,4.432339668273926,1.0007733503977458,0.22604906425579585,1.2043020725250244,0.06797034819580261,1.1539012789726257,0.07994210929973034,0.20352872212727857,0.1531279285748799,18,4,1,2560,7352,245,613,5da1c407274d9f2e64016876300738144d1a41605925a916babeba82ea35e9a6
11,800,1000,0.6612521409988403,0.6242778698603312,0.29795895840672837,2.2180159091949463,0.6242778698603312,0.29795895840672837,1.0562902688980103,0.02462622500050405,1.1156898140907288,0.056110799492599055,0.4320123990376791,0.4914119442303976,18,5,2,2560,7352,245,613,5da1c407274d9f2e64016876300738144d1a41605925a916babeba82ea35e9a6
23,1000,1000,0.687516450881958,0.7148462881644567,0.33250994466109723,2.661112070083618,0.7148462881644567,0.33250994466109723,1.1690935293833415,0.050789748758348185,1.1928750872612,0.05180209862480786,0.4542472412188848,0.47802879909674323,18,5,2,2560,7352,245,613,5da1c407274d9f2e64016876300738144d1a41605925a916babeba82ea35e9a6
37,1000,1000,0.7189708948135376,0.5753743648529053,0.3201038994622567,2.544157028198242,0.5753743648529053,0.3201038994622567,1.0213549931844075,0.02551045033666224,1.0696291327476501,0.07492930358498182,0.4459806283315022,0.4942547678947449,18,5,2,2560,7352,245,613,5da1c407274d9f2e64016876300738144d1a41605925a916babeba82ea35e9a6
11,950,1000,1.0670265033841133,0.8950271159410477,0.4042436854653894,5.030940055847168,0.8950271159410477,0.4042436854653894,1.177736798922221,0.10177420206666891,1.2254396080970764,0.05193233136578489,0.28270968298117327,0.33041249215602875,18,6,2,2560,7352,245,613,5da1c407274d9f2e64016876300738144d1a41605925a916babeba82ea35e9a6
23,925,1000,1.1584709882736206,0.8677104363838831,0.39012095436955185,5.013598918914795,0.8677104363838831,0.39012095436955185,1.1313683191935222,0.07372753842800175,1.157410442829132,0.049292768270030575,0.2636578828096391,0.28970000644524896,18,6,2,2560,7352,245,613,5da1c407274d9f2e64016876300738144d1a41605925a916babeba82ea35e9a6
37,975,1000,1.073503851890564,0.8222825080156326,0.39607972849706913,5.067638874053955,0.8222825080156326,0.39607972849706913,1.1321439345677693,0.11783717591,1.1307435631752014,0.05400168819942449,0.30986142655213667,0.3084610551595688,18,6,2,2560,7352,245,613,5da1c407274d9f2e64016876300738144d1a41605925a916babeba82ea35e9a6
11,925,1000,0.7319622039794922,0.6583134680986404,0.36394678715786577,3.1801390647888184,0.6583134680986404,0.36394678715786577,0.9631155729293823,0.06951247897413786,0.9357749819755554,0.05545120864665213,0.3048021048307419,0.277461513876915,18,7,3,2560,7352,245,613,5da1c407274d9f2e64016876300738144d1a41605925a916babeba82ea35e9a6
23,725,975,0.7089731693267822,0.6240727404753367,0.5215562875434759,3.1870784759521484,0.6240727404753367,0.5215562875434759,0.9343937635421753,0.10820456784181366,0.9356160387396812,0.10842140800251483,0.3103210230668386,0.31154329826434457,18,7,3,2560,7352,245,613,5da1c407274d9f2e64016876300738144d1a41605925a916babeba82ea35e9a6
37,900,1000,0.7637496441602707,0.6551123112440109,0.3687663771855289,3.1276674270629883,0.6551123112440109,0.3687663771855289,0.9497148593266805,0.061343709790965664,0.9717488884925842,0.039957594267948315,0.2946025480826696,0.3166365772485733,18,7,3,2560,7352,245,613,5da1c407274d9f2e64016876300738144d1a41605925a916babeba82ea35e9a6
11,950,1000,1.0968097448349,1.144336183865865,0.20010847375972346,4.3753132820129395,1.144336183865865,0.20010847375972346,1.4407542149225872,0.04301581431574491,1.3966342210769653,0.08258107572627262,0.29641803105672215,0.25229803721110033,18,8,1,2560,7352,245,613,5da1c407274d9f2e64016876300738144d1a41605925a916babeba82ea35e9a6
23,875,1000,1.0012682676315308,0.9627375602722168,0.18070745491223142,4.1605987548828125,0.9627375602722168,0.18070745491223142,1.2341827551523845,0.030492333220905513,1.1748178601264954,0.09161073900600052,0.2714451948801677,0.21208029985427856,18,8,1,2560,7352,245,613,5da1c407274d9f2e64016876300738144d1a41605925a916babeba82ea35e9a6
37,1000,1000,1.1283675283193588,0.9951449235280355,0.19573890611011796,4.611743927001953,0.9951449235280355,0.19573890611011796,1.3900024890899658,0.09202883227811964,1.2956509590148926,0.07042950457847927,0.3948575655619303,0.30050603548685706,18,8,1,2560,7352,245,613,5da1c407274d9f2e64016876300738144d1a41605925a916babeba82ea35e9a6
11,1000,1000,0.7985965013504028,0.7539163132508596,0.2276582663616166,3.3313634395599365,0.7539163132508596,0.2276582663616166,1.1858677864074707,0.06339008971431383,1.1539740562438965,0.0763134426900634,0.4319514731566111,0.40005774299303687,18,9,2,2560,7352,245,613,5da1c407274d9f2e64016876300738144d1a41605925a916babeba82ea35e9a6
23,1000,1000,0.772605299949646,0.8026552597681681,0.26874276968938204,3.4086992740631104,0.8026552597681681,0.26874276968938204,1.2530162334442139,0.08256743150780593,1.1954345107078552,0.061535031645428416,0.4503609736760458,0.39277925093968713,18,9,2,2560,7352,245,613,5da1c407274d9f2e64016876300738144d1a41605925a916babeba82ea35e9a6
37,900,1000,0.7036649435758591,0.7732569773991903,0.2458397551729482,3.1833739280700684,0.7732569773991903,0.2458397551729482,1.1868819793065388,0.06303919038971216,1.1585437059402466,0.07253238943162225,0.4136250019073485,0.3852867285410563,18,9,2,2560,7352,245,613,5da1c407274d9f2e64016876300738144d1a41605925a916babeba82ea35e9a6
11,800,1000,1.0005283504724503,0.6859029630819956,0.33020863925405064,4.304140090942383,0.6859029630819956,0.33020863925405064,1.0583418309688568,0.06968942786500966,1.061575785279274,0.088541372175111,0.3724388678868612,0.3756728221972784,18,10,2,2560,7352,245,613,5da1c407274d9f2e64016876300738144d1a41605925a916babeba82ea35e9a6
23,950,1000,1.1038564443588257,0.9707917422056198,0.356186691727402,5.375435829162598,0.9707917422056198,0.356186691727402,1.19260573387146,0.08588206631857324,1.22880220413208,0.10104870352926149,0.22181399166584015,0.25801046192646027,18,10,2,2560,7352,245,613,5da1c407274d9f2e64016876300738144d1a41605925a916babeba82ea35e9a6
37,1000,1000,1.0335595458745956,0.927920530239741,0.32311505277834685,5.438720226287842,0.927920530239741,0.32311505277834685,1.1420269409815471,0.06293222631753109,1.137617826461792,0.08893004692843344,0.21410641074180614,0.20969729622205102,18,10,2,2560,7352,245,613,5da1c407274d9f2e64016876300738144d1a41605925a916babeba82ea35e9a6
11,925,1000,0.8006372898817062,0.531448225180308,0.39115911564555295,3.634779453277588,0.531448225180308,0.39115911564555295,0.8789404431978861,0.047202206407443506,0.8827346488833427,0.09822711993342438,0.3474922180175781,0.35128642370303476,18,11,3,2560,7352,245,613,5da1c407274d9f2e64016876300738144d1a41605925a916babeba82ea35e9a6
23,450,700,0.6315785050392151,0.5771432419617971,0.25300263261439027,2.166184902191162,0.5771432419617971,0.25300263261439027,0.7707760731379191,0.05775414106182613,0.8072274923324585,0.07787129917400962,0.19363283117612196,0.23008425037066138,18,11,3,2560,7352,245,613,5da1c407274d9f2e64016876300738144d1a41605925a916babeba82ea35e9a6
37,925,1000,0.835634633898735,0.46644409497578937,0.6993036223810034,3.5378618240356445,0.46644409497578937,0.6993036223810034,0.9251156648000082,0.04013037433949393,0.9474372863769531,0.11145694386045728,0.4586715698242188,0.48099319140116376,18,11,3,2560,7352,245,613,5da1c407274d9f2e64016876300738144d1a41605925a916babeba82ea35e9a6
11,925,1000,0.8736607730388641,1.035762627919515,0.2216432655151932,4.720373153686523,1.035762627919515,0.2216432655151932,1.388614336649577,0.08678166247045531,1.3041920065879822,0.15999376658121167,0.352851708730062,0.2684293786684673,18,12,2,2560,7352,245,613,5da1c407274d9f2e64016876300738144d1a41605925a916babeba82ea35e9a6
23,975,1000,0.8196773082017899,0.9204689661661783,0.22231981288251657,4.847522735595703,0.9204689661661783,0.22231981288251657,1.3088152408599854,0.06335231449283875,1.2748412489891052,0.12326250215385426,0.388346274693807,0.3543722828229269,18,12,2,2560,7352,245,613,5da1c407274d9f2e64016876300738144d1a41605925a916babeba82ea35e9a6
37,800,1000,0.7854773998260498,0.915991355975469,0.19034973353674983,4.254158973693848,0.915991355975469,0.19034973353674983,1.2648375034332275,0.06779611370497397,1.2307052612304688,0.13302796035351538,0.34884614745775855,0.31471390525499976,18,12,2,2560,7352,245,613,5da1c407274d9f2e64016876300738144d1a41605925a916babeba82ea35e9a6
11,800,1000,0.7746826484799385,0.7340162297089895,0.29651348988266685,2.511401653289795,0.7340162297089895,0.29651348988266685,1.239458441734314,0.05205496645578135,1.19176584482193,0.07978596194618526,0.5054422120253245,0.45774961511294043,18,13,3,2560,7352,245,613,5da1c407274d9f2e64016876300738144d1a41605925a916babeba82ea35e9a6
23,1000,1000,0.7786639928817749,0.7440875420967737,0.2793562792868851,2.823174476623535,0.7440875420967737,0.2793562792868851,1.1547894477844238,0.0875923388729369,1.1010581851005554,0.061931201904409164,0.4107019056876501,0.3569706430037817,18,13,3,2560,7352,245,613,5da1c407274d9f2e64016876300738144d1a41605925a916babeba82ea35e9a6
37,1000,1000,0.8739168643951416,0.8023061752319336,0.29961114290852975,2.9935553073883057,0.8023061752319336,0.29961114290852975,1.28606120745341,0.12403258941003054,1.2542374730110168,0.09200951090372728,0.4837550322214763,0.45193129777908325,18,13,3,2560,7352,245,613,5da1c407274d9f2e64016876300738144d1a41605925a916babeba82ea35e9a6
11,900,1000,0.9972808361053467,0.9515758752822876,0.3492674594505183,4.593681335449219,0.9515758752822876,0.3492674594505183,1.1825787623723347,0.09583433055373505,1.2101339101791382,0.06373283748279449,0.23100288709004713,0.2585580348968506,18,14,3,2560,7352,245,613,5da1c407274d9f2e64016876300738144d1a41605925a916babeba82ea35e9a6
23,925,1000,0.9788543879985809,0.9324575314919153,0.36352004790582765,5.142691612243652,0.9324575314919153,0.36352004790582765,1.176547606786092,0.09855901033603842,1.1675483584403992,0.07947951690634177,0.2440900752941767,0.23509082694848382,18,14,3,2560,7352,245,613,5da1c407274d9f2e64016876300738144d1a41605925a916babeba82ea35e9a6
37,925,1000,0.9383903741836548,0.9273651937643687,0.3758147198658815,4.8858513832092285,0.9273651937643687,0.3758147198658815,1.1223124663035076,0.06457153027908713,1.1291431784629822,0.05851764934250643,0.1949472725391389,0.20177798469861352,18,14,3,2560,7352,245,613,5da1c407274d9f2e64016876300738144d1a41605925a916babeba82ea35e9a6
11,975,1000,0.8450827524065971,0.6631236374378204,0.33243375194873154,3.8469343185424805,0.6631236374378204,0.33243375194873154,0.9555917878945669,0.05730014702498593,0.9410053119063377,0.09682772117155243,0.29246815045674646,0.2778816744685173,18,15,4,2560,7352,245,613,5da1c407274d9f2e64016876300738144d1a41605925a916babeba82ea35e9a6
23,950,1000,0.715218722820282,0.6406631171703339,0.338421294937535,3.852675676345825,0.6406631171703339,0.338421294937535,0.9254168669382731,0.08347389308791965,0.897587887942791,0.09504246757802819,0.2847537497679392,0.2569247707724571,18,15,4,2560,7352,245,613,5da1c407274d9f2e64016876300738144d1a41605925a916babeba82ea35e9a6
37,900,1000,0.8697923719882965,0.6911092003186544,0.31651867764182223,3.809504270553589,0.6911092003186544,0.31651867764182223,0.9568866888682047,0.07427106293535855,0.9672869145870209,0.07477346139750109,0.2657774885495503,0.27617771426836646,18,15,4,2560,7352,245,613,5da1c407274d9f2e64016876300738144d1a41605925a916babeba82ea35e9a6
11,975,1000,0.6619613170623779,0.6847107410430908,0.3349602809009894,2.555488348007202,0.6847107410430908,0.3349602809009894,1.10824720064799,0.03133855607166352,1.1403156518936157,0.06331377786444027,0.42353645960489916,0.4556049108505249,19,1,1,2560,7352,245,613,5da1c407274d9f2e64016876300738144d1a41605925a916babeba82ea35e9a6
23,925,1000,0.7292392998933792,0.769145687421163,0.35429471457966766,2.531205654144287,0.769145687421163,0.35429471457966766,1.1785002946853638,0.039071104949871656,1.1788509488105774,0.055458135765718126,0.4093546072642008,0.40970526138941443,19,1,1,2560,7352,245,613,5da1c407274d9f2e64016876300738144d1a41605925a916babeba82ea35e9a6
37,625,875,0.6240102052688599,0.61531929175059,0.3624866883379342,1.5163443088531494,0.61531929175059,0.3624866883379342,0.9947870175043741,0.034234926521130825,1.0053414702415466,0.05460576983714926,0.3794677257537842,0.39002217849095666,19,1,1,2560,7352,245,613,5da1c407274d9f2e64016876300738144d1a41605925a916babeba82ea35e9a6
11,1000,1000,1.2506345510482788,1.113145152727763,0.3840768327629419,6.221716403961182,1.113145152727763,0.3840768327629419,1.4557361205418904,0.04484107620115746,1.4357406497001648,0.05968623638886835,0.34259096781412746,0.32259549697240186,19,2,1,2560,7352,245,613,5da1c407274d9f2e64016876300738144d1a41605925a916babeba82ea35e9a6
23,900,1000,1.1476185321807861,1.0198476910591125,0.3949105936776485,5.3917694091796875,1.0198476910591125,0.3949105936776485,1.3674848079681396,0.024659212899278568,1.3477123975753784,0.07040869701450991,0.3476371169090271,0.32786470651626587,19,2,1,2560,7352,245,613,5da1c407274d9f2e64016876300738144d1a41605925a916babeba82ea35e9a6
37,850,1000,1.252627968788147,1.104656179745992,0.41190059009952246,5.2550764083862305,1.104656179745992,0.41190059009952246,1.4575948317845662,0.08691701666153778,1.4336591362953186,0.06390816277269705,0.3529386520385742,0.32900295654932665,19,2,1,2560,7352,245,613,5da1c407274d9f2e64016876300738144d1a41605925a916babeba82ea35e9a6
11,975,1000,0.8543150424957275,0.8033146460851034,0.37320010808541687,3.7107911109924316,0.8033146460851034,0.37320010808541687,1.0078638593355815,0.07230294583453588,1.0847459509968758,0.05771087272257104,0.20454921325047815,0.2814313049117724,19,3,2,2560,7352,245,613,5da1c407274d9f2e64016876300738144d1a41605925a916babeba82ea35e9a6
23,725,975,0.8175840079784393,0.6371844609578451,0.4913181307656736,3.3259997367858887,0.6371844609578451,0.4913181307656736,0.9282122453053793,0.141933899158158,1.0338788628578186,0.06926809109590747,0.2910277843475342,0.3966944018999735,19,3,2,2560,7352,245,613,5da1c407274d9f2e64016876300738144d1a41605925a916babeba82ea35e9a6
37,875,1000,0.8317054510116577,0.7111360530058543,0.45266563828612044,3.677934169769287,0.7111360530058543,0.45266563828612044,0.9938399394353231,0.09801342558590817,1.0589300245046616,0.06420433054566392,0.28270388642946886,0.3477939714988073,19,3,2,2560,7352,245,613,5da1c407274d9f2e64016876300738144d1a41605925a916babeba82ea35e9a6
11,750,1000,1.0531190633773804,0.9599615732828776,0.21782117711032162,3.5592410564422607,0.9599615732828776,0.21782117711032162,1.16287096341451,0.0456602261715525,1.0252107977867126,0.26244365089083826,0.20290939013163245,0.06524922450383508,19,4,1,2560,7352,245,613,5da1c407274d9f2e64016876300738144d1a41605925a916babeba82ea35e9a6
23,1000,1000,1.201722726225853,1.1148708860079448,0.2214743097563739,4.77398157119751,1.1148708860079448,0.2214743097563739,1.3983624776204426,0.08340087427734479,1.2208183482289314,0.17272060511259557,0.2834915916124978,0.10594746222098661,19,4,1,2560,7352,245,613,5da1c407274d9f2e64016876300738144d1a41605925a916babeba82ea35e9a6
37,875,1000,1.0805835723876953,1.0864839951197307,0.23156520171949133,4.259801864624023,1.0864839951197307,0.23156520171949133,1.2720992962519329,0.05467711716763255,1.23539137840271,0.07308455334310136,0.18561530113220215,0.14890738328297926,19,4,1,2560,7352,245,613,5da1c407274d9f2e64016876300738144d1a41605925a916babeba82ea35e9a6
11,975,1000,0.7039094753563404,0.7083341379960378,0.3727791099301722,2.510897397994995,0.7083341379960378,0.3727791099301722,1.1686523755391438,0.052028784063416926,1.2216516733169556,0.07186767335547356,0.46031823754310597,0.5133175353209177,19,5,2,2560,7352,245,613,5da1c407274d9f2e64016876300738144d1a41605925a916babeba82ea35e9a6
23,1000,1000,0.6728087514638901,0.6718127677838007,0.29104708079295943,2.4574592113494873,0.6718127677838007,0.29104708079295943,1.0703537066777546,0.02283986891554376,1.0929160118103027,0.06049018508655973,0.3985409388939539,0.421103244026502,19,5,2,2560,7352,245,613,5da1c407274d9f2e64016876300738144d1a41605925a916babeba82ea35e9a6
37,950,1000,0.6541783809661865,0.6720584630966187,0.29762986975491623,2.4972167015075684,0.6720584630966187,0.29762986975491623,1.1329678297042847,0.022460080620910875,1.183664083480835,0.07146858716673887,0.460909366607666,0.5116056203842163,19,5,2,2560,7352,245,613,5da1c407274d9f2e64016876300738144d1a41605925a916babeba82ea35e9a6
11,925,1000,1.1154594421386719,0.8411035935084025,0.3801770308285985,4.58524751663208,0.8411035935084025,0.3801770308285985,1.110565463701884,0.08604075755058568,1.1465368866920471,0.04165720470499041,0.26946187019348156,0.30543329318364465,19,6,2,2560,7352,245,613,5da1c407274d9f2e64016876300738144d1a41605925a916babeba82ea35e9a6
23,900,1000,1.08726966381073,0.8763241271177927,0.40899581640808236,4.69957160949707,0.8763241271177927,0.40899581640808236,1.1458032131195068,0.08004937161345063,1.1679529547691345,0.07281254529923142,0.2694790860017141,0.2916288276513418,19,6,2,2560,7352,245,613,5da1c407274d9f2e64016876300738144d1a41605925a916babeba82ea35e9a6
37,975,1000,1.136667475104332,0.9211110671361288,0.4019183747105948,5.306845664978027,0.9211110671361288,0.4019183747105948,1.1845244963963826,0.10548558325598549,1.2126216292381287,0.05344567768732316,0.2634134292602538,0.2915105621019999,19,6,2,2560,7352,245,613,5da1c407274d9f2e64016876300738144d1a41605925a916babeba82ea35e9a6
11,975,1000,0.7159658744931221,0.6290974318981171,0.39862384615528595,3.4818947315216064,0.6290974318981171,0.39862384615528595,0.9744695425033569,0.05739699042688011,0.9720704406499863,0.07028354501392285,0.34537211060523987,0.3429730087518692,19,7,3,2560,7352,245,613,5da1c407274d9f2e64016876300738144d1a41605925a916babeba82ea35e9a6
23,975,1000,0.6965864971280098,0.339509092271328,0.6985881531562264,3.3312323093414307,0.339509092271328,0.6985881531562264,0.9397542476654053,0.07713031052836049,0.9449304342269897,0.08304090819868863,0.6002451553940773,0.6054213419556618,19,7,3,2560,7352,245,613,5da1c407274d9f2e64016876300738144d1a41605925a916babeba82ea35e9a6
37,900,1000,0.793977901339531,0.6939108371734619,0.3690840487837451,3.465735673904419,0.6939108371734619,0.3690840487837451,0.9583185513814291,0.06507767654959767,0.9847652912139893,0.04068811101295751,0.26440771420796716,0.29085445404052734,19,7,3,2560,7352,245,613,5da1c407274d9f2e64016876300738144d1a41605925a916babeba82ea35e9a6
11,850,1000,0.9514585882425308,0.9710654815038046,0.17906615824156133,3.4369659423828125,0.9710654815038046,0.17906615824156133,1.2162543535232544,0.03238740651713458,1.1836740374565125,0.04381104607846291,0.24518887201944983,0.2126085559527079,19,8,1,2560,7352,245,613,5da1c407274d9f2e64016876300738144d1a41605925a916babeba82ea35e9a6
23,900,1000,1.0441700220108032,1.0691402951876323,0.19840726372274156,4.20610237121582,1.0691402951876323,0.19840726372274156,1.389877478281657,0.03471723189284899,1.3270288109779358,0.09112299223954261,0.32073718309402466,0.2578885157903035,19,8,1,2560,7352,245,613,5da1c407274d9f2e64016876300738144d1a41605925a916babeba82ea35e9a6
37,1000,1000,1.1201112270355225,1.0486621856689453,0.2642351778434093,4.523802757263184,1.0486621856689453,0.2642351778434093,1.476974089940389,0.04097692098172149,1.3498121500015259,0.16001691236623464,0.4283119042714436,0.30114996433258057,19,8,1,2560,7352,245,613,5da1c407274d9f2e64016876300738144d1a41605925a916babeba82ea35e9a6
11,900,1000,0.7380836755037308,0.8312199910481771,0.28637556492799593,3.0526976585388184,0.8312199910481771,0.28637556492799593,1.236950953801473,0.06576130229339344,1.2210068702697754,0.05286207268177114,0.4057309627532958,0.38978687922159827,19,9,2,2560,7352,245,613,5da1c407274d9f2e64016876300738144d1a41605925a916babeba82ea35e9a6
23,875,1000,0.7489598989486694,0.7347807089487711,0.24086497300671791,3.0875065326690674,0.7347807089487711,0.24086497300671791,1.1652710437774658,0.06120994641486169,1.0937789678573608,0.08381114969620221,0.4304903348286947,0.3589982589085897,19,9,2,2560,7352,245,613,5da1c407274d9f2e64016876300738144d1a41605925a916babeba82ea35e9a6
37,900,1000,0.7600595504045486,0.7973231474558512,0.25431110233554566,3.2154009342193604,0.7973231474558512,0.25431110233554566,1.1854921976725261,0.0593708802888505,1.1708506345748901,0.033260384040433646,0.3881690502166749,0.37352748711903894,19,9,2,2560,7352,245,613,5da1c407274d9f2e64016876300738144d1a41605925a916babeba82ea35e9a6
11,1000,1000,1.0933834314346313,1.0497631281614304,0.3101579576352926,5.2144622802734375,1.0497631281614304,0.3101579576352926,1.2804826100667317,0.07187715100708748,1.2744491696357727,0.10554071335687588,0.23071948190530134,0.22468604147434235,19,10,2,2560,7352,245,613,5da1c407274d9f2e64016876300738144d1a41605925a916babeba82ea35e9a6
23,950,1000,1.1460394859313965,1.0019402454296749,0.33973563026667813,5.213398456573486,1.0019402454296749,0.33973563026667813,1.237074851989746,0.0787397940401785,1.236640751361847,0.09300134442676872,0.23513460656007124,0.23470050593217207,19,10,2,2560,7352,245,613,5da1c407274d9f2e64016876300738144d1a41605925a916babeba82ea35e9a6
37,1000,1000,1.0359953716397285,0.9208113749821981,0.31246136767134075,4.973032474517822,0.9208113749821981,0.31246136767134075,1.1655412515004475,0.041626823610122723,1.1851081252098083,0.0689054403645448,0.2447298765182494,0.26429675022761023,19,10,2,2560,7352,245,613,5da1c407274d9f2e64016876300738144d1a41605925a916babeba82ea35e9a6
11,875,1000,0.7647135257720947,0.5930760403474172,0.3645271891560371,3.4743688106536865,0.5930760403474172,0.3645271891560371,0.8854666352272034,0.05737690818398903,0.9339538142085075,0.09072425465568873,0.29239059487978614,0.3408777738610903,19,11,3,2560,7352,245,613,5da1c407274d9f2e64016876300738144d1a41605925a916babeba82ea35e9a6
23,950,1000,0.7674370408058167,0.6112987572948138,0.3415420548914371,3.3930513858795166,0.6112987572948138,0.3415420548914371,0.866399089495341,0.07800059872007883,0.8929777145385742,0.07719279459429054,0.2551003322005272,0.28167895724376046,19,11,3,2560,7352,245,613,5da1c407274d9f2e64016876300738144d1a41605925a916babeba82ea35e9a6
37,800,1000,0.817035511136055,0.7066732197999954,0.2911682944841605,3.121743679046631,0.7066732197999954,0.2911682944841605,0.9227931896845499,0.050691136675280114,0.9337342977523804,0.08341332481206373,0.2161199698845545,0.22706107795238495,19,11,3,2560,7352,245,613,5da1c407274d9f2e64016876300738144d1a41605925a916babeba82ea35e9a6
11,850,1000,0.8732409924268723,0.8244754473368326,0.19336125792412762,4.123898506164551,0.8244754473368326,0.19336125792412762,1.202361265818278,0.14922644301492682,1.1348531246185303,0.20581438243273026,0.3778858184814454,0.31037767728169763,19,12,2,2560,7352,245,613,5da1c407274d9f2e64016876300738144d1a41605925a916babeba82ea35e9a6
23,975,1000,0.8533370494842529,0.9782211482524872,0.18241136119286308,4.595692157745361,0.9782211482524872,0.18241136119286308,1.2429744402567546,0.08011692303560916,1.235904335975647,0.07779160422944978,0.26475329200426745,0.2576831877231598,19,12,2,2560,7352,245,613,5da1c407274d9f2e64016876300738144d1a41605925a916babeba82ea35e9a6
37,1000,1000,0.8286825865507126,0.80782683690389,0.21762236007320385,4.68829345703125,0.80782683690389,0.21762236007320385,1.2553848425547283,0.14027232441419335,1.1688842177391052,0.22173713743224097,0.44755800565083825,0.3610573808352152,19,12,2,2560,7352,245,613,5da1c407274d9f2e64016876300738144d1a41605925a916babeba82ea35e9a6
11,825,1000,0.686311237514019,0.6704378848274549,0.3105023814498688,2.4668707847595215,0.6704378848274549,0.3105023814498688,1.1920582850774128,0.06784813508448413,1.13994562625885,0.10592197718779699,0.5216204002499579,0.4695077414313952,19,13,3,2560,7352,245,613,5da1c407274d9f2e64016876300738144d1a41605925a916babeba82ea35e9a6
23,1000,1000,0.8188229873776436,0.7090286066134771,0.2747762640092621,3.0689797401428223,0.7090286066134771,0.2747762640092621,1.14277978738149,0.12352344842239084,1.0999119281768799,0.05104707459179575,0.4337511807680129,0.3908833215634028,19,13,3,2560,7352,245,613,5da1c407274d9f2e64016876300738144d1a41605925a916babeba82ea35e9a6
37,925,1000,0.7692081928253174,0.7073596020539602,0.2738068186055409,2.7658462524414062,0.7073596020539602,0.2738068186055409,1.2137397229671478,0.10801575656559761,1.1757956743240356,0.06486488942825268,0.5063801209131876,0.46843607227007544,19,13,3,2560,7352,245,613,5da1c407274d9f2e64016876300738144d1a41605925a916babeba82ea35e9a6
11,1000,1000,0.9907267093658447,0.8381870289643606,0.3955955054567335,5.442605018615723,0.8381870289643606,0.3955955054567335,1.133960525194804,0.07907671959662634,1.161372184753418,0.0740362679446703,0.29577349623044336,0.3231851557890574,19,14,3,2560,7352,245,613,5da1c407274d9f2e64016876300738144d1a41605925a916babeba82ea35e9a6
23,875,1000,0.9012798070907593,0.8783398121595383,0.3223606259511802,4.862653732299805,0.8783398121595383,0.3223606259511802,1.0679332812627156,0.07445486437276932,1.09690523147583,0.06071890508560423,0.18959346910317731,0.2185654193162918,19,14,3,2560,7352,245,613,5da1c407274d9f2e64016876300738144d1a41605925a916babeba82ea35e9a6
37,925,1000,0.9687509387731552,0.980806807676951,0.3670413384233093,5.089540958404541,0.980806807676951,0.3670413384233093,1.162701686223348,0.0883214566758095,1.1858258247375488,0.06361662767551537,0.18189487854639685,0.20501901706059777,19,14,3,2560,7352,245,613,5da1c407274d9f2e64016876300738144d1a41605925a916babeba82ea35e9a6
11,950,1000,0.7830078601837158,0.43376654386520386,0.5995382731491666,3.893010139465332,0.43376654386520386,0.5995382731491666,0.8584241271018982,0.07339715973130871,0.8103940486907959,0.11177892308745659,0.42465758323669434,0.37662750482559204,19,15,4,2560,7352,245,613,5da1c407274d9f2e64016876300738144d1a41605925a916babeba82ea35e9a6
23,1000,1000,0.8400499746203423,0.7452526440223058,0.31374171425653846,4.200993061065674,0.7452526440223058,0.31374171425653846,1.000986933708191,0.07945301697414149,0.9703436493873596,0.06262886251263919,0.2557342896858851,0.22509100536505378,19,15,4,2560,7352,245,613,5da1c407274d9f2e64016876300738144d1a41605925a916babeba82ea35e9a6
37,925,1000,0.821497231721878,0.7080152531464895,0.2761114175149919,3.9076507091522217,0.7080152531464895,0.2761114175149919,0.9967502156893412,0.061368156959280405,0.9934430420398712,0.08371754478194424,0.2887349625428517,0.2854277888933817,19,15,4,2560,7352,245,613,5da1c407274d9f2e64016876300738144d1a41605925a916babeba82ea35e9a6
11,975,1000,0.7395473718643188,0.7730858325958252,0.3745444551288741,2.449622392654419,0.7730858325958252,0.3745444551288741,1.1801653305689495,0.06138075036169631,1.1781193017959595,0.04973277448985462,0.40707949797312426,0.4050334692001343,20,1,1,2560,7352,245,613,5da1c407274d9f2e64016876300738144d1a41605925a916babeba82ea35e9a6
23,975,1000,0.7055061608552933,0.7460316816965739,0.5181293684380123,2.82023549079895,0.7460316816965739,0.5181293684380123,1.1209890842437744,0.09704296595898748,1.1294705867767334,0.055276090974985446,0.37495740254720056,0.38343890508015954,20,1,1,2560,7352,245,613,5da1c407274d9f2e64016876300738144d1a41605925a916babeba82ea35e9a6
37,1000,1000,0.746941089630127,0.8355549176534017,0.42989809576641735,2.527043581008911,0.8355549176534017,0.42989809576641735,1.3037300904591878,0.05387273370452444,1.2993429899215698,0.05369824552161872,0.468175172805786,0.4637880722681681,20,1,1,2560,7352,245,613,5da1c407274d9f2e64016876300738144d1a41605925a916babeba82ea35e9a6
11,800,1000,1.1225074529647827,0.9705015321572622,0.37760473662504257,5.009090900421143,0.9705015321572622,0.37760473662504257,1.32658855120341,0.049501260401917935,1.3189271688461304,0.05783218256374007,0.3560870190461477,0.34842563668886817,20,2,1,2560,7352,245,613,5da1c407274d9f2e64016876300738144d1a41605925a916babeba82ea35e9a6
23,925,1000,1.212241291999817,1.059261401494344,0.4293493503345007,5.582059860229492,1.059261401494344,0.4293493503345007,1.4263469378153484,0.06027542660600972,1.399004876613617,0.06668059407982797,0.3670855363210044,0.33974347511927294,20,2,1,2560,7352,245,613,5da1c407274d9f2e64016876300738144d1a41605925a916babeba82ea35e9a6
37,825,1000,1.0398384183645248,0.9112990299860636,0.4073288977512743,4.876177787780762,0.9112990299860636,0.4073288977512743,1.2517364422480266,0.06773414780671595,1.2368634343147278,0.07158708024076774,0.340437412261963,0.3255644043286642,20,2,1,2560,7352,245,613,5da1c407274d9f2e64016876300738144d1a41605925a916babeba82ea35e9a6
11,975,1000,0.8241355121135712,0.7083937029043833,0.42651296518772064,3.6220309734344482,0.7083937029043833,0.42651296518772064,0.9507425328095754,0.08505927240649971,1.0165303573012352,0.062199277959394346,0.24234882990519213,0.3081366543968519,20,3,2,2560,7352,245,613,5da1c407274d9f2e64016876300738144d1a41605925a916babeba82ea35e9a6
23,950,1000,0.8065067827701569,0.6892607609430949,0.4733238579998002,3.9084620475769043,0.6892607609430949,0.4733238579998002,1.0335560242335002,0.057455193204710146,1.0662273168563843,0.06806830293630611,0.3442952632904054,0.3769665559132894,20,3,2,2560,7352,245,613,5da1c407274d9f2e64016876300738144d1a41605925a916babeba82ea35e9a6
37,550,800,0.7273671701550484,0.42644933859507245,0.674620438026236,2.5692408084869385,0.42644933859507245,0.674620438026236,0.27979371945063275,1.1641458654132406,0.8645690083503723,0.052010453044027107,0.1466556191444397,0.43811966975529987,20,3,2,2560,7352,245,613,5da1c407274d9f2e64016876300738144d1a41605925a916babeba82ea35e9a6
11,875,1000,1.1278326511383057,1.0477820038795471,0.2046065749542398,3.9735262393951416,1.0477820038795471,0.2046065749542398,1.2527378400166829,0.0683810981434951,1.1178067177534103,0.21329593127113805,0.20495583613713575,0.07002471387386322,20,4,1,2560,7352,245,613,5da1c407274d9f2e64016876300738144d1a41605925a916babeba82ea35e9a6
23,975,1000,1.1148414611816406,1.082833856344223,0.23449949142656207,4.702515125274658,1.082833856344223,0.23449949142656207,1.32463542620341,0.07608471165190839,1.1783282309770584,0.19496203403382836,0.24180156985918688,0.09549437463283539,20,4,1,2560,7352,245,613,5da1c407274d9f2e64016876300738144d1a41605925a916babeba82ea35e9a6
37,875,1000,1.130745768547058,1.1173331340154011,0.22104027043851224,4.108094692230225,1.1173331340154011,0.22104027043851224,1.3047055800755818,0.049184034806204695,1.2714577913284302,0.06943074505024208,0.18737244606018066,0.15412465731302905,20,4,1,2560,7352,245,613,5da1c407274d9f2e64016876300738144d1a41605925a916babeba82ea35e9a6
11,750,1000,0.6713930442929268,0.6525537123282751,0.25803142634461806,2.1932456493377686,0.6525537123282751,0.25803142634461806,1.066219965616862,0.021815231002491248,1.118135392665863,0.047786041735005766,0.41366625328858697,0.46558168033758796,20,5,2,2560,7352,245,613,5da1c407274d9f2e64016876300738144d1a41605925a916babeba82ea35e9a6
23,675,925,0.620405450463295,0.575130969285965,0.28172253366968764,1.9114854335784912,0.575130969285965,0.28172253366968764,0.9855343004067739,0.026286045373957283,1.02059356123209,0.048062224851054686,0.41040333112080896,0.44546259194612503,20,5,2,2560,7352,245,613,5da1c407274d9f2e64016876300738144d1a41605925a916babeba82ea35e9a6
37,975,1000,0.6690099388360977,0.6385097205638885,0.33950792384336503,2.686617136001587,0.6385097205638885,0.33950792384336503,1.0352018276850383,0.06283236668276761,1.0927915051579475,0.07816727880780303,0.3966921071211498,0.454281784594059,20,5,2,2560,7352,245,613,5da1c407274d9f2e64016876300738144d1a41605925a916babeba82ea35e9a6
11,900,1000,1.0577205419540405,0.9043542544047037,0.3876928275484828,4.790033340454102,0.9043542544047037,0.3876928275484828,1.1847212314605713,0.09734065812431499,1.2144923210144043,0.045501169733540944,0.28036697705586755,0.31013806660970056,20,6,2,2560,7352,245,613,5da1c407274d9f2e64016876300738144d1a41605925a916babeba82ea35e9a6
23,975,1000,1.086492881178856,0.7858272393544515,0.3940011439132995,5.04791784286499,0.7858272393544515,0.3940011439132995,1.1026471455891926,0.08137867861805732,1.1428320407867432,0.05175596213983421,0.3168199062347411,0.35700480143229163,20,6,2,2560,7352,245,613,5da1c407274d9f2e64016876300738144d1a41605925a916babeba82ea35e9a6
37,875,1000,1.0774402767419815,0.8904916942119598,0.4129942403851389,4.8795294761657715,0.8904916942119598,0.4129942403851389,1.187827189763387,0.10445306744490188,1.2575879096984863,0.05860857364134039,0.29733549555142713,0.3670962154865265,20,6,2,2560,7352,245,613,5da1c407274d9f2e64016876300738144d1a41605925a916babeba82ea35e9a6
11,950,1000,0.7057410553097725,0.623808224995931,0.4358709278309868,3.2494313716888428,0.623808224995931,0.4358709278309868,0.9176528453826904,0.10875715342817081,0.9285542368888855,0.0532503368260106,0.2938446203867594,0.30474601189295447,20,7,3,2560,7352,245,613,5da1c407274d9f2e64016876300738144d1a41605925a916babeba82ea35e9a6
23,625,875,0.6332835555076599,0.5250119169553121,0.3651336352616621,2.669933557510376,0.5250119169553121,0.3651336352616621,0.8002511461575826,0.06946396664412052,0.8027674555778503,0.0474188213205088,0.2752392292022705,0.2777555386225382,20,7,3,2560,7352,245,613,5da1c407274d9f2e64016876300738144d1a41605925a916babeba82ea35e9a6
37,900,1000,0.7529915496706963,0.6680882026751837,0.35884723675284885,3.299311399459839,0.6680882026751837,0.35884723675284885,0.9293827215830485,0.07284964044610606,0.9662047028541565,0.04082179622815529,0.2612945189078648,0.29811650017897284,20,7,3,2560,7352,245,613,5da1c407274d9f2e64016876300738144d1a41605925a916babeba82ea35e9a6
11,850,1000,1.0329411029815674,0.9972807963689169,0.2610124493248997,3.7951903343200684,0.9972807963689169,0.2610124493248997,1.2999320824940999,0.0347035943008875,1.2527890801429749,0.06945218803075959,0.302651286125183,0.255508283774058,20,8,1,2560,7352,245,613,5da1c407274d9f2e64016876300738144d1a41605925a916babeba82ea35e9a6
23,775,1000,1.0630456358194351,1.0292855103810628,0.19960498423912845,3.744367837905884,1.0292855103810628,0.19960498423912845,1.2909255027770996,0.04414985949355598,1.2642863392829895,0.06741819619636229,0.26163999239603686,0.23500082890192675,20,8,1,2560,7352,245,613,5da1c407274d9f2e64016876300738144d1a41605925a916babeba82ea35e9a6
37,1000,1000,1.0487602949142456,1.0992508331934612,0.24714748273903517,4.9105753898620605,1.0992508331934612,0.24714748273903517,1.4588003555933635,0.04355423697950732,1.3793320059776306,0.13766578315045913,0.35954952239990234,0.28008117278416944,20,8,1,2560,7352,245,613,5da1c407274d9f2e64016876300738144d1a41605925a916babeba82ea35e9a6
11,975,1000,0.7366179674863815,0.8488384485244751,0.24865293694910023,3.2752578258514404,0.8488384485244751,0.24865293694910023,1.2582365274429321,0.08033740204991667,1.231565773487091,0.06003196079407355,0.40939807891845703,0.38272732496261597,20,9,2,2560,7352,245,613,5da1c407274d9f2e64016876300738144d1a41605925a916babeba82ea35e9a6
23,875,1000,0.7334396094083786,0.7977204620838165,0.25020999910610764,3.111456871032715,0.7977204620838165,0.25020999910610764,1.2196796735127766,0.055000885329741865,1.2032911777496338,0.0755640968083449,0.4219592114289601,0.40557071566581726,20,9,2,2560,7352,245,613,5da1c407274d9f2e64016876300738144d1a41605925a916babeba82ea35e9a6
37,875,1000,0.799904115498066,0.8151919444402059,0.23314095002255325,2.7895588874816895,0.8151919444402059,0.23314095002255325,1.2380274931589763,0.05927077856328654,1.2103610038757324,0.04177113148877692,0.4228355487187704,0.3951690594355265,20,9,2,2560,7352,245,613,5da1c407274d9f2e64016876300738144d1a41605925a916babeba82ea35e9a6
11,875,1000,1.0796929597854614,0.8849825809399287,0.2599465083028655,4.252780914306641,0.8849825809399287,0.2599465083028655,1.0891229311625164,0.036666629481368375,1.124337613582611,0.07889139388924168,0.2041403502225877,0.23935503264268243,20,10,2,2560,7352,245,613,5da1c407274d9f2e64016876300738144d1a41605925a916babeba82ea35e9a6
23,925,1000,1.1016995832324028,1.0256766478220622,0.3588800861736722,4.6104021072387695,1.0256766478220622,0.3588800861736722,1.2229159673055012,0.09638493009253767,1.2555896639823914,0.08874085089349923,0.19723931948343898,0.2299130161603291,20,10,2,2560,7352,245,613,5da1c407274d9f2e64016876300738144d1a41605925a916babeba82ea35e9a6
37,1000,1000,1.24140964448452,1.0723367134730022,0.3248020068976447,5.105895519256592,1.0723367134730022,0.3248020068976447,1.317187786102295,0.06623642989339779,1.313228964805603,0.06937903272223493,0.24485107262929273,0.24089225133260084,20,10,2,2560,7352,245,613,5da1c407274d9f2e64016876300738144d1a41605925a916babeba82ea35e9a6
11,750,1000,0.7456182166934013,0.7054656545321146,0.2994956354008927,2.8857622146606445,0.7054656545321146,0.2994956354008927,0.916135569413503,0.03086179971149383,0.9376539140939713,0.06799642713884252,0.21066991488138842,0.23218825956185662,20,11,3,2560,7352,245,613,5da1c407274d9f2e64016876300738144d1a41605925a916babeba82ea35e9a6
23,925,1000,0.7467935085296631,0.6730577598015467,0.32509403146731586,3.3588740825653076,0.6730577598015467,0.32509403146731586,0.9301870862642924,0.036145123406369765,0.9789796471595764,0.06535452422049784,0.25712932646274567,0.3059218873580297,20,11,3,2560,7352,245,613,5da1c407274d9f2e64016876300738144d1a41605925a916babeba82ea35e9a6
37,900,1000,0.8409026861190796,0.44243451952934265,1.0120696957226862,3.581789970397949,0.44243451952934265,1.0120696957226862,0.9586110512415568,0.09802240670882553,1.042072281241417,0.11232305393191437,0.5161765317122141,0.5996377617120743,20,11,3,2560,7352,245,613,5da1c407274d9f2e64016876300738144d1a41605925a916babeba82ea35e9a6
11,1000,1000,0.8401338160037994,0.9184013605117798,0.16523018702872597,4.335882663726807,0.9184013605117798,0.16523018702872597,1.2596707741419475,0.11382329909115388,1.2065227627754211,0.13748157253869223,0.3412694136301677,0.28812140226364136,20,12,2,2560,7352,245,613,5da1c407274d9f2e64016876300738144d1a41605925a916babeba82ea35e9a6
23,1000,1000,0.7581444382667542,0.9580590724945068,0.21916251655753424,4.657437801361084,0.9580590724945068,0.21916251655753424,1.2125035921732585,0.09924048074180368,1.11813223361969,0.23016886358993313,0.2544445196787517,0.1600731611251831,20,12,2,2560,7352,245,613,5da1c407274d9f2e64016876300738144d1a41605925a916babeba82ea35e9a6
37,875,1000,0.8810769766569138,1.0535555879275005,0.1907350406873912,4.403221607208252,1.0535555879275005,0.1907350406873912,1.35882568359375,0.03944641503099418,1.3400222659111023,0.10191308628775056,0.3052700956662495,0.2864666779836018,20,12,2,2560,7352,245,613,5da1c407274d9f2e64016876300738144d1a41605925a916babeba82ea35e9a6
11,1000,1000,0.6953529715538025,0.7231351584196091,0.2785579483695666,2.551483154296875,0.7231351584196091,0.2785579483695666,1.2156527837117512,0.061154477102871106,1.1668822169303894,0.06309067295063628,0.49251762529214216,0.44374705851078033,20,13,3,2560,7352,245,613,5da1c407274d9f2e64016876300738144d1a41605925a916babeba82ea35e9a6
23,700,950,0.6268185973167419,0.6702274183432261,0.2681896926499679,2.3086533546447754,0.6702274183432261,0.2681896926499679,1.1201592683792114,0.0802473988287325,1.0988637804985046,0.07259896845666515,0.44993185003598535,0.42863636215527856,20,13,3,2560,7352,245,613,5da1c407274d9f2e64016876300738144d1a41605925a916babeba82ea35e9a6
37,950,1000,0.6907877326011658,0.7369973609844843,0.27146284654248987,2.5098001956939697,0.7369973609844843,0.27146284654248987,1.184462308883667,0.09792570328196754,1.163148581981659,0.06612166584110277,0.4474649478991827,0.4261512209971746,20,13,3,2560,7352,245,613,5da1c407274d9f2e64016876300738144d1a41605925a916babeba82ea35e9a6
11,825,1000,0.8929349184036255,0.8902060190836588,0.3634993451684325,4.7656354904174805,0.8902060190836588,0.3634993451684325,1.1618728637695312,0.09430392036436756,1.1613620519638062,0.06706723757270026,0.27166684468587243,0.27115603288014734,20,14,3,2560,7352,245,613,5da1c407274d9f2e64016876300738144d1a41605925a916babeba82ea35e9a6
23,925,1000,0.9572447687387466,0.969879945119222,0.35435926095951437,5.21757698059082,0.969879945119222,0.35435926095951437,1.1911155382792156,0.0777972957306625,1.1958723664283752,0.07339738090455182,0.22123559315999353,0.2259924213091532,20,14,3,2560,7352,245,613,5da1c407274d9f2e64016876300738144d1a41605925a916babeba82ea35e9a6
37,875,1000,0.8890572786331177,0.8416885485251745,0.3292463868260527,4.847216606140137,0.8416885485251745,0.3292463868260527,1.0754112402598064,0.050194579008012476,1.0971384048461914,0.050863076345404386,0.2337226917346319,0.2554498563210169,20,14,3,2560,7352,245,613,5da1c407274d9f2e64016876300738144d1a41605925a916babeba82ea35e9a6
11,925,1000,0.8720407485961914,0.72222367922465,0.3625189361863153,3.788106679916382,0.72222367922465,0.3625189361863153,1.0503747463226318,0.05647814605519799,1.0212938785552979,0.07866275583586091,0.3281510670979818,0.2990701993306478,20,15,4,2560,7352,245,613,5da1c407274d9f2e64016876300738144d1a41605925a916babeba82ea35e9a6
23,1000,1000,0.7554363012313843,0.5966456333796183,0.31243911552313913,3.8143105506896973,0.5966456333796183,0.31243911552313913,0.8673528432846069,0.08068001067033317,0.8657459616661072,0.07867970485014168,0.27070720990498864,0.2691003282864889,20,15,4,2560,7352,245,613,5da1c407274d9f2e64016876300738144d1a41605925a916babeba82ea35e9a6
37,975,1000,0.8223179578781128,0.6874518046776453,0.28775468051124653,3.43536376953125,0.6874518046776453,0.28775468051124653,0.9765172402064005,0.0708186448756693,0.9918223023414612,0.10047166898340112,0.2890654355287552,0.30437049766381585,20,15,4,2560,7352,245,613,5da1c407274d9f2e64016876300738144d1a41605925a916babeba82ea35e9a6
11,850,1000,0.6454368084669113,0.7446425358454386,0.3999019135301397,2.3788537979125977,0.7446425358454386,0.3999019135301397,1.258826772371928,0.061250042994785245,1.2668124437332153,0.05421077137920464,0.5141842365264894,0.5221699078877767,21,1,1,2560,7352,245,613,5da1c407274d9f2e64016876300738144d1a41605925a916babeba82ea35e9a6
23,650,900,0.6210744380950928,0.6724446614583334,0.32868023734066604,1.7634190320968628,0.6724446614583334,0.32868023734066604,1.0521336396535237,0.04691354861378936,1.066649854183197,0.07240284489981104,0.3796889781951903,0.39420519272486365,21,1,1,2560,7352,245,613,5da1c407274d9f2e64016876300738144d1a41605925a916babeba82ea35e9a6
37,500,750,0.4955911636352539,0.5567744175593058,0.3556607723656313,1.4102009534835815,0.5567744175593058,0.3556607723656313,0.9357693592707316,0.02516691739035933,0.9623243808746338,0.04677283388324829,0.3789949417114258,0.405549963315328,21,1,1,2560,7352,245,613,5da1c407274d9f2e64016876300738144d1a41605925a916babeba82ea35e9a6
11,575,825,1.0385087728500366,0.8513898352781931,0.3631974208413522,3.5216429233551025,0.8513898352781931,0.3631974208413522,1.153120756149292,0.05587577967335285,1.1335890889167786,0.0669492649269648,0.3017309208710989,0.28219925363858545,21,2,1,2560,7352,245,613,5da1c407274d9f2e64016876300738144d1a41605925a916babeba82ea35e9a6
23,1000,1000,1.229775920510292,1.1144205927848816,0.3845500188085696,6.089686393737793,1.1144205927848816,0.3845500188085696,1.4564895629882812,0.059994988629542306,1.449396014213562,0.04758243426855636,0.34206897020339966,0.3349754214286804,21,2,1,2560,7352,245,613,5da1c407274d9f2e64016876300738144d1a41605925a916babeba82ea35e9a6
37,875,1000,1.2426746040582657,1.0905574758847554,0.41229417271183,6.049771785736084,1.0905574758847554,0.41229417271183,1.4324084917704265,0.08823315354857615,1.3973308801651,0.07365806827986808,0.34185101588567113,0.3067734042803447,21,2,1,2560,7352,245,613,5da1c407274d9f2e64016876300738144d1a41605925a916babeba82ea35e9a6
11,925,1000,0.8850053250789642,0.7988832394282023,0.4038156766411055,3.953336715698242,0.7988832394282023,0.4038156766411055,1.0494351784388225,0.07779655779173933,1.1383012533187866,0.07768102807938716,0.25055193901062023,0.33941801389058435,21,3,2,2560,7352,245,613,5da1c407274d9f2e64016876300738144d1a41605925a916babeba82ea35e9a6
23,700,950,0.8231749460101128,0.677203411857287,0.37388006920098715,3.3496079444885254,0.677203411857287,0.37388006920098715,0.9290921688079834,0.06655049209182325,1.0000843405723572,0.04701391703833873,0.25188875695069635,0.3228809287150701,21,3,2,2560,7352,245,613,5da1c407274d9f2e64016876300738144d1a41605925a916babeba82ea35e9a6
37,875,1000,0.8555471003055573,0.7744690974553426,0.4336590610224687,3.705676317214966,0.7744690974553426,0.4336590610224687,1.0306521654129028,0.11703643809449517,1.1307307481765747,0.07560897596854235,0.2561830679575602,0.35626165072123206,21,3,2,2560,7352,245,613,5da1c407274d9f2e64016876300738144d1a41605925a916babeba82ea35e9a6
11,1000,1000,1.1106669902801514,1.009298324584961,0.2107699027981967,4.610339164733887,1.009298324584961,0.2107699027981967,1.2241723537445068,0.04833972933966931,1.157950222492218,0.145891763059239,0.2148740291595459,0.14865189790725708,21,4,1,2560,7352,245,613,5da1c407274d9f2e64016876300738144d1a41605925a916babeba82ea35e9a6
23,1000,1000,1.1819947957992554,1.069633662700653,0.22921434295786453,4.8530144691467285,1.069633662700653,0.22921434295786453,1.3739149570465088,0.07993348528256373,1.1541727930307388,0.18227926315975787,0.3042812943458557,0.08453913033008575,21,4,1,2560,7352,245,613,5da1c407274d9f2e64016876300738144d1a41605925a916babeba82ea35e9a6
37,925,1000,1.134562373161316,1.058412750562032,0.2339307872048142,4.375636100769043,1.058412750562032,0.2339307872048142,1.3086169560750325,0.05965319391287637,1.166118860244751,0.1833356187272252,0.2502042055130005,0.10770610968271899,21,4,1,2560,7352,245,613,5da1c407274d9f2e64016876300738144d1a41605925a916babeba82ea35e9a6
11,750,1000,0.6808853223919868,0.6338912347952524,0.26176209719750576,2.1205451488494873,0.6338912347952524,0.26176209719750576,1.0711950063705444,0.029193147911090143,1.1243851780891418,0.0325889176712595,0.437303771575292,0.4904939432938894,21,5,2,2560,7352,245,613,5da1c407274d9f2e64016876300738144d1a41605925a916babeba82ea35e9a6
23,1000,1000,0.6446355171501637,0.6979180624087652,0.304242806042572,2.5910940170288086,0.6979180624087652,0.304242806042572,1.1413956085840862,0.049239348231880954,1.1440011858940125,0.04790626976158943,0.443477546175321,0.44608312348524726,21,5,2,2560,7352,245,613,5da1c407274d9f2e64016876300738144d1a41605925a916babeba82ea35e9a6
37,500,750,0.4822932481765747,0.46256860097249347,0.26903456418090266,1.3576126098632812,0.46256860097249347,0.26903456418090266,0.9255913893381754,0.034221603718018745,0.9388083219528198,0.05542862426773958,0.46302278836568195,0.47623972098032635,21,5,2,2560,7352,245,613,5da1c407274d9f2e64016876300738144d1a41605925a916babeba82ea35e9a6
11,850,1000,1.0514154508709908,0.8767533600330353,0.39101587022166107,4.475123405456543,0.8767533600330353,0.39101587022166107,1.1774366696675618,0.08105942381736489,1.2036638855934143,0.04696863386498261,0.3006833096345265,0.32691052556037903,21,6,2,2560,7352,245,613,5da1c407274d9f2e64016876300738144d1a41605925a916babeba82ea35e9a6
23,925,1000,1.142996683716774,0.8860665212074915,0.4095638890147851,5.148557662963867,0.8860665212074915,0.4095638890147851,1.1640221277872722,0.07650275243902856,1.1862754225730896,0.05308413326376318,0.2779556065797807,0.3002089013655981,21,6,2,2560,7352,245,613,5da1c407274d9f2e64016876300738144d1a41605925a916babeba82ea35e9a6
37,875,1000,1.1082292646169662,0.9596371948719025,0.41567488436863903,4.868173599243164,0.9596371948719025,0.41567488436863903,1.2413256168365479,0.11052435039035792,1.2758314609527588,0.0639464977483039,0.2816884219646454,0.3161942660808563,21,6,2,2560,7352,245,613,5da1c407274d9f2e64016876300738144d1a41605925a916babeba82ea35e9a6
11,975,1000,0.7334078103303909,0.5616175731023153,0.5149482520812658,3.6145076751708984,0.5616175731023153,0.5149482520812658,0.9880700508753458,0.0826268406906,0.9834548830986023,0.08294478368725247,0.4264524777730305,0.421837309996287,21,7,3,2560,7352,245,613,5da1c407274d9f2e64016876300738144d1a41605925a916babeba82ea35e9a6
23,625,875,0.7174422666430473,0.5832914213339487,0.3892314671243294,2.6882436275482178,0.5832914213339487,0.3892314671243294,0.8529302080472311,0.06340603677784756,0.8511660695075989,0.0594473747431181,0.26963878671328234,0.26787464817365014,21,7,3,2560,7352,245,613,5da1c407274d9f2e64016876300738144d1a41605925a916babeba82ea35e9a6
37,975,1000,0.7584892511367798,0.7058560053507487,0.42686555236933504,3.803861141204834,0.7058560053507487,0.42686555236933504,0.9820365707079569,0.11195896841564291,1.0144163370132446,0.05230542638542194,0.27618056535720825,0.30856033166249597,21,7,3,2560,7352,245,613,5da1c407274d9f2e64016876300738144d1a41605925a916babeba82ea35e9a6
11,825,1000,1.0545748323202133,1.020760754744212,0.21376404342062863,3.861358642578125,1.020760754744212,0.21376404342062863,1.3197708129882812,0.060981938553707885,1.2425809502601624,0.075331753173986,0.29901005824406934,0.22182019551595045,21,8,1,2560,7352,245,613,5da1c407274d9f2e64016876300738144d1a41605925a916babeba82ea35e9a6
23,1000,1000,1.0614253282546997,1.0944116711616516,0.20438019911738434,4.787713050842285,1.0944116711616516,0.20438019911738434,1.3843189080556233,0.049300087579025154,1.3292168378829956,0.0994622273474896,0.2899072368939717,0.234805166721344,21,8,1,2560,7352,245,613,5da1c407274d9f2e64016876300738144d1a41605925a916babeba82ea35e9a6
37,950,1000,1.0717123746871948,1.04305233558019,0.2271831189805552,4.392348289489746,1.04305233558019,0.2271831189805552,1.320205529530843,0.06773666044805014,1.289190411567688,0.12960360436584253,0.2771531939506531,0.24613807598749804,21,8,1,2560,7352,245,613,5da1c407274d9f2e64016876300738144d1a41605925a916babeba82ea35e9a6
11,900,1000,0.7249922677874565,0.8292603492736816,0.28768140911790624,3.144968032836914,0.8292603492736816,0.28768140911790624,1.2116256554921467,0.05639647244682392,1.2001123428344727,0.059802943159426664,0.3823653062184651,0.370851993560791,21,9,2,2560,7352,245,613,5da1c407274d9f2e64016876300738144d1a41605925a916babeba82ea35e9a6
23,975,1000,0.6949050836265087,0.788299431403478,0.24499239331368897,3.2617008686065674,0.788299431403478,0.24499239331368897,1.2143739064534504,0.07176105823169954,1.1873930096626282,0.08018452975914107,0.4260744750499724,0.39909357825915015,21,9,2,2560,7352,245,613,5da1c407274d9f2e64016876300738144d1a41605925a916babeba82ea35e9a6
37,750,1000,0.7521440237760544,0.7901354630788168,0.24948196531283298,2.7790701389312744,0.7901354630788168,0.24948196531283298,1.2058836619059246,0.06069329908981337,1.2034759521484375,0.049945282458378586,0.4157481988271078,0.41334048906962073,21,9,2,2560,7352,245,613,5da1c407274d9f2e64016876300738144d1a41605925a916babeba82ea35e9a6
11,1000,1000,1.084346428513527,1.0869974394639332,0.3187403822951215,5.033819675445557,1.0869974394639332,0.3187403822951215,1.3206388155619304,0.07523904668454715,1.3081063628196716,0.08070815051293966,0.23364137609799718,0.2211089233557384,21,10,2,2560,7352,245,613,5da1c407274d9f2e64016876300738144d1a41605925a916babeba82ea35e9a6
23,1000,1000,1.0555740520358086,0.9071800311406454,0.28526743756502343,5.162202835083008,0.9071800311406454,0.28526743756502343,1.1786097685496013,0.06684923064709966,1.1506718918681145,0.0876199931046721,0.27142973740895593,0.2434918607274691,21,10,2,2560,7352,245,613,5da1c407274d9f2e64016876300738144d1a41605925a916babeba82ea35e9a6
37,800,1000,1.075599193572998,0.9213393131891886,0.31110177033187897,4.444474697113037,0.9213393131891886,0.31110177033187897,1.1341077486673992,0.040696558997052115,1.102329969406128,0.0840578389080189,0.21276843547821056,0.18099065621693933,21,10,2,2560,7352,245,613,5da1c407274d9f2e64016876300738144d1a41605925a916babeba82ea35e9a6
11,900,1000,0.8640173599123955,0.6777447462081909,0.4139420391915007,3.6568150520324707,0.6777447462081909,0.4139420391915007,0.9721631606419882,0.03673755404979413,0.9995866119861603,0.10698549148313308,0.29441841443379724,0.32184186577796936,21,11,3,2560,7352,245,613,5da1c407274d9f2e64016876300738144d1a41605925a916babeba82ea35e9a6
23,1000,1000,0.7695355415344238,0.5322891672452291,0.44824803352641907,3.7014832496643066,0.5322891672452291,0.44824803352641907,0.8905138572057089,0.1011748871937066,0.9463924914598465,0.0989412311464754,0.35822468996047974,0.4141033242146174,21,11,3,2560,7352,245,613,5da1c407274d9f2e64016876300738144d1a41605925a916babeba82ea35e9a6
37,900,1000,0.79782934486866,0.6490976313749949,0.4564968135901805,3.6844515800476074,0.6490976313749949,0.4564968135901805,0.9986728032430013,0.0672223385125896,1.0237336531281471,0.0976219697310875,0.34957517186800646,0.37463602175315225,21,11,3,2560,7352,245,613,5da1c407274d9f2e64016876300738144d1a41605925a916babeba82ea35e9a6
11,950,1000,0.7807317525148392,0.7852851351102194,0.18670466802516675,3.9639976024627686,0.7852851351102194,0.18670466802516675,1.0358681678771973,0.06012343766344096,1.0150214806199074,0.0637338864386352,0.2505830327669779,0.22973634550968802,21,12,2,2560,7352,245,613,5da1c407274d9f2e64016876300738144d1a41605925a916babeba82ea35e9a6
23,800,1000,0.8593889474868774,1.0093989372253418,0.1770150069531517,4.171489715576172,1.0093989372253418,0.1770150069531517,1.2577892144521077,0.060422970500858354,1.2069340944290161,0.10025905879831573,0.24839027722676588,0.19753515720367432,21,12,2,2560,7352,245,613,5da1c407274d9f2e64016876300738144d1a41605925a916babeba82ea35e9a6
37,1000,1000,0.827961802482605,0.9137787421544393,0.15542550239074848,4.745530128479004,0.9137787421544393,0.15542550239074848,1.3001675208409627,0.10539982767541367,1.2199088335037231,0.17471874024576312,0.3863887786865233,0.3061300913492838,21,12,2,2560,7352,245,613,5da1c407274d9f2e64016876300738144d1a41605925a916babeba82ea35e9a6
11,800,1000,0.6601663753390312,0.6090123256047567,0.2824544491782767,2.2723305225372314,0.6090123256047567,0.2824544491782767,1.1154263416926067,0.08137173654746328,1.0534528493881226,0.05262268273705081,0.50641401608785,0.44444052378336585,21,13,3,2560,7352,245,613,5da1c407274d9f2e64016876300738144d1a41605925a916babeba82ea35e9a6
23,925,1000,0.7438731640577316,0.6992856711149216,0.2817411202572537,2.615908145904541,0.6992856711149216,0.2817411202572537,1.2116468747456868,0.08072480784261582,1.1876458525657654,0.050159839928588745,0.5123612036307652,0.4883601814508438,21,13,3,2560,7352,245,613,5da1c407274d9f2e64016876300738144d1a41605925a916babeba82ea35e9a6
37,825,1000,0.7111465930938721,0.6311529080073038,0.2662914771063797,2.6260881423950195,0.6311529080073038,0.2662914771063797,1.1332807143529255,0.11769142720214124,1.0750408172607422,0.058760887151133506,0.5021278063456217,0.44388790925343835,21,13,3,2560,7352,245,613,5da1c407274d9f2e64016876300738144d1a41605925a916babeba82ea35e9a6
11,925,1000,0.8916710615158081,0.9367606341838837,0.40270367949811076,5.104550838470459,0.9367606341838837,0.40270367949811076,1.236574411392212,0.07124361741864836,1.211399495601654,0.10257768177283293,0.29981377720832825,0.2746388614177704,21,14,3,2560,7352,245,613,5da1c407274d9f2e64016876300738144d1a41605925a916babeba82ea35e9a6
23,875,1000,0.9271032810211182,0.8554855138063431,0.30419126069209623,4.696060657501221,0.8554855138063431,0.30419126069209623,1.1164153416951497,0.07386397271979792,1.106004774570465,0.05521424430902359,0.2609298278888066,0.250519260764122,21,14,3,2560,7352,245,613,5da1c407274d9f2e64016876300738144d1a41605925a916babeba82ea35e9a6
37,875,1000,0.9683753252029419,0.9012384414672852,0.3609866578636276,4.7792253494262695,0.9012384414672852,0.3609866578636276,1.1380337079366047,0.06290550744075188,1.154598355293274,0.053711401190147064,0.2367952664693196,0.25335991382598877,21,14,3,2560,7352,245,613,5da1c407274d9f2e64016876300738144d1a41605925a916babeba82ea35e9a6
11,600,850,0.6589509844779968,0.6286021371682485,0.27466328641773263,2.629842758178711,0.6286021371682485,0.27466328641773263,0.8332042892773946,0.054264408305920483,0.8338552713394165,0.06649057469535528,0.20460215210914612,0.20525313417116797,21,15,4,2560,7352,245,613,5da1c407274d9f2e64016876300738144d1a41605925a916babeba82ea35e9a6
23,1000,1000,0.8213860094547272,0.7270375440518061,0.33562799941923205,4.063562870025635,0.7270375440518061,0.33562799941923205,0.9896665811538696,0.05074003129202466,0.9234319925308228,0.08515080932853775,0.26262903710206353,0.19639444847901666,21,15,4,2560,7352,245,613,5da1c407274d9f2e64016876300738144d1a41605925a916babeba82ea35e9a6
37,975,1000,0.8306115865707397,0.639261931180954,0.31807895850541734,3.6670286655426025,0.639261931180954,0.31807895850541734,0.8417838215827942,0.07356321993885494,0.8854265585541725,0.12683024988526972,0.2025218904018402,0.24616462737321854,21,15,4,2560,7352,245,613,5da1c407274d9f2e64016876300738144d1a41605925a916babeba82ea35e9a6
11,975,1000,0.7303076982498169,0.7736016511917114,0.3741187118225012,2.591625928878784,0.7736016511917114,0.3741187118225012,1.1887115637461345,0.039883919354299024,1.18686443567276,0.06615733291043897,0.4151099125544231,0.4132627844810486,22,1,1,2560,7352,245,613,5da1c407274d9f2e64016876300738144d1a41605925a916babeba82ea35e9a6
23,1000,1000,0.6892200708389282,0.8298841814200083,0.40571011245534133,2.8287668228149414,0.8298841814200083,0.40571011245534133,1.1947835683822632,0.04688690093404518,1.207213282585144,0.056225189292549584,0.3648993869622549,0.37732910116513574,22,1,1,2560,7352,245,613,5da1c407274d9f2e64016876300738144d1a41605925a916babeba82ea35e9a6
37,650,900,0.5295958518981934,0.6099151372909546,0.35078199046389863,1.6737005710601807,0.6099151372909546,0.35078199046389863,1.0757967233657837,0.05605922514882591,1.0584781765937805,0.07837784718761104,0.4658815860748291,0.4485630393028259,22,1,1,2560,7352,245,613,5da1c407274d9f2e64016876300738144d1a41605925a916babeba82ea35e9a6
11,950,1000,1.2081505060195923,1.1459210117657979,0.3887086565395063,6.0352091789245605,1.1459210117657979,0.3887086565395063,1.5231552918752034,0.03149710569216525,1.498698115348816,0.06690988342219154,0.3772342801094055,0.35277710358301806,22,2,1,2560,7352,245,613,5da1c407274d9f2e64016876300738144d1a41605925a916babeba82ea35e9a6
23,975,1000,1.2539759874343872,0.9596272508303324,0.37094673007925744,6.213313102722168,0.9596272508303324,0.37094673007925744,1.293905258178711,0.07292517375362434,1.3062706589698792,0.06231657931353531,0.33427800734837854,0.34664340813954675,22,2,1,2560,7352,245,613,5da1c407274d9f2e64016876300738144d1a41605925a916babeba82ea35e9a6
37,850,1000,1.1920099258422852,1.0432012875874836,0.4034541558571895,5.3703203201293945,1.0432012875874836,0.4034541558571895,1.3115285634994507,0.04548594450944125,1.3503383994102478,0.05557823829197997,0.26832727591196703,0.30713711182276415,22,2,1,2560,7352,245,613,5da1c407274d9f2e64016876300738144d1a41605925a916babeba82ea35e9a6
11,975,1000,0.776544451713562,0.7219588458538055,0.3784013690882804,3.6658849716186523,0.7219588458538055,0.3784013690882804,0.9909069140752157,0.06711545607390892,1.027830921113491,0.06500825645513204,0.26894806822141015,0.3058720752596855,22,3,2,2560,7352,245,613,5da1c407274d9f2e64016876300738144d1a41605925a916babeba82ea35e9a6
23,1000,1000,0.767030879855156,0.582168867190679,0.7498629567466812,4.026409149169922,0.582168867190679,0.7498629567466812,0.7065773010253906,0.8065595688581894,1.132618010044098,0.08741517159270994,0.12440843383471167,0.550449142853419,22,3,2,2560,7352,245,613,5da1c407274d9f2e64016876300738144d1a41605925a916babeba82ea35e9a6
37,925,1000,0.8555262088775635,0.6497870683670044,0.6648991308087205,3.718324899673462,0.6497870683670044,0.6648991308087205,0.8389049271742502,0.5401378851220708,1.1592845916748047,0.07092096066393291,0.18911785880724585,0.5094975233078003,22,3,2,2560,7352,245,613,5da1c407274d9f2e64016876300738144d1a41605925a916babeba82ea35e9a6
11,900,1000,1.0995432138442993,0.9996573130289713,0.23552513312719026,4.282238960266113,0.9996573130289713,0.23552513312719026,1.21434489885966,0.06090347887335646,1.1318193078041077,0.21514726242298407,0.2146875858306886,0.13216199477513635,22,4,1,2560,7352,245,613,5da1c407274d9f2e64016876300738144d1a41605925a916babeba82ea35e9a6
23,1000,1000,1.149122342467308,1.1189201772212982,0.21568332850168442,4.833593368530273,1.1189201772212982,0.21568332850168442,1.3533141613006592,0.07096970856108155,1.0896947458386421,0.29593854283032156,0.23439398407936096,0.029225431382656097,22,4,1,2560,7352,245,613,5da1c407274d9f2e64016876300738144d1a41605925a916babeba82ea35e9a6
37,1000,1000,1.1923035383224487,1.0566168228785198,0.22437299844209685,4.557212829589844,1.0566168228785198,0.22437299844209685,1.2582214673360188,0.07576197513587025,1.1960718035697937,0.11327631653424504,0.20160464445749904,0.13945498069127393,22,4,1,2560,7352,245,613,5da1c407274d9f2e64016876300738144d1a41605925a916babeba82ea35e9a6
11,950,1000,0.7075327709317207,0.6638300021489462,0.2982488566175156,2.474900722503662,0.6638300021489462,0.2982488566175156,1.12578284740448,0.022673818224253798,1.1363114714622498,0.03645860032205584,0.4619528452555338,0.4724814693133036,22,5,2,2560,7352,245,613,5da1c407274d9f2e64016876300738144d1a41605925a916babeba82ea35e9a6
23,1000,1000,0.6138752847909927,0.7145997186501821,0.3487668644927626,2.571967363357544,0.7145997186501821,0.3487668644927626,1.2077077627182007,0.0320706013036105,1.2104660868644714,0.058971225095711684,0.49310804406801856,0.4958663682142893,22,5,2,2560,7352,245,613,5da1c407274d9f2e64016876300738144d1a41605925a916babeba82ea35e9a6
37,500,750,0.4806121587753296,0.46054113904635113,0.30935868110467785,1.5092504024505615,0.46054113904635113,0.30935868110467785,0.9237637321154276,0.017662661215186063,0.9476637169718742,0.03878036521752968,0.4632225930690765,0.4871225779255231,22,5,2,2560,7352,245,613,5da1c407274d9f2e64016876300738144d1a41605925a916babeba82ea35e9a6
11,925,1000,1.0726473405957222,0.877051959435145,0.3946182228800741,4.79914665222168,0.877051959435145,0.3946182228800741,1.183080752690633,0.08434702271581519,1.2097251415252686,0.06534844616581627,0.30602879325548804,0.33267318209012353,22,6,2,2560,7352,245,613,5da1c407274d9f2e64016876300738144d1a41605925a916babeba82ea35e9a6
23,925,1000,1.0896592289209366,0.8234758774439493,0.383070612184089,4.562839508056641,0.8234758774439493,0.383070612184089,1.1109459797541301,0.0598464268773027,1.1297927498817444,0.04794794827953003,0.2874701023101808,0.30631687243779504,22,6,2,2560,7352,245,613,5da1c407274d9f2e64016876300738144d1a41605925a916babeba82ea35e9a6
37,975,1000,1.0720010995864868,0.8403511345386505,0.4072177185834047,4.870420932769775,0.8403511345386505,0.4072177185834047,1.1092499991257985,0.09356120879492205,1.1104455664753914,0.06519590793535773,0.26889886458714796,0.2700944319367409,22,6,2,2560,7352,245,613,5da1c407274d9f2e64016876300738144d1a41605925a916babeba82ea35e9a6
11,900,1000,0.6987883485853672,0.6720155129830042,0.3984639792020079,3.3829944133758545,0.6720155129830042,0.3984639792020079,0.9288730621337891,0.07003375509248876,0.9437044858932495,0.06786548066527408,0.25685754915078485,0.2716889729102453,22,7,3,2560,7352,245,613,5da1c407274d9f2e64016876300738144d1a41605925a916babeba82ea35e9a6
23,975,1000,0.7220519706606865,0.2838326593240102,0.7540718708059387,3.404221534729004,0.2838326593240102,0.7540718708059387,0.9045486052831014,0.14365867291145182,0.968289814889431,0.08451203304955492,0.6207159459590912,0.6844571555654209,22,7,3,2560,7352,245,613,5da1c407274d9f2e64016876300738144d1a41605925a916babeba82ea35e9a6
37,800,1000,0.7201205044984818,0.5673310508330663,0.41517785720013484,3.2493228912353516,0.5673310508330663,0.41517785720013484,0.8433275620142618,0.15901058385896802,0.9232586026191711,0.04341031859755913,0.2759965111811955,0.3559275517861048,22,7,3,2560,7352,245,613,5da1c407274d9f2e64016876300738144d1a41605925a916babeba82ea35e9a6
11,1000,1000,0.9687026739120483,1.1254504521687825,0.2408901502151929,4.405568599700928,1.1254504521687825,0.2408901502151929,1.400443474451701,0.02647511974835159,1.388819694519043,0.1166619274101178,0.27499302228291844,0.2633692423502605,22,8,1,2560,7352,245,613,5da1c407274d9f2e64016876300738144d1a41605925a916babeba82ea35e9a6
23,1000,1000,1.0544140338897705,1.095753272374471,0.20267551928147784,4.83061408996582,1.095753272374471,0.20267551928147784,1.4017796516418457,0.061364831960772914,1.2597978115081787,0.21232934336719367,0.30602637926737475,0.16404453913370776,22,8,1,2560,7352,245,613,5da1c407274d9f2e64016876300738144d1a41605925a916babeba82ea35e9a6
37,875,1000,1.022444486618042,1.0194228092829387,0.2271865698528839,4.033534526824951,1.0194228092829387,0.2271865698528839,1.3018505970637004,0.013896114833499996,1.259274184703827,0.0654959390103723,0.2824277877807617,0.2398513754208882,22,8,1,2560,7352,245,613,5da1c407274d9f2e64016876300738144d1a41605925a916babeba82ea35e9a6
11,1000,1000,0.7596488445997238,0.857421080271403,0.2250958858815284,3.3963966369628906,0.857421080271403,0.2250958858815284,1.2866005500157673,0.07256770897961676,1.265919029712677,0.09157857329228294,0.4291794697443644,0.40849794944127404,22,9,2,2560,7352,245,613,5da1c407274d9f2e64016876300738144d1a41605925a916babeba82ea35e9a6
23,875,1000,0.7284684628248215,0.8063230812549591,0.2458775615983447,3.113842248916626,0.8063230812549591,0.2458775615983447,1.2371986707051594,0.049085161660567166,1.1586905643343925,0.07601546898197561,0.4308755894502003,0.35236748307943344,22,9,2,2560,7352,245,613,5da1c407274d9f2e64016876300738144d1a41605925a916babeba82ea35e9a6
37,925,1000,0.7654523923993111,0.8312209844589233,0.27450258741591976,3.1175413131713867,0.8312209844589233,0.27450258741591976,1.273454745610555,0.039303541843853304,1.2501780986785889,0.04899224537930689,0.4422337611516316,0.4189571142196655,22,9,2,2560,7352,245,613,5da1c407274d9f2e64016876300738144d1a41605925a916babeba82ea35e9a6
11,875,1000,1.0292789787054062,0.7906872779130936,0.2943453076145542,4.304189205169678,0.7906872779130936,0.2943453076145542,1.0737367868423462,0.06109005962783336,1.1396178603172302,0.046885244786631496,0.2830495089292526,0.34893058240413666,22,10,2,2560,7352,245,613,5da1c407274d9f2e64016876300738144d1a41605925a916babeba82ea35e9a6
23,800,1000,1.0884631723165512,0.9706725627183914,0.31439402421057205,4.3846893310546875,0.9706725627183914,0.31439402421057205,1.139695684115092,0.05497620265229556,1.1613479256629944,0.06906579164127129,0.16902312139670062,0.19067536294460297,22,10,2,2560,7352,245,613,5da1c407274d9f2e64016876300738144d1a41605925a916babeba82ea35e9a6
37,800,1000,1.1194073110818863,0.964697390794754,0.3001434919998982,4.417088031768799,0.964697390794754,0.3001434919998982,1.1920465628306072,0.06877331576432925,1.2190624475479126,0.07490413572862731,0.22734917203585314,0.25436505675315857,22,10,2,2560,7352,245,613,5da1c407274d9f2e64016876300738144d1a41605925a916babeba82ea35e9a6
11,1000,1000,0.7935851365327835,0.32826948165893555,0.7350321212745436,3.482236623764038,0.32826948165893555,0.7350321212745436,0.9224253495534261,0.06924742402707293,0.9595627188682556,0.07049487904889595,0.5941558678944906,0.6312932372093201,22,11,3,2560,7352,245,613,5da1c407274d9f2e64016876300738144d1a41605925a916babeba82ea35e9a6
23,950,1000,0.6894201040267944,0.5699069599310557,0.2786855575425246,3.3094429969787598,0.5699069599310557,0.2786855575425246,0.8622497717539469,0.04521525845076731,0.8468117713928223,0.08821652784698629,0.29234281182289124,0.2769048114617666,22,11,3,2560,7352,245,613,5da1c407274d9f2e64016876300738144d1a41605925a916babeba82ea35e9a6
37,950,1000,0.8187379091978073,0.5160883863766988,0.5500103113978985,3.660003423690796,0.5160883863766988,0.5500103113978985,0.8020191589991251,0.2515166692116869,0.9763492047786713,0.10156585523099317,0.2859307726224263,0.4602608184019724,22,11,3,2560,7352,245,613,5da1c407274d9f2e64016876300738144d1a41605925a916babeba82ea35e9a6
11,875,1000,0.7965991497039795,0.7750100692113241,0.18454213901390687,4.232141017913818,0.7750100692113241,0.18454213901390687,1.161105990409851,0.05803268653798425,1.0663000345230103,0.13050174366263875,0.386095921198527,0.29128996531168616,22,12,2,2560,7352,245,613,5da1c407274d9f2e64016876300738144d1a41605925a916babeba82ea35e9a6
23,900,1000,0.858952134847641,0.9535778065522512,0.19655284138837134,4.444809436798096,0.9535778065522512,0.19655284138837134,1.3412525653839111,0.088916302931187,1.25556730479002,0.16552988581055167,0.3876747588316599,0.30198949823776877,22,12,2,2560,7352,245,613,5da1c407274d9f2e64016876300738144d1a41605925a916babeba82ea35e9a6
37,1000,1000,0.8750535547733307,0.9254341920216879,0.18532109758747184,4.587978363037109,0.9254341920216879,0.18532109758747184,1.3425495227177937,0.1441406653271496,1.2684117555618286,0.21981865673459153,0.41711533069610585,0.34297756354014075,22,12,2,2560,7352,245,613,5da1c407274d9f2e64016876300738144d1a41605925a916babeba82ea35e9a6
11,1000,1000,0.7159450054168701,0.7096266746520996,0.2744939757260779,2.6514506340026855,0.7096266746520996,0.2744939757260779,1.2386574745178223,0.0872960575627586,1.168570101261139,0.06437296991056846,0.5290307998657227,0.4589434266090393,22,13,3,2560,7352,245,613,5da1c407274d9f2e64016876300738144d1a41605925a916babeba82ea35e9a6
23,975,1000,0.728652834892273,0.7907000680764517,0.3017125786880377,3.013080596923828,0.7907000680764517,0.3017125786880377,1.2993687788645427,0.0858519017705225,1.2411141395568848,0.050494028064644446,0.5086687107880911,0.4504140714804331,22,13,3,2560,7352,245,613,5da1c407274d9f2e64016876300738144d1a41605925a916babeba82ea35e9a6
37,925,1000,0.6809237748384476,0.6726885139942169,0.2784350369670224,2.9250948429107666,0.6726885139942169,0.2784350369670224,1.1919183731079102,0.09003212825765487,1.1295294091105461,0.08817581424696322,0.5192298591136932,0.4568408951163292,22,13,3,2560,7352,245,613,5da1c407274d9f2e64016876300738144d1a41605925a916babeba82ea35e9a6
11,1000,1000,0.8992490768432617,0.8482971489429474,0.3811414955799979,5.1461920738220215,0.8482971489429474,0.3811414955799979,1.171581506729126,0.06136551841083287,1.1719861030578613,0.07588773258883445,0.3232843577861786,0.32368895411491394,22,14,3,2560,7352,245,613,5da1c407274d9f2e64016876300738144d1a41605925a916babeba82ea35e9a6
23,900,1000,0.9235874712467194,0.922620415687561,0.3685168710898113,5.046456336975098,0.922620415687561,0.3685168710898113,1.1756284634272258,0.08535482239022817,1.144663155078888,0.06257259779539631,0.2530080477396648,0.2220427393913269,22,14,3,2560,7352,245,613,5da1c407274d9f2e64016876300738144d1a41605925a916babeba82ea35e9a6
37,850,1000,0.917212963104248,0.843521237373352,0.3347699554892827,4.921445846557617,0.843521237373352,0.3347699554892827,1.0617836117744446,0.06012691670510373,1.0559542775154114,0.07391432601101579,0.21826237440109253,0.21243304014205933,22,14,3,2560,7352,245,613,5da1c407274d9f2e64016876300738144d1a41605925a916babeba82ea35e9a6
11,1000,1000,0.7615436315536499,0.6062697072823843,0.4053826456124935,3.675323486328125,0.6062697072823843,0.4053826456124935,0.9721906979878744,0.07931248750005883,0.9546168074011803,0.10592252968321808,0.3659209907054901,0.348347100118796,22,15,4,2560,7352,245,613,5da1c407274d9f2e64016876300738144d1a41605925a916babeba82ea35e9a6
23,875,1000,0.8132602274417877,0.6153929630915324,0.34076247526331116,3.664353847503662,0.6153929630915324,0.34076247526331116,0.8930617570877075,0.038262833007793325,0.8757271766662598,0.11834241323824235,0.27766879399617517,0.2603342135747274,22,15,4,2560,7352,245,613,5da1c407274d9f2e64016876300738144d1a41605925a916babeba82ea35e9a6
37,1000,1000,0.8102813959121704,0.6016472578048706,0.5022852650597748,3.9788804054260254,0.6016472578048706,0.5022852650597748,0.8752060333887736,0.2940571103413994,0.9833791255950928,0.10163272833422397,0.27355877558390296,0.38173186779022217,22,15,4,2560,7352,245,613,5da1c407274d9f2e64016876300738144d1a41605925a916babeba82ea35e9a6
11,875,1000,0.6304396390914917,0.6934204498926798,0.35442786012809857,2.364969491958618,0.6934204498926798,0.35442786012809857,1.141360918680827,0.03831501262294235,1.179392695426941,0.056979306355803554,0.4479404687881471,0.4859722455342611,23,1,1,2560,7352,245,613,5da1c407274d9f2e64016876300738144d1a41605925a916babeba82ea35e9a6
23,925,1000,0.6790463924407959,0.794689933458964,0.3712542511519118,2.6831204891204834,0.794689933458964,0.3712542511519118,1.1983468532562256,0.026588528102188022,1.2262702584266663,0.04587593123757346,0.4036569197972616,0.43158032496770227,23,1,1,2560,7352,245,613,5da1c407274d9f2e64016876300738144d1a41605925a916babeba82ea35e9a6
37,925,1000,0.6217304915189743,0.7317944765090942,0.4484321466974573,2.6152093410491943,0.7317944765090942,0.4484321466974573,1.1490673224131267,0.050621149946658506,1.1844021081924438,0.0728267566905407,0.41727284590403246,0.4526076316833496,23,1,1,2560,7352,245,613,5da1c407274d9f2e64016876300738144d1a41605925a916babeba82ea35e9a6
11,800,1000,1.1600481122732162,1.0055554509162903,0.37550041281443963,4.995056629180908,1.0055554509162903,0.37550041281443963,1.3676227728525798,0.03905527168466953,1.359019160270691,0.06458157585959676,0.36206732193628954,0.35346370935440063,23,2,1,2560,7352,245,613,5da1c407274d9f2e64016876300738144d1a41605925a916babeba82ea35e9a6
23,800,1000,1.1535146087408066,0.9298847913742065,0.3864746877916076,5.17656946182251,0.9298847913742065,0.3864746877916076,1.3174253702163696,0.060201642670210276,1.3132964372634888,0.07191489808346269,0.3875405788421631,0.3834116458892822,23,2,1,2560,7352,245,613,5da1c407274d9f2e64016876300738144d1a41605925a916babeba82ea35e9a6
37,875,1000,1.1670462936162949,0.9685607552528381,0.421725641091278,5.556308269500732,0.9685607552528381,0.421725641091278,1.3488462766011555,0.0900836014839522,1.287284791469574,0.08257435414361096,0.3802855213483174,0.31872403621673584,23,2,1,2560,7352,245,613,5da1c407274d9f2e64016876300738144d1a41605925a916babeba82ea35e9a6
11,975,1000,0.8377759456634521,0.7385356823603312,0.3675690532979831,3.7498347759246826,0.7385356823603312,0.3675690532979831,1.010798692703247,0.06875791544671603,1.0746579393744469,0.07666370860754461,0.2722630103429159,0.3361222570141157,23,3,2,2560,7352,245,613,5da1c407274d9f2e64016876300738144d1a41605925a916babeba82ea35e9a6
23,850,1000,0.8303864002227783,0.7241771221160889,0.550714189367921,3.57312273979187,0.7241771221160889,0.550714189367921,0.9667112827301025,0.1180393861482614,1.0895012021064758,0.0618897050102403,0.24253416061401367,0.36532407999038696,23,3,2,2560,7352,245,613,5da1c407274d9f2e64016876300738144d1a41605925a916babeba82ea35e9a6
37,900,1000,0.818347692489624,0.7743737697601318,0.4354963477037138,3.383923053741455,0.7743737697601318,0.4354963477037138,0.9569390018781027,0.29115337320590595,1.1160290241241455,0.05793040236942532,0.18256523211797082,0.34165525436401367,23,3,2,2560,7352,245,613,5da1c407274d9f2e64016876300738144d1a41605925a916babeba82ea35e9a6
11,750,1000,1.0447005033493042,0.9320857127507528,0.20904746066011923,3.561553478240967,0.9320857127507528,0.20904746066011923,1.1415229241053264,0.076812762830552,1.016657292842865,0.32697972576269485,0.2094372113545736,0.08457158009211219,23,4,1,2560,7352,245,613,5da1c407274d9f2e64016876300738144d1a41605925a916babeba82ea35e9a6
23,875,1000,1.0835453122854233,1.0233574509620667,0.22609278433825017,4.532641887664795,1.0233574509620667,0.22609278433825017,1.19599183400472,0.06092430142973935,1.1381428763270378,0.09385961550657555,0.17263438304265333,0.11478542536497116,23,4,1,2560,7352,245,613,5da1c407274d9f2e64016876300738144d1a41605925a916babeba82ea35e9a6
37,825,1000,1.0737966299057007,1.0653800169626872,0.22804024061358402,4.029507637023926,1.0653800169626872,0.22804024061358402,1.273906985918681,0.0700935691246376,1.1642678380012512,0.18755453087662358,0.20852696895599365,0.09888782103856397,23,4,1,2560,7352,245,613,5da1c407274d9f2e64016876300738144d1a41605925a916babeba82ea35e9a6
11,925,1000,0.6257404871284962,0.630941353738308,0.3624429940048706,2.520341157913208,0.630941353738308,0.3624429940048706,1.1040521065394084,0.03507075289044366,1.134229063987732,0.05583395074296318,0.4731107528011005,0.503287710249424,23,5,2,2560,7352,245,613,5da1c407274d9f2e64016876300738144d1a41605925a916babeba82ea35e9a6
23,775,1000,0.6841103881597519,0.5697307884693146,0.286374284211214,2.102482318878174,0.5697307884693146,0.286374284211214,1.0227718750635784,0.03438734907836367,1.0651143193244934,0.05140103957296975,0.4530410865942638,0.49538353085517883,23,5,2,2560,7352,245,613,5da1c407274d9f2e64016876300738144d1a41605925a916babeba82ea35e9a6
37,975,1000,0.6942189931869507,0.630240668853124,0.37964414824536397,2.389643669128418,0.630240668853124,0.37964414824536397,1.1046953201293945,0.029721884047965177,1.1337249875068665,0.07604918418978505,0.4744546512762705,0.5034843186537424,23,5,2,2560,7352,245,613,5da1c407274d9f2e64016876300738144d1a41605925a916babeba82ea35e9a6
11,1000,1000,1.085786111652851,0.8137311587731043,0.4184245342201483,4.935856819152832,0.8137311587731043,0.4184245342201483,1.0934922297795613,0.09800373821970512,1.0894857048988342,0.044810319163014034,0.279761071006457,0.2757545461257299,23,6,2,2560,7352,245,613,5da1c407274d9f2e64016876300738144d1a41605925a916babeba82ea35e9a6
23,950,1000,1.0634193494915962,0.8617246945699056,0.3952800382211962,5.096437454223633,0.8617246945699056,0.3952800382211962,1.1685465971628826,0.08839165446413456,1.1673526763916016,0.07130650828632432,0.3068219025929769,0.3056279818216959,23,6,2,2560,7352,245,613,5da1c407274d9f2e64016876300738144d1a41605925a916babeba82ea35e9a6
37,950,1000,1.1249920129776,0.9336760441462199,0.44118344035951973,5.157153606414795,0.9336760441462199,0.44118344035951973,1.2339366674423218,0.09449051530180098,1.2562222480773926,0.06218068127884713,0.3002606232961019,0.3225462039311727,23,6,2,2560,7352,245,613,5da1c407274d9f2e64016876300738144d1a41605925a916babeba82ea35e9a6
11,1000,1000,0.7185132578015327,0.620600551366806,0.4067672279411323,3.558000326156616,0.620600551366806,0.4067672279411323,0.9734132687250773,0.07444759783244878,0.9600790143013,0.05567319097080025,0.35281271735827124,0.339478462934494,23,7,3,2560,7352,245,613,5da1c407274d9f2e64016876300738144d1a41605925a916babeba82ea35e9a6
23,750,1000,0.6474844217300415,0.5271111726760864,0.5163221872112764,2.855341911315918,0.5271111726760864,0.5163221872112764,0.8698512315750122,0.10264903676740367,0.8937711119651794,0.053933889043808046,0.3427400588989258,0.366659939289093,23,7,3,2560,7352,245,613,5da1c407274d9f2e64016876300738144d1a41605925a916babeba82ea35e9a6
37,550,800,0.6475402191281319,0.53046815097332,0.34764917235374665,2.4821527004241943,0.53046815097332,0.34764917235374665,0.7598659992218018,0.0855689727668079,0.7930651307106018,0.03587259690606349,0.22939784824848175,0.2625969797372818,23,7,3,2560,7352,245,613,5da1c407274d9f2e64016876300738144d1a41605925a916babeba82ea35e9a6
11,775,1000,1.0393028110265732,1.0141498843828838,0.18043534081078444,3.823733329772949,1.0141498843828838,0.18043534081078444,1.2642216682434082,0.067103355679647,1.1935135573148727,0.15777869646404322,0.2500717838605244,0.17936367293198896,23,8,1,2560,7352,245,613,5da1c407274d9f2e64016876300738144d1a41605925a916babeba82ea35e9a6
23,900,1000,1.043697938323021,1.009513298670451,0.1967359411747478,4.058462142944336,1.009513298670451,0.1967359411747478,1.3040939966837566,0.053201915545032605,1.1406564712524414,0.23708618768844703,0.29458069801330566,0.13114317258199049,23,8,1,2560,7352,245,613,5da1c407274d9f2e64016876300738144d1a41605925a916babeba82ea35e9a6
37,1000,1000,1.1536165475845337,1.0882010857264202,0.2253151864220089,4.940164566040039,1.0882010857264202,0.2253151864220089,1.487051288286845,0.07132345960165096,1.3477230668067932,0.14852341626558538,0.3988502025604248,0.25952198108037305,23,8,1,2560,7352,245,613,5da1c407274d9f2e64016876300738144d1a41605925a916babeba82ea35e9a6
11,925,1000,0.7591958045959473,0.7563305596510569,0.2720184810019439,3.3548073768615723,0.7563305596510569,0.2720184810019439,1.1868267456690471,0.07251115762565943,1.127549946308136,0.05861419533258073,0.4304961860179902,0.3712193866570791,23,9,2,2560,7352,245,613,5da1c407274d9f2e64016876300738144d1a41605925a916babeba82ea35e9a6
23,750,1000,0.7705873176455498,0.7908295392990112,0.2159588830211772,2.6546053886413574,0.7908295392990112,0.2159588830211772,1.1831112305323284,0.06086094123561968,1.1659704446792603,0.0630860442467408,0.39228169123331713,0.375140905380249,23,9,2,2560,7352,245,613,5da1c407274d9f2e64016876300738144d1a41605925a916babeba82ea35e9a6
37,875,1000,0.7715121954679489,0.7376305560270945,0.21107367447793005,2.9365298748016357,0.7376305560270945,0.21107367447793005,1.1717030207316081,0.05397123622304603,1.1545712351799011,0.06459754863156854,0.43407246470451366,0.41694067915280664,23,9,2,2560,7352,245,613,5da1c407274d9f2e64016876300738144d1a41605925a916babeba82ea35e9a6
11,1000,1000,1.0543556362390518,0.8491507743795713,0.32943504237995014,4.603482723236084,0.8491507743795713,0.32943504237995014,1.0894453922907512,0.09254325437873137,1.119058072566986,0.08312335740526848,0.2402946179111799,0.26990729818741477,23,10,2,2560,7352,245,613,5da1c407274d9f2e64016876300738144d1a41605925a916babeba82ea35e9a6
23,1000,1000,1.0603675991296768,1.0104665557543437,0.3505643718863932,4.9029951095581055,1.0104665557543437,0.3505643718863932,1.2198712825775146,0.05412766712008147,1.2561715841293335,0.079058688755747,0.2094047268231709,0.24570502837498975,23,10,2,2560,7352,245,613,5da1c407274d9f2e64016876300738144d1a41605925a916babeba82ea35e9a6
37,1000,1000,1.1269325017929077,1.0148797035217285,0.3335810011969747,5.179938316345215,1.0148797035217285,0.3335810011969747,1.2150617440541585,0.05342794511842452,1.2162070870399475,0.06865286621372396,0.20018204053242994,0.201327383518219,23,10,2,2560,7352,245,613,5da1c407274d9f2e64016876300738144d1a41605925a916babeba82ea35e9a6
11,925,1000,0.7918521240353584,0.5963006714979807,0.380368790349269,3.617020845413208,0.5963006714979807,0.380368790349269,0.9133415222167969,0.06949388910142366,0.9896597266197205,0.11170775986607183,0.31704085071881616,0.39335905512173974,23,11,3,2560,7352,245,613,5da1c407274d9f2e64016876300738144d1a41605925a916babeba82ea35e9a6
23,925,1000,0.7273341417312622,0.6868243664503098,0.3097674903427169,3.432075262069702,0.6868243664503098,0.3097674903427169,0.946577250957489,0.028346046398795476,1.0029600858688354,0.08408213599960303,0.25975288450717926,0.3161357194185257,23,11,3,2560,7352,245,613,5da1c407274d9f2e64016876300738144d1a41605925a916babeba82ea35e9a6
37,800,1000,0.7688308954238892,0.6370228926340739,0.27247760553155204,3.1899869441986084,0.6370228926340739,0.27247760553155204,0.9128874937693278,0.08987640521974548,0.9293766021728516,0.07473089547990068,0.2758646011352539,0.2923537095387777,23,11,3,2560,7352,245,613,5da1c407274d9f2e64016876300738144d1a41605925a916babeba82ea35e9a6
11,775,1000,0.8247443735599518,0.9641314744949341,0.16941574117983568,4.036502838134766,0.9641314744949341,0.16941574117983568,1.2519740263621013,0.04458300922733018,1.2209274768829346,0.08786891065402394,0.28784255186716723,0.2567960023880005,23,12,2,2560,7352,245,613,5da1c407274d9f2e64016876300738144d1a41605925a916babeba82ea35e9a6
23,850,1000,0.9803979396820068,1.0037806232770283,0.1787439162052737,4.422710418701172,1.0037806232770283,0.1787439162052737,1.3301204045613606,0.035211481770862654,1.2891588807106018,0.08639806608311114,0.3263397812843323,0.2853782574335735,23,12,2,2560,7352,245,613,5da1c407274d9f2e64016876300738144d1a41605925a916babeba82ea35e9a6
37,900,1000,0.8230175897479057,0.9243027766545614,0.1800505902641622,4.6493401527404785,0.9243027766545614,0.1800505902641622,1.2279762427012126,0.05059521041489048,1.1824857592582703,0.07067328476303772,0.30367346604665124,0.25818298260370887,23,12,2,2560,7352,245,613,5da1c407274d9f2e64016876300738144d1a41605925a916babeba82ea35e9a6
11,1000,1000,0.7166741639375687,0.7324072519938151,0.2810897626498518,2.7638907432556152,0.7324072519938151,0.2810897626498518,1.2563138008117676,0.05890995725507441,1.2056319117546082,0.05783068804486795,0.5239065488179525,0.4732246597607931,23,13,3,2560,7352,245,613,5da1c407274d9f2e64016876300738144d1a41605925a916babeba82ea35e9a6
23,925,1000,0.7153773307800293,0.7635819613933563,0.29306752078305653,2.9538497924804688,0.7635819613933563,0.29306752078305653,1.2576725482940674,0.1000193896260017,1.2288343906402588,0.06866595231387507,0.49409058690071106,0.46525242924690247,23,13,3,2560,7352,245,613,5da1c407274d9f2e64016876300738144d1a41605925a916babeba82ea35e9a6
37,925,1000,0.7070126980543137,0.7337731520334879,0.2822299747096248,2.945918083190918,0.7337731520334879,0.2822299747096248,1.2302639484405518,0.10541544618056596,1.1668486595153809,0.08791705713668202,0.49649079640706384,0.43307550748189294,23,13,3,2560,7352,245,613,5da1c407274d9f2e64016876300738144d1a41605925a916babeba82ea35e9a6
11,1000,1000,0.9092787504196167,0.8461122214794159,0.37128085280623674,5.144903659820557,0.8461122214794159,0.37128085280623674,1.1253098646799724,0.07933980610787246,1.106358289718628,0.05592726185855661,0.2791976432005565,0.26024606823921204,23,14,3,2560,7352,245,613,5da1c407274d9f2e64016876300738144d1a41605925a916babeba82ea35e9a6
23,550,800,0.7869020253419876,0.7549210091431936,0.26487624626670025,3.096653461456299,0.7549210091431936,0.26487624626670025,0.9736793835957845,0.0333994847820673,0.9795818626880646,0.06698217808437759,0.21875837445259094,0.22466085354487098,23,14,3,2560,7352,245,613,5da1c407274d9f2e64016876300738144d1a41605925a916babeba82ea35e9a6
37,950,1000,0.8949639797210693,0.726616621017456,0.3809631669493458,4.962611198425293,0.726616621017456,0.3809631669493458,1.0335615475972493,0.09258553082016996,1.0340152978897095,0.11677246075936241,0.3069449265797932,0.3073986768722534,23,14,3,2560,7352,245,613,5da1c407274d9f2e64016876300738144d1a41605925a916babeba82ea35e9a6
11,950,1000,0.7957105711102486,0.5611797372500101,0.38947076138223313,3.545525074005127,0.5611797372500101,0.38947076138223313,0.9166748722394308,0.06168029810000971,0.8868247345089912,0.09403280377243228,0.35549513498942065,0.3256449972589811,23,15,4,2560,7352,245,613,5da1c407274d9f2e64016876300738144d1a41605925a916babeba82ea35e9a6
23,825,1000,0.750237226486206,0.630074347058932,0.2931288456293534,3.415527105331421,0.630074347058932,0.2931288456293534,0.9139385024706522,0.04134766670654484,0.9078217148780823,0.06261476654591246,0.2838641554117203,0.2777473678191503,23,15,4,2560,7352,245,613,5da1c407274d9f2e64016876300738144d1a41605925a916babeba82ea35e9a6
37,1000,1000,0.8306583911180496,0.7071679433186849,0.3857882897851257,3.59842586517334,0.7071679433186849,0.3857882897851257,0.9943453470865885,0.10715253274954605,1.0120906829833984,0.07046111913949915,0.28717740376790357,0.3049227396647135,23,15,4,2560,7352,245,613,5da1c407274d9f2e64016876300738144d1a41605925a916babeba82ea35e9a6
11,975,1000,0.7157423496246338,0.7859615882237753,0.3570832130840131,2.4165821075439453,0.7859615882237753,0.3570832130840131,1.2728299697240193,0.04224212392232308,1.286522090435028,0.07185204124707523,0.48686838150024403,0.5005605022112528,24,1,1,2560,7352,245,613,5da1c407274d9f2e64016876300738144d1a41605925a916babeba82ea35e9a6
23,650,900,0.6227156519889832,0.6513021488984426,0.3162354032976759,1.7036287784576416,0.6513021488984426,0.3162354032976759,1.0066522359848022,0.045752070478352086,1.031152032315731,0.0750286904692982,0.3553500870863596,0.3798498834172884,24,1,1,2560,7352,245,613,5da1c407274d9f2e64016876300738144d1a41605925a916babeba82ea35e9a6
37,925,1000,0.7630678862333298,0.8401615222295126,0.4005376170445541,2.5080490112304688,0.8401615222295126,0.4005376170445541,1.2436512311299641,0.03524340239694984,1.2766199707984924,0.06633352650619992,0.40348970890045155,0.43645844856897986,24,1,1,2560,7352,245,613,5da1c407274d9f2e64016876300738144d1a41605925a916babeba82ea35e9a6
11,925,1000,1.120736613869667,1.0010868509610493,0.3792049804495511,5.12058687210083,1.0010868509610493,0.3792049804495511,1.3062858581542969,0.050674454929270966,1.340321660041809,0.05994851708461334,0.30519900719324755,0.33923480908075976,24,2,1,2560,7352,245,613,5da1c407274d9f2e64016876300738144d1a41605925a916babeba82ea35e9a6
23,925,1000,1.2223559617996216,0.9170448382695516,0.41803469274747057,5.51733922958374,0.9170448382695516,0.41803469274747057,1.307704011599223,0.058819142891106416,1.2902828454971313,0.08052897781787198,0.39065917332967126,0.3732380072275797,24,2,1,2560,7352,245,613,5da1c407274d9f2e64016876300738144d1a41605925a916babeba82ea35e9a6
37,850,1000,1.1541584730148315,0.9691289663314819,0.43856989240151684,5.655011177062988,0.9691289663314819,0.43856989240151684,1.3342465162277222,0.08384609796217274,1.3294757008552551,0.08079448027958673,0.36511754989624023,0.3603467345237732,24,2,1,2560,7352,245,613,5da1c407274d9f2e64016876300738144d1a41605925a916babeba82ea35e9a6
11,775,1000,0.801145426928997,0.7117945353190104,0.3176553569704591,3.2606401443481445,0.7117945353190104,0.3176553569704591,0.9443814754486084,0.06326070464860196,1.0257545709609985,0.04839865897913352,0.23258694012959802,0.31396003564198816,24,3,2,2560,7352,245,613,5da1c407274d9f2e64016876300738144d1a41605925a916babeba82ea35e9a6
23,975,1000,0.8252151012420654,0.46222468217213947,0.9448948934890052,3.8070993423461914,0.46222468217213947,0.9448948934890052,0.6549350023269653,0.937734490298226,1.099153459072113,0.10827868580557314,0.19271032015482586,0.6369287768999736,24,3,2,2560,7352,245,613,5da1c407274d9f2e64016876300738144d1a41605925a916babeba82ea35e9a6
37,925,1000,0.8316744267940521,0.6974648237228394,0.5643824568686643,3.444662570953369,0.6974648237228394,0.5643824568686643,1.0368889570236206,0.18554957300023395,1.118537187576294,0.10809271082525311,0.33942413330078125,0.4210723638534546,24,3,2,2560,7352,245,613,5da1c407274d9f2e64016876300738144d1a41605925a916babeba82ea35e9a6
11,975,1000,1.1126501709222794,1.0305824677149455,0.22007874013417977,4.323116779327393,1.0305824677149455,0.22007874013417977,1.2659364938735962,0.05942189179756785,1.2161430716514587,0.08356575039872141,0.23535402615865064,0.1855606039365132,24,4,1,2560,7352,245,613,5da1c407274d9f2e64016876300738144d1a41605925a916babeba82ea35e9a6
23,1000,1000,1.2231090068817139,1.1325975159804027,0.22911876858999802,5.038064479827881,1.1325975159804027,0.22911876858999802,1.3746655782063801,0.05195401494213353,1.0492731183767319,0.3994650776896143,0.24206806222597743,0.08332439760367083,24,4,1,2560,7352,245,613,5da1c407274d9f2e64016876300738144d1a41605925a916babeba82ea35e9a6
37,1000,1000,1.2415300607681274,1.0620446999867756,0.22857908922603892,4.675379753112793,1.0620446999867756,0.22857908922603892,1.278999924659729,0.06523834900983166,1.0963402390480042,0.27881277943391714,0.21695522467295336,0.03429553906122851,24,4,1,2560,7352,245,613,5da1c407274d9f2e64016876300738144d1a41605925a916babeba82ea35e9a6
11,950,1000,0.7033015936613083,0.6578766802946726,0.31729359810689545,2.566878080368042,0.6578766802946726,0.31729359810689545,1.0582069953282673,0.036212266569360246,1.0960951447486877,0.04374323382417531,0.40033031503359473,0.43821846445401513,24,5,2,2560,7352,245,613,5da1c407274d9f2e64016876300738144d1a41605925a916babeba82ea35e9a6
23,1000,1000,0.670042872428894,0.6862680117289225,0.32280465373385525,2.5732474327087402,0.6862680117289225,0.32280465373385525,1.1410151322682698,0.030483836649678974,1.1519085764884949,0.04692735315580828,0.4547471205393473,0.4656405647595724,24,5,2,2560,7352,245,613,5da1c407274d9f2e64016876300738144d1a41605925a916babeba82ea35e9a6
37,975,1000,0.6262973546981812,0.5542430977026621,0.2476990528438798,2.5801618099212646,0.5542430977026621,0.2476990528438798,1.0789685249328613,0.05256745097722956,1.1384340524673462,0.06759553188116839,0.5247254272301992,0.5841909547646841,24,5,2,2560,7352,245,613,5da1c407274d9f2e64016876300738144d1a41605925a916babeba82ea35e9a6
11,1000,1000,1.0592752732336521,0.7868821881711483,0.41953623435297477,5.052520751953125,0.7868821881711483,0.41953623435297477,1.0745327472686768,0.08844528640332538,1.0956677794456482,0.06407452806678264,0.28765055909752846,0.3087855912744999,24,6,2,2560,7352,245,613,5da1c407274d9f2e64016876300738144d1a41605925a916babeba82ea35e9a6
23,950,1000,1.0954890102148056,0.9412979284922282,0.40137137881174945,5.226899147033691,0.9412979284922282,0.40137137881174945,1.247651735941569,0.09206740702739902,1.2505342364311218,0.04511547308103094,0.30635380744934093,0.3092363079388937,24,6,2,2560,7352,245,613,5da1c407274d9f2e64016876300738144d1a41605925a916babeba82ea35e9a6
37,875,1000,0.9933426380157471,0.8646352787812551,0.40877838149864404,4.5323357582092285,0.8646352787812551,0.40877838149864404,1.1600269476572673,0.10042537180367103,1.2066332697868347,0.047775866037030226,0.2953916688760122,0.3419979910055796,24,6,2,2560,7352,245,613,5da1c407274d9f2e64016876300738144d1a41605925a916babeba82ea35e9a6
11,1000,1000,0.7226556614041328,0.51740862429142,0.4458510926137781,3.323113203048706,0.51740862429142,0.4458510926137781,0.9085551897684733,0.06541529998317118,0.9236283302307129,0.049006292006672746,0.3911465654770533,0.4062197059392929,24,7,3,2560,7352,245,613,5da1c407274d9f2e64016876300738144d1a41605925a916babeba82ea35e9a6
23,900,1000,0.7256468534469604,0.5721962501605352,0.5794510136561889,3.3938355445861816,0.5721962501605352,0.5794510136561889,1.0077978769938152,0.07761425721157438,1.0113444328308105,0.06693413011512978,0.43560162683327996,0.43914818267027533,24,7,3,2560,7352,245,613,5da1c407274d9f2e64016876300738144d1a41605925a916babeba82ea35e9a6
37,750,1000,0.7112995833158493,0.6527045865853628,0.3390753236387797,3.0650064945220947,0.6527045865853628,0.3390753236387797,0.9011325339476267,0.07870108578932149,0.9220089912414551,0.036374006230643255,0.24842794736226392,0.2693044046560923,24,7,3,2560,7352,245,613,5da1c407274d9f2e64016876300738144d1a41605925a916babeba82ea35e9a6
11,975,1000,1.0172401815652847,0.9672794044017792,0.21542327972855993,4.306474208831787,0.9672794044017792,0.21542327972855993,1.275187333424886,0.07306562611540002,1.1843037456274033,0.12284967630777177,0.3079079290231068,0.21702434122562408,24,8,1,2560,7352,245,613,5da1c407274d9f2e64016876300738144d1a41605925a916babeba82ea35e9a6
23,950,1000,1.022993564605713,1.0303929050763447,0.21147763425167346,5.1408305168151855,1.0303929050763447,0.21147763425167346,1.2951074441274006,0.07528939740485285,1.2300005108118057,0.187637433242212,0.2647145390510559,0.199607605735461,24,8,1,2560,7352,245,613,5da1c407274d9f2e64016876300738144d1a41605925a916babeba82ea35e9a6
37,975,1000,1.1359657049179077,1.0645991762479146,0.2590597956744314,4.9160075187683105,1.0645991762479146,0.2590597956744314,1.44786270459493,0.0679649354940647,1.3101051449775696,0.12144486833281197,0.3832635283470154,0.24550596872965502,24,8,1,2560,7352,245,613,5da1c407274d9f2e64016876300738144d1a41605925a916babeba82ea35e9a6
11,900,1000,0.7443145588040352,0.8191531896591187,0.30008540673781814,3.1087594032287598,0.8191531896591187,0.30008540673781814,1.234723409016927,0.0972920549049741,1.1996820569038391,0.05656524514326636,0.41557021935780836,0.38052886724472046,24,9,2,2560,7352,245,613,5da1c407274d9f2e64016876300738144d1a41605925a916babeba82ea35e9a6
23,800,1000,0.7540014982223511,0.7788273791472117,0.22502967292402962,3.087459087371826,0.7788273791472117,0.22502967292402962,1.2035796244939168,0.04830874200957727,1.1968952417373657,0.07209134093144987,0.4247522453467051,0.41806786259015405,24,9,2,2560,7352,245,613,5da1c407274d9f2e64016876300738144d1a41605925a916babeba82ea35e9a6
37,950,1000,0.7712634801864624,0.8447038034598032,0.27235074229705314,3.329206705093384,0.8447038034598032,0.27235074229705314,1.2593255043029785,0.07433000568394979,1.2717522382736206,0.08822856647215313,0.4146217008431753,0.4270484348138174,24,9,2,2560,7352,245,613,5da1c407274d9f2e64016876300738144d1a41605925a916babeba82ea35e9a6
11,1000,1000,1.0975699573755264,0.9518894155820211,0.30274208747952897,5.177093029022217,0.9518894155820211,0.30274208747952897,1.2063324054082234,0.07185710475528378,1.2068560719490051,0.07784911854596889,0.2544429898262023,0.254966656366984,24,10,2,2560,7352,245,613,5da1c407274d9f2e64016876300738144d1a41605925a916babeba82ea35e9a6
23,925,1000,1.088836908340454,1.0183389981587727,0.36073267293761285,4.979992389678955,1.0183389981587727,0.36073267293761285,1.248288631439209,0.06075269806502811,1.291650414466858,0.05757460329856742,0.22994963328043627,0.2733114163080852,24,10,2,2560,7352,245,613,5da1c407274d9f2e64016876300738144d1a41605925a916babeba82ea35e9a6
37,925,1000,1.1480587869882584,1.002809206644694,0.3219354389309579,4.6844658851623535,1.002809206644694,0.3219354389309579,1.1909099419911702,0.075504904961254,1.2214401960372925,0.09993588830769448,0.1881007353464761,0.2186309893925984,24,10,2,2560,7352,245,613,5da1c407274d9f2e64016876300738144d1a41605925a916babeba82ea35e9a6
11,875,1000,0.7930645197629929,0.6313512722651163,0.26322179835570747,2.97294282913208,0.6313512722651163,0.26322179835570747,0.9232685168584188,0.01789938918173968,0.9467578530311584,0.10473633841050688,0.2919172445933025,0.3154065807660421,24,11,3,2560,7352,245,613,5da1c407274d9f2e64016876300738144d1a41605925a916babeba82ea35e9a6
23,825,1000,0.7448385506868362,0.5714141031106313,0.4317030903464604,3.2795443534851074,0.5714141031106313,0.4317030903464604,0.8960375388463339,0.09605631621755947,0.9767795205116272,0.10636047736156909,0.3246234357357025,0.40536541740099585,24,11,3,2560,7352,245,613,5da1c407274d9f2e64016876300738144d1a41605925a916babeba82ea35e9a6
37,850,1000,0.8077481985092163,0.7026567459106445,0.3105698142270614,3.7128236293792725,0.7026567459106445,0.3105698142270614,0.977318157752355,0.047927350578132945,0.9730523228645325,0.08120298159425134,0.27466141184171045,0.27039557695388794,24,11,3,2560,7352,245,613,5da1c407274d9f2e64016876300738144d1a41605925a916babeba82ea35e9a6
11,950,1000,0.9080377519130707,1.0688614050547283,0.22982362018933486,4.841790199279785,1.0688614050547283,0.22982362018933486,1.3797411918640137,0.08716503000505148,1.3227382898330688,0.0724905079173141,0.3108797868092854,0.2538768847783406,24,12,2,2560,7352,245,613,5da1c407274d9f2e64016876300738144d1a41605925a916babeba82ea35e9a6
23,900,1000,0.8505576103925705,0.9086064199606577,0.19965096800265547,4.495846271514893,0.9086064199606577,0.19965096800265547,1.286550521850586,0.09029532572245806,1.1990802809596062,0.1320474125340829,0.3779441018899282,0.29047386099894845,24,12,2,2560,7352,245,613,5da1c407274d9f2e64016876300738144d1a41605925a916babeba82ea35e9a6
37,875,1000,0.8070520162582397,0.9778660436471304,0.19857739268767308,4.461113929748535,0.9778660436471304,0.19857739268767308,1.2945963541666667,0.06374212409398869,1.2558247447013855,0.09651611822986873,0.3167303105195364,0.27795870105425513,24,12,2,2560,7352,245,613,5da1c407274d9f2e64016876300738144d1a41605925a916babeba82ea35e9a6
11,725,975,0.6640440672636032,0.6398214002450308,0.2682428308784654,2.2597975730895996,0.6398214002450308,0.2682428308784654,1.138639211654663,0.09486209971940632,1.0755000561475754,0.10277004539785309,0.49881781140963233,0.4356786559025446,24,13,3,2560,7352,245,613,5da1c407274d9f2e64016876300738144d1a41605925a916babeba82ea35e9a6
23,850,1000,0.7624620944261551,0.78550652662913,0.2855666100808303,2.7199578285217285,0.78550652662913,0.2855666100808303,1.2665397723515828,0.07719068126402007,1.211898922920227,0.07114022255461686,0.48103324572245276,0.42639239629109704,24,13,3,2560,7352,245,613,5da1c407274d9f2e64016876300738144d1a41605925a916babeba82ea35e9a6
37,1000,1000,0.6813787668943405,0.6644075413544973,0.32334505497141863,2.8406155109405518,0.6644075413544973,0.32334505497141863,1.2119557062784831,0.09520849531998372,1.1754270195960999,0.07644089924213758,0.5475481649239858,0.5110194782416025,24,13,3,2560,7352,245,613,5da1c407274d9f2e64016876300738144d1a41605925a916babeba82ea35e9a6
11,950,1000,0.9067546054720879,0.8398559043804804,0.3306300854163771,5.236259937286377,0.8398559043804804,0.3306300854163771,1.116241216659546,0.07782254618330496,1.1086630821228027,0.075987192380321,0.2763853122790655,0.2688071777423223,24,14,3,2560,7352,245,613,5da1c407274d9f2e64016876300738144d1a41605925a916babeba82ea35e9a6
23,975,1000,0.8646422624588013,0.9213602542877197,0.4079321595348779,5.348081111907959,0.9213602542877197,0.4079321595348779,1.1614580154418945,0.09614454897655336,1.199188470840454,0.11202138653558069,0.2400977611541748,0.2778282165527344,24,14,3,2560,7352,245,613,5da1c407274d9f2e64016876300738144d1a41605925a916babeba82ea35e9a6
37,925,1000,0.9364707469940186,0.8922012249628702,0.3488080152327162,4.945644855499268,0.8922012249628702,0.3488080152327162,1.095858375231425,0.10880358165791572,1.1127476692199707,0.1182308197119444,0.2036571502685548,0.22054644425710046,24,14,3,2560,7352,245,613,5da1c407274d9f2e64016876300738144d1a41605925a916babeba82ea35e9a6
11,975,1000,0.775400273501873,0.6595536867777506,0.2933480596798275,3.604975938796997,0.6595536867777506,0.2933480596798275,0.8956162134806315,0.051431565468165574,0.8719251155853271,0.0906914105775981,0.23606252670288086,0.21237142880757653,24,15,4,2560,7352,245,613,5da1c407274d9f2e64016876300738144d1a41605925a916babeba82ea35e9a6
23,1000,1000,0.784126877784729,0.7218825320402781,0.288424385110966,3.9676504135131836,0.7218825320402781,0.288424385110966,0.9615180790424347,0.056441230295455794,0.9386061578989029,0.06551954586043239,0.2396355470021566,0.2167236258586248,24,15,4,2560,7352,245,613,5da1c407274d9f2e64016876300738144d1a41605925a916babeba82ea35e9a6
37,925,1000,0.7714153528213501,0.662468155225118,0.2936185524822341,3.5619449615478516,0.662468155225118,0.2936185524822341,0.8845916986465454,0.07923573669671619,0.8826344609260559,0.05623038641564568,0.22212354342142737,0.22016630570093787,24,15,4,2560,7352,245,613,5da1c407274d9f2e64016876300738144d1a41605925a916babeba82ea35e9a6
11,950,1000,0.7163097858428955,0.842509905497233,0.38419067202410445,2.6614060401916504,0.842509905497233,0.38419067202410445,1.3031325340270996,0.08258850345045406,1.2977225184440613,0.07839666730402245,0.4606226285298666,0.45521261294682824,25,1,1,2560,7352,245,613,5da1c407274d9f2e64016876300738144d1a41605925a916babeba82ea35e9a6
23,900,1000,0.7034965753555298,0.7976392507553101,0.4434686494084774,2.575470447540283,0.7976392507553101,0.4434686494084774,1.3048014243443806,0.06649143508001534,1.2883596420288086,0.08749859924844983,0.5071621735890706,0.49072039127349854,25,1,1,2560,7352,245,613,5da1c407274d9f2e64016876300738144d1a41605925a916babeba82ea35e9a6
37,650,900,0.6086010932922363,0.6323839426040649,0.39342190273182753,1.735910177230835,0.6323839426040649,0.39342190273182753,1.0562351147333782,0.07796748387652906,1.066615343093872,0.07973002750315686,0.4238511721293132,0.43423140048980713,25,1,1,2560,7352,245,613,5da1c407274d9f2e64016876300738144d1a41605925a916babeba82ea35e9a6
11,950,1000,1.2533676475286484,1.123189369837443,0.43519886866240015,6.103320121765137,1.123189369837443,0.43519886866240015,1.5169440110524495,0.05544709735468361,1.4834576845169067,0.06456433522461348,0.39375464121500636,0.36026831467946363,25,2,1,2560,7352,245,613,5da1c407274d9f2e64016876300738144d1a41605925a916babeba82ea35e9a6
23,875,1000,1.1582903861999512,1.1180666089057922,0.40087644000475653,5.932796478271484,1.1180666089057922,0.40087644000475653,1.3953653971354167,0.053452018118873915,1.3843052983283997,0.04838776471078969,0.2772987882296245,0.2662386894226074,25,2,1,2560,7352,245,613,5da1c407274d9f2e64016876300738144d1a41605925a916babeba82ea35e9a6
37,875,1000,1.1877368688583374,1.047990659872691,0.40509317210341345,5.695158958435059,1.047990659872691,0.40509317210341345,1.4269212086995442,0.09634881090215737,1.3871051669120789,0.06761549494348645,0.3789305488268533,0.33911450703938795,25,2,1,2560,7352,245,613,5da1c407274d9f2e64016876300738144d1a41605925a916babeba82ea35e9a6
11,975,1000,0.8015870153903961,0.7165875832239786,0.44162199800629515,3.6860265731811523,0.7165875832239786,0.44162199800629515,1.0362895131111145,0.08493250479939439,1.0686044469475746,0.09293002712431617,0.31970192988713586,0.352016863723596,25,3,2,2560,7352,245,613,5da1c407274d9f2e64016876300738144d1a41605925a916babeba82ea35e9a6
23,725,975,0.8353670537471771,0.6497664054234823,0.5645884374323558,3.2815115451812744,0.6497664054234823,0.5645884374323558,0.9570078551769257,0.14757737484420222,1.051539584994316,0.07855609236816502,0.30724144975344336,0.4017731795708338,25,3,2,2560,7352,245,613,5da1c407274d9f2e64016876300738144d1a41605925a916babeba82ea35e9a6
37,900,1000,0.9003524780273438,0.8570943971474966,0.37491429295351497,3.682868242263794,0.8570943971474966,0.37491429295351497,1.1028752326965332,0.08690187424689642,1.1538666486740112,0.05722742698420893,0.24578083554903662,0.29677225152651465,25,3,2,2560,7352,245,613,5da1c407274d9f2e64016876300738144d1a41605925a916babeba82ea35e9a6
11,775,1000,1.0006293952465057,0.8376678923765818,0.21894581648247313,3.4962568283081055,0.8376678923765818,0.21894581648247313,1.1701958974202473,0.06763884865126281,0.8304562941193581,0.582403391694407,0.33252800504366553,0.007211598257223728,25,4,1,2560,7352,245,613,5da1c407274d9f2e64016876300738144d1a41605925a916babeba82ea35e9a6
23,850,1000,1.034301981329918,1.0366822679837544,0.2202368642484509,3.9248430728912354,1.0366822679837544,0.2202368642484509,1.2425247033437092,0.06306760108142782,1.1685022115707397,0.05271010212240003,0.20584243535995483,0.13181994358698534,25,4,1,2560,7352,245,613,5da1c407274d9f2e64016876300738144d1a41605925a916babeba82ea35e9a6
37,1000,1000,1.1673023849725723,1.092311978340149,0.25436794738260593,4.84389591217041,1.092311978340149,0.25436794738260593,1.3353977998097737,0.05450696937374966,1.1568008065223694,0.2813389854131255,0.24308582146962476,0.06448882818222046,25,4,1,2560,7352,245,613,5da1c407274d9f2e64016876300738144d1a41605925a916babeba82ea35e9a6
11,750,1000,0.7047719359397888,0.6601498623689016,0.26656614011513863,2.014399290084839,0.6601498623689016,0.26656614011513863,1.0691149234771729,0.017569596897313897,1.1130614280700684,0.029702995307731947,0.40896506110827124,0.45291156570116675,25,5,2,2560,7352,245,613,5da1c407274d9f2e64016876300738144d1a41605925a916babeba82ea35e9a6
23,1000,1000,0.6792310625314713,0.668463704486688,0.33749363007439565,2.49247670173645,0.668463704486688,0.33749363007439565,1.1043976147969563,0.022968082697503434,1.1111117005348206,0.04306882602295834,0.4359339103102683,0.44264799604813254,25,5,2,2560,7352,245,613,5da1c407274d9f2e64016876300738144d1a41605925a916babeba82ea35e9a6
37,950,1000,0.7102124616503716,0.690164253115654,0.3252714595184055,2.469841957092285,0.690164253115654,0.3252714595184055,1.1484030882517497,0.025792847750661006,1.1969842910766602,0.045379574850868215,0.45823883513609576,0.5068200379610062,25,5,2,2560,7352,245,613,5da1c407274d9f2e64016876300738144d1a41605925a916babeba82ea35e9a6
11,1000,1000,1.0006977394223213,0.7864681432644526,0.393525235121197,4.780782699584961,0.7864681432644526,0.393525235121197,1.0728331009546916,0.1006382624322778,1.0908771753311157,0.05851987667543027,0.28636495769023906,0.30440903206666314,25,6,2,2560,7352,245,613,5da1c407274d9f2e64016876300738144d1a41605925a916babeba82ea35e9a6
23,925,1000,1.1248433589935303,0.9149656643470129,0.4100219742672451,5.065263271331787,0.9149656643470129,0.4100219742672451,1.1988805532455444,0.08403012177850996,1.2148272395133972,0.05469914672312372,0.28391488889853156,0.29986157516638434,25,6,2,2560,7352,245,613,5da1c407274d9f2e64016876300738144d1a41605925a916babeba82ea35e9a6
37,975,1000,1.1405655294656754,0.89045516649882,0.4188929439269024,5.206645965576172,0.89045516649882,0.4188929439269024,1.1620200475056965,0.08842721270319909,1.1805130243301392,0.06062384464139138,0.2715648810068766,0.2900578578313192,25,6,2,2560,7352,245,613,5da1c407274d9f2e64016876300738144d1a41605925a916babeba82ea35e9a6
11,900,1000,0.730998232960701,0.6858978619178137,0.3992838282250529,3.2769649028778076,0.6858978619178137,0.3992838282250529,0.9474217494328817,0.09403326291497364,0.9348313808441162,0.08826963157331573,0.26152388751506805,0.24893351892630255,25,7,3,2560,7352,245,613,5da1c407274d9f2e64016876300738144d1a41605925a916babeba82ea35e9a6
23,1000,1000,0.7109911367297173,0.4052925209204356,0.6047460629251402,3.5109148025512695,0.4052925209204356,0.6047460629251402,1.0037026405334473,0.07555344031280918,1.0400528311729431,0.047000778907619854,0.5984101196130116,0.6347603102525075,25,7,3,2560,7352,245,613,5da1c407274d9f2e64016876300738144d1a41605925a916babeba82ea35e9a6
37,1000,1000,0.7107725217938423,0.64754685262839,0.34881631544143243,3.6359541416168213,0.64754685262839,0.34881631544143243,0.9205176035563151,0.06308229166307969,0.9053075909614563,0.03932399617035739,0.2729707509279251,0.25776073833306634,25,7,3,2560,7352,245,613,5da1c407274d9f2e64016876300738144d1a41605925a916babeba82ea35e9a6
11,825,1000,1.0425994396209717,1.0253761609395344,0.20220741390688388,4.3679046630859375,1.0253761609395344,0.20220741390688388,1.3599695364634197,0.05445348446260739,1.294243574142456,0.10176920152206534,0.33459337552388524,0.2688674132029216,25,8,1,2560,7352,245,613,5da1c407274d9f2e64016876300738144d1a41605925a916babeba82ea35e9a6
23,825,1000,1.0655136108398438,1.0635882019996643,0.196282038443448,4.245611190795898,1.0635882019996643,0.196282038443448,1.3145845333735149,0.044956263649342895,1.2295849844813347,0.14172807912292026,0.2509963313738506,0.16599678248167038,25,8,1,2560,7352,245,613,5da1c407274d9f2e64016876300738144d1a41605925a916babeba82ea35e9a6
37,825,1000,1.1341652870178223,1.1504239241282146,0.18757931130833674,4.630354404449463,1.1504239241282146,0.18757931130833674,1.4470361073811848,0.0659334690438862,1.3485172986984253,0.18868469976821028,0.29661218325297023,0.1980933745702107,25,8,1,2560,7352,245,613,5da1c407274d9f2e64016876300738144d1a41605925a916babeba82ea35e9a6
11,825,1000,0.7720755487680435,0.7980051388343176,0.3233403181798138,3.1638309955596924,0.7980051388343176,0.3233403181798138,1.2123325268427532,0.060910157902593146,1.1767327189445496,0.05420902313742732,0.4143273880084356,0.378727580110232,25,9,2,2560,7352,245,613,5da1c407274d9f2e64016876300738144d1a41605925a916babeba82ea35e9a6
23,1000,1000,0.7792977541685104,0.8732604533433914,0.2723948256189688,3.5940208435058594,0.8732604533433914,0.2723948256189688,1.2919939359029133,0.0770851643622481,1.1899969577789307,0.06260187861381321,0.4187334825595219,0.31673650443553925,25,9,2,2560,7352,245,613,5da1c407274d9f2e64016876300738144d1a41605925a916babeba82ea35e9a6
37,850,1000,0.8052425384521484,0.8405650854110718,0.2522422733730055,3.127777338027954,0.8405650854110718,0.2522422733730055,1.2347702185312908,0.05331693619649799,1.1960321068763733,0.0727881668863644,0.394205133120219,0.3554670214653015,25,9,2,2560,7352,245,613,5da1c407274d9f2e64016876300738144d1a41605925a916babeba82ea35e9a6
11,1000,1000,1.1245064735412598,0.9772163182497025,0.3090522992302246,4.942393779754639,0.9772163182497025,0.3090522992302246,1.222713549931844,0.08198389798854848,1.231998324394226,0.09234255820071115,0.24549723168214155,0.2547820061445236,25,10,2,2560,7352,245,613,5da1c407274d9f2e64016876300738144d1a41605925a916babeba82ea35e9a6
23,950,1000,1.1001430749893188,0.9776182572046915,0.31476182951659915,4.878840923309326,0.9776182572046915,0.31476182951659915,1.1437729597091675,0.05348771636239296,1.2013728618621826,0.05842881653694692,0.16615470250447595,0.22375460465749109,25,10,2,2560,7352,245,613,5da1c407274d9f2e64016876300738144d1a41605925a916babeba82ea35e9a6
37,975,1000,1.1358476728200912,1.0271678020556767,0.3189747722650501,5.010128021240234,1.0271678020556767,0.3189747722650501,1.2278823852539062,0.06995220387220856,1.209409236907959,0.0644172121541315,0.20071458319822955,0.18224143485228228,25,10,2,2560,7352,245,613,5da1c407274d9f2e64016876300738144d1a41605925a916babeba82ea35e9a6
11,925,1000,0.8271012306213379,0.4649884104728699,0.5642456249419358,3.820343255996704,0.4649884104728699,0.5642456249419358,0.8399677475293478,0.11750994186284346,0.9106488972902298,0.08304849998726191,0.3749793370564779,0.4456604868173599,25,11,3,2560,7352,245,613,5da1c407274d9f2e64016876300738144d1a41605925a916babeba82ea35e9a6
23,525,775,0.6325461938977242,0.5543059607346853,0.2832102297497814,2.285111904144287,0.5543059607346853,0.2832102297497814,0.7703898549079895,0.05558124796662555,0.8243284821510315,0.06053146201684257,0.2160838941733042,0.2700225214163462,25,11,3,2560,7352,245,613,5da1c407274d9f2e64016876300738144d1a41605925a916babeba82ea35e9a6
37,1000,1000,0.8023151606321335,0.45123199621836346,0.6879126455988799,3.558084011077881,0.45123199621836346,0.6879126455988799,0.8600137233734131,0.10614155956588381,0.9075284600257874,0.14983427902845287,0.4087817271550496,0.4562964638074239,25,11,3,2560,7352,245,613,5da1c407274d9f2e64016876300738144d1a41605925a916babeba82ea35e9a6
11,775,1000,0.8166027516126633,0.9787920713424683,0.18355739185531733,3.9425978660583496,0.9787920713424683,0.18355739185531733,1.306551734606425,0.052362737254610874,1.2649457454681396,0.09447464515577228,0.3277596632639568,0.2861536741256714,25,12,2,2560,7352,245,613,5da1c407274d9f2e64016876300738144d1a41605925a916babeba82ea35e9a6
23,900,1000,0.8194782808423042,0.9117770493030548,0.18963900105711115,4.444569110870361,0.9117770493030548,0.18963900105711115,1.266615907351176,0.09980242432643883,1.1745082288980484,0.18502738708519542,0.3548388580481212,0.2627311795949936,25,12,2,2560,7352,245,613,5da1c407274d9f2e64016876300738144d1a41605925a916babeba82ea35e9a6
37,775,1000,0.8410623073577881,1.0065649350484211,0.18000076187980615,4.400566101074219,1.0065649350484211,0.18000076187980615,1.2995378971099854,0.08835272973629964,1.2614305019378662,0.08605359644067134,0.2929729620615642,0.25486556688944506,25,12,2,2560,7352,245,613,5da1c407274d9f2e64016876300738144d1a41605925a916babeba82ea35e9a6
11,625,875,0.5691031813621521,0.6156266927719116,0.28951720780342743,2.1158132553100586,0.6156266927719116,0.28951720780342743,1.0962837934494019,0.07729643995220847,1.0749353766441345,0.06631615288216301,0.48065710067749023,0.4593086838722229,25,13,3,2560,7352,245,613,5da1c407274d9f2e64016876300738144d1a41605925a916babeba82ea35e9a6
23,925,1000,0.6784790307283401,0.7578059037526449,0.29902008807291847,2.834165334701538,0.7578059037526449,0.29902008807291847,1.2308980623881023,0.07026356888891323,1.1895570755004883,0.04523543887263425,0.4730921586354574,0.4317511717478434,25,13,3,2560,7352,245,613,5da1c407274d9f2e64016876300738144d1a41605925a916babeba82ea35e9a6
37,825,1000,0.609455943107605,0.5904319584369659,0.3118444360476765,2.5146031379699707,0.5904319584369659,0.3118444360476765,1.1138071219126384,0.11410310892191712,1.1024835631251335,0.09011314598604032,0.5233751634756725,0.5120516046881676,25,13,3,2560,7352,245,613,5da1c407274d9f2e64016876300738144d1a41605925a916babeba82ea35e9a6
11,975,1000,0.9321839883923531,0.885631429652373,0.33371080249836377,4.791896343231201,0.885631429652373,0.33371080249836377,1.1453158060709636,0.058004902302717265,1.114103026688099,0.09006395734813313,0.25968437641859066,0.22847159703572595,25,14,3,2560,7352,245,613,5da1c407274d9f2e64016876300738144d1a41605925a916babeba82ea35e9a6
23,875,1000,0.8862337172031403,0.8471116175254186,0.32501815153313296,4.348570346832275,0.8471116175254186,0.32501815153313296,1.0573490460713704,0.07056859314196592,1.088416039943695,0.09001259810352177,0.21023742854595173,0.24130442241827643,25,14,3,2560,7352,245,613,5da1c407274d9f2e64016876300738144d1a41605925a916babeba82ea35e9a6
37,850,1000,0.92876136302948,0.8300875524679819,0.32601114356583466,4.46314001083374,0.8300875524679819,0.32601114356583466,1.0555629630883534,0.05039023702069069,1.068991832435131,0.06162147308606284,0.22547541062037146,0.23890427996714914,25,14,3,2560,7352,245,613,5da1c407274d9f2e64016876300738144d1a41605925a916babeba82ea35e9a6
11,925,1000,0.7808409929275513,0.6879285176595052,0.4333734160267787,3.652348518371582,0.6879285176595052,0.4333734160267787,1.026102622350057,0.0481186322008615,0.9792762994766235,0.12662372190321042,0.33817410469055165,0.2913477818171183,25,15,4,2560,7352,245,613,5da1c407274d9f2e64016876300738144d1a41605925a916babeba82ea35e9a6
23,1000,1000,0.7784945964813232,0.6922972549994787,0.29966367106986996,3.9924745559692383,0.6922972549994787,0.29966367106986996,0.9373204310735067,0.05966271996398228,0.9461027979850769,0.05501398723725001,0.24502317607402802,0.2538055429855982,25,15,4,2560,7352,245,613,5da1c407274d9f2e64016876300738144d1a41605925a916babeba82ea35e9a6
37,1000,1000,0.8630451858043671,0.671232650677363,0.4524549790296459,3.699173927307129,0.671232650677363,0.4524549790296459,0.9413273930549622,0.20186420576296213,0.9479900896549225,0.10203613846573528,0.2700947423775991,0.27675743897755944,25,15,4,2560,7352,245,613,5da1c407274d9f2e64016876300738144d1a41605925a916babeba82ea35e9a6
11,975,1000,0.6875067502260208,0.7759126424789429,0.33323438997735005,2.5308966636657715,0.7759126424789429,0.33323438997735005,1.2383599281311035,0.03903316537415516,1.2271315455436707,0.0738798589620893,0.46244728565216064,0.4512189030647278,26,1,1,2560,7352,245,613,5da1c407274d9f2e64016876300738144d1a41605925a916babeba82ea35e9a6
23,1000,1000,0.7333675622940063,0.8099464178085327,0.3647838808259531,2.612419366836548,0.8099464178085327,0.3647838808259531,1.2003880341847737,0.0475237268248443,1.2019159197807312,0.06511803166452985,0.390441616376241,0.3919695019721985,26,1,1,2560,7352,245,613,5da1c407274d9f2e64016876300738144d1a41605925a916babeba82ea35e9a6
37,625,875,0.6276974678039551,0.6527925729751587,0.35674531571149964,1.7854657173156738,0.6527925729751587,0.35674531571149964,1.0968771775563557,0.0556051256733654,1.0716763138771057,0.07408553080665195,0.44408460458119703,0.418883740901947,26,1,1,2560,7352,245,613,5da1c407274d9f2e64016876300738144d1a41605925a916babeba82ea35e9a6
11,1000,1000,1.296077474951744,1.0127332011858623,0.42359098259388916,6.182692050933838,1.0127332011858623,0.42359098259388916,1.3869059880574544,0.08389767325261412,1.3712983131408691,0.08987944852996722,0.37417278687159206,0.35856511195500684,26,2,1,2560,7352,245,613,5da1c407274d9f2e64016876300738144d1a41605925a916babeba82ea35e9a6
23,850,1000,1.1631331592798233,1.0582132935523987,0.39251931510882765,5.424176216125488,1.0582132935523987,0.39251931510882765,1.4170479774475098,0.054283905740011885,1.4100108742713928,0.05353942968916005,0.3588346838951111,0.35179758071899414,26,2,1,2560,7352,245,613,5da1c407274d9f2e64016876300738144d1a41605925a916babeba82ea35e9a6
37,850,1000,1.051581159234047,0.7892115513483683,0.3441222290076224,5.131550312042236,0.7892115513483683,0.3441222290076224,1.0312065680821736,0.051670669829455146,1.0815773010253906,0.04743790920566344,0.2419950167338053,0.29236574967702234,26,2,1,2560,7352,245,613,5da1c407274d9f2e64016876300738144d1a41605925a916babeba82ea35e9a6
11,975,1000,0.7858133018016815,0.7999633550643921,0.42079987054421963,3.4291574954986572,0.7999633550643921,0.42079987054421963,1.0348912278811138,0.09158920984849059,1.1150139644742012,0.08677961908941281,0.23492787281672167,0.3150506094098091,26,3,2,2560,7352,245,613,5da1c407274d9f2e64016876300738144d1a41605925a916babeba82ea35e9a6
23,950,1000,0.8996677398681641,0.7999109427134196,0.30651026835767153,3.6469717025756836,0.7999109427134196,0.30651026835767153,1.04547581076622,0.05189348331174877,1.0904775261878967,0.04408016220023391,0.24556486805280053,0.29056658347447717,26,3,2,2560,7352,245,613,5da1c407274d9f2e64016876300738144d1a41605925a916babeba82ea35e9a6
37,1000,1000,0.8872914016246796,0.814977208773295,0.3317535497287392,3.6071457862854004,0.814977208773295,0.3317535497287392,1.0814112027486165,0.04956191949675385,1.1140362620353699,0.06744296875211213,0.2664339939753214,0.2990590532620748,26,3,2,2560,7352,245,613,5da1c407274d9f2e64016876300738144d1a41605925a916babeba82ea35e9a6
11,900,1000,1.0960293859243393,0.9977792501449585,0.21787752807287603,4.200059413909912,0.9977792501449585,0.21787752807287603,1.206411639849345,0.059242317769170896,1.0515545010566711,0.3516523691995439,0.20863238970438647,0.053775250911712646,26,4,1,2560,7352,245,613,5da1c407274d9f2e64016876300738144d1a41605925a916babeba82ea35e9a6
23,1000,1000,1.1425551176071167,1.1188570658365886,0.26312384925038484,4.931766986846924,1.1188570658365886,0.26312384925038484,1.3704943656921387,0.05303672065757628,1.1946884989738464,0.2678856989184997,0.25163729985555006,0.07583143313725782,26,4,1,2560,7352,245,613,5da1c407274d9f2e64016876300738144d1a41605925a916babeba82ea35e9a6
37,975,1000,0.9698785543441772,0.9161638816197714,0.22006023150865175,4.479135990142822,0.9161638816197714,0.22006023150865175,1.1016596953074138,0.060139510153544365,0.9641095399856567,0.25367337713528243,0.18549581368764245,0.04794565836588538,26,4,1,2560,7352,245,613,5da1c407274d9f2e64016876300738144d1a41605925a916babeba82ea35e9a6
11,950,1000,0.6549413241446018,0.6285790105660757,0.31193705729200566,2.6293020248413086,0.6285790105660757,0.31193705729200566,1.0150564908981323,0.06321093529194846,1.0577355027198792,0.03510852726034061,0.38647748033205664,0.42915649215380347,26,5,2,2560,7352,245,613,5da1c407274d9f2e64016876300738144d1a41605925a916babeba82ea35e9a6
23,675,925,0.6616010740399361,0.5864684184392294,0.28404686093701065,1.8989161252975464,0.5864684184392294,0.28404686093701065,0.9449164470036825,0.03564591589529465,0.9991563558578491,0.04577137520450141,0.3584480285644531,0.41268793741861975,26,5,2,2560,7352,245,613,5da1c407274d9f2e64016876300738144d1a41605925a916babeba82ea35e9a6
37,900,1000,0.6680947989225388,0.6306585768858591,0.3072166633833373,2.525672197341919,0.6306585768858591,0.3072166633833373,1.126025120417277,0.023733719002550505,1.1415979266166687,0.05255522329111063,0.49536654353141796,0.5109393497308096,26,5,2,2560,7352,245,613,5da1c407274d9f2e64016876300738144d1a41605925a916babeba82ea35e9a6
11,925,1000,1.0488795042037964,0.9228243331114451,0.4039193278814254,4.753475189208984,0.9228243331114451,0.4039193278814254,1.2012946605682373,0.1073593714211813,1.2287874817848206,0.039632787540242936,0.27847032745679223,0.3059631486733755,26,6,2,2560,7352,245,613,5da1c407274d9f2e64016876300738144d1a41605925a916babeba82ea35e9a6
23,975,1000,1.0144166946411133,0.8183410142858824,0.39477736926610996,5.087015151977539,0.8183410142858824,0.39477736926610996,1.1174286206563313,0.10343500831704022,1.1358870267868042,0.057265907931432665,0.29908760637044896,0.31754601250092185,26,6,2,2560,7352,245,613,5da1c407274d9f2e64016876300738144d1a41605925a916babeba82ea35e9a6
37,975,1000,1.0645600631833076,0.846860999862353,0.4015108785562956,5.188878059387207,0.846860999862353,0.4015108785562956,1.107905109723409,0.08905164047855621,1.1447340846061707,0.06187482148981086,0.261044109861056,0.2978730847438177,26,6,2,2560,7352,245,613,5da1c407274d9f2e64016876300738144d1a41605925a916babeba82ea35e9a6
11,900,1000,0.7219386100769043,0.6390175372362137,0.44642067020191584,3.0552306175231934,0.6390175372362137,0.44642067020191584,0.9393114646275839,0.07668676777833328,0.9203572869300842,0.08393130729065762,0.3002939273913702,0.28133974969387054,26,7,3,2560,7352,245,613,5da1c407274d9f2e64016876300738144d1a41605925a916babeba82ea35e9a6
23,850,1000,0.6930013447999954,0.6117748419443766,0.36911972745626886,3.307345390319824,0.6117748419443766,0.36911972745626886,0.9272271792093912,0.07783066472240101,0.9452854990959167,0.06394594360263571,0.31545233726501465,0.33351065715154016,26,7,3,2560,7352,245,613,5da1c407274d9f2e64016876300738144d1a41605925a916babeba82ea35e9a6
37,900,1000,0.7458337992429733,0.726879432797432,0.35935000255597516,3.5846612453460693,0.726879432797432,0.35935000255597516,0.9817991256713867,0.07280845633893267,1.0118995904922485,0.054230692960792845,0.2549196928739548,0.2850201576948166,26,7,3,2560,7352,245,613,5da1c407274d9f2e64016876300738144d1a41605925a916babeba82ea35e9a6
11,975,1000,1.0648149102926254,1.080098291238149,0.17454083221562883,4.79439640045166,1.080098291238149,0.17454083221562883,1.392743746439616,0.05557696776194877,1.2946757674217224,0.11572011945556648,0.312645455201467,0.21457747618357348,26,8,1,2560,7352,245,613,5da1c407274d9f2e64016876300738144d1a41605925a916babeba82ea35e9a6
23,900,1000,1.0503501892089844,1.1294501423835754,0.1888352699199093,4.595813751220703,1.1294501423835754,0.1888352699199093,1.4098478158315022,0.04926801027180656,1.2961261123418808,0.20127577122593673,0.28039767344792677,0.16667596995830536,26,8,1,2560,7352,245,613,5da1c407274d9f2e64016876300738144d1a41605925a916babeba82ea35e9a6
37,1000,1000,1.1184221506118774,1.0769145488739014,0.19383243308526296,4.9633941650390625,1.0769145488739014,0.19383243308526296,1.428916613260905,0.07580416310979116,1.308563768863678,0.25444566246736394,0.35200206438700365,0.2316492199897766,26,8,1,2560,7352,245,613,5da1c407274d9f2e64016876300738144d1a41605925a916babeba82ea35e9a6
11,800,1000,0.7880721092224121,0.809861938158671,0.22666542602922596,2.82974910736084,0.809861938158671,0.22666542602922596,1.1993370453516643,0.06191822356950894,1.1687676906585693,0.05820658051201457,0.3894751071929933,0.3589057524998983,26,9,2,2560,7352,245,613,5da1c407274d9f2e64016876300738144d1a41605925a916babeba82ea35e9a6
23,850,1000,0.7348099946975708,0.7420336107412974,0.21986507406031985,3.02632737159729,0.7420336107412974,0.21986507406031985,1.198767900466919,0.05171854594596759,1.1662356853485107,0.07617332707737805,0.4567342897256216,0.4242020746072134,26,9,2,2560,7352,245,613,5da1c407274d9f2e64016876300738144d1a41605925a916babeba82ea35e9a6
37,875,1000,0.8230757713317871,0.8116533358891805,0.25336180000108144,3.121732711791992,0.8116533358891805,0.25336180000108144,1.2626126607259114,0.08084379569374453,1.2066702246665955,0.057890237239041555,0.45095932483673085,0.3950168887774149,26,9,2,2560,7352,245,613,5da1c407274d9f2e64016876300738144d1a41605925a916babeba82ea35e9a6
11,1000,1000,1.2004666328430176,0.9267505457003912,0.3002867252323766,4.862527847290039,0.9267505457003912,0.3002867252323766,1.190357009569804,0.09008754377625604,1.252332329750061,0.08972932515294672,0.2636064638694128,0.32558178404966986,26,10,2,2560,7352,245,613,5da1c407274d9f2e64016876300738144d1a41605925a916babeba82ea35e9a6
23,775,1000,1.0482886955142021,0.8503302385409673,0.3242696082918153,4.397267818450928,0.8503302385409673,0.3242696082918153,1.0865569810072582,0.0629479707286893,1.1212366819381714,0.06374451983946683,0.23622674246629083,0.27090644339720404,26,10,2,2560,7352,245,613,5da1c407274d9f2e64016876300738144d1a41605925a916babeba82ea35e9a6
37,875,1000,1.0973388105630875,0.9336079160372416,0.30111107331467507,4.710622787475586,0.9336079160372416,0.30111107331467507,1.126158078511556,0.050057407979001385,1.2004762887954712,0.06074527918454094,0.19255016247431433,0.2668683727582296,26,10,2,2560,7352,245,613,5da1c407274d9f2e64016876300738144d1a41605925a916babeba82ea35e9a6
11,925,1000,0.7877155616879463,0.3364824404319127,0.7802821463054787,3.415466070175171,0.3364824404319127,0.7802821463054787,0.8658729394276937,0.08377906622908776,0.9068971276283264,0.07425499209279014,0.529390498995781,0.5704146871964137,26,11,3,2560,7352,245,613,5da1c407274d9f2e64016876300738144d1a41605925a916babeba82ea35e9a6
23,800,1000,0.6205372884869576,0.561621884504954,0.37118673758262927,3.018197536468506,0.561621884504954,0.37118673758262927,0.8508902192115784,0.04889099055879831,0.8830850720405579,0.08529719097825701,0.2892683347066244,0.3214631875356039,26,11,3,2560,7352,245,613,5da1c407274d9f2e64016876300738144d1a41605925a916babeba82ea35e9a6
37,975,1000,0.8615463972091675,0.6447601815064748,0.3794732971576109,3.499824285507202,0.6447601815064748,0.3794732971576109,0.9049522479375204,0.056721371124492624,0.9643733352422714,0.10502077670483471,0.26019206643104553,0.3196131537357966,26,11,3,2560,7352,245,613,5da1c407274d9f2e64016876300738144d1a41605925a916babeba82ea35e9a6
11,975,1000,0.9100971519947052,1.055180271466573,0.16945634027078865,4.610903263092041,1.055180271466573,0.16945634027078865,1.382517417271932,0.08097322531105854,1.333747148513794,0.10262171172608472,0.3273371458053589,0.27856687704722094,26,12,2,2560,7352,245,613,5da1c407274d9f2e64016876300738144d1a41605925a916babeba82ea35e9a6
23,975,1000,0.7981960773468018,0.9553482234477997,0.198973639977566,4.646420955657959,0.9553482234477997,0.198973639977566,1.3045758406321208,0.059725794217941136,1.28386652469635,0.10591912972513487,0.34922761718432116,0.3285183012485504,26,12,2,2560,7352,245,613,5da1c407274d9f2e64016876300738144d1a41605925a916babeba82ea35e9a6
37,725,975,0.88587287068367,1.01107390721639,0.16160031184087018,4.058876991271973,1.01107390721639,0.16160031184087018,1.2977375189463298,0.07378074104290289,1.2870028614997864,0.11242266593285158,0.2866636117299399,0.2759289542833965,26,12,2,2560,7352,245,613,5da1c407274d9f2e64016876300738144d1a41605925a916babeba82ea35e9a6
11,825,1000,0.6694756746292114,0.7145147820313772,0.28608644420987783,2.5601840019226074,0.7145147820313772,0.28608644420987783,1.2312468687693279,0.09614846915206186,1.165697991847992,0.06408971797702782,0.5167320867379507,0.45118320981661475,26,13,3,2560,7352,245,613,5da1c407274d9f2e64016876300738144d1a41605925a916babeba82ea35e9a6
23,925,1000,0.7448697164654732,0.6889503498872122,0.2959854268215983,2.767751932144165,0.6889503498872122,0.2959854268215983,1.1701710323492687,0.10005603682458088,1.1358978152275085,0.0531730607044212,0.4812206824620565,0.4469474653402964,26,13,3,2560,7352,245,613,5da1c407274d9f2e64016876300738144d1a41605925a916babeba82ea35e9a6
37,950,1000,0.7412561774253845,0.7217134137948354,0.29873888656469366,2.742032527923584,0.7217134137948354,0.29873888656469366,1.2328538099924724,0.09512401297120374,1.2072789669036865,0.07720160968908747,0.511140396197637,0.4855655531088511,26,13,3,2560,7352,245,613,5da1c407274d9f2e64016876300738144d1a41605925a916babeba82ea35e9a6
11,975,1000,0.9914678260684013,0.9375796715418497,0.3484143116971337,4.995311260223389,0.9375796715418497,0.3484143116971337,1.1778980493545532,0.07599025801837382,1.1414706707000732,0.08636181024351382,0.2403183778127035,0.2038909991582235,26,14,3,2560,7352,245,613,5da1c407274d9f2e64016876300738144d1a41605925a916babeba82ea35e9a6
23,875,1000,0.9358837679028511,0.8782816678285599,0.3403827029617757,4.527353763580322,0.8782816678285599,0.3403827029617757,1.0969020128250122,0.0757471901851396,1.1177304983139038,0.08417361990305332,0.21862034499645233,0.23944883048534393,26,14,3,2560,7352,245,613,5da1c407274d9f2e64016876300738144d1a41605925a916babeba82ea35e9a6
37,925,1000,0.8952447175979614,0.9191233813762665,0.37241358024383797,4.953459739685059,0.9191233813762665,0.37241358024383797,1.1457266012827556,0.10633089082527904,1.1693028807640076,0.11055824973732742,0.22660321990648913,0.2501794993877411,26,14,3,2560,7352,245,613,5da1c407274d9f2e64016876300738144d1a41605925a916babeba82ea35e9a6
11,975,1000,0.8407225534319878,0.7448435922463735,0.3155078809118407,3.9171905517578125,0.7448435922463735,0.3155078809118407,1.0154512524604797,0.090698657076748,0.9823795855045319,0.06787520414602075,0.2706076602141062,0.23753599325815833,26,15,4,2560,7352,245,613,5da1c407274d9f2e64016876300738144d1a41605925a916babeba82ea35e9a6
23,975,1000,0.7857245206832886,0.705953910946846,0.3002052773416693,3.8039331436157227,0.705953910946846,0.3002052773416693,0.9806058406829834,0.06572704157857769,0.9727879166603088,0.07840133063161342,0.2746519297361374,0.26683400571346283,26,15,4,2560,7352,245,613,5da1c407274d9f2e64016876300738144d1a41605925a916babeba82ea35e9a6
37,925,1000,0.7726774290204048,0.6169802695512772,0.39613095921943786,3.333178997039795,0.6169802695512772,0.39613095921943786,0.86976158618927,0.1551871530181254,0.9170939922332764,0.07113805719279677,0.25278131663799286,0.3001137226819992,26,15,4,2560,7352,245,613,5da1c407274d9f2e64016876300738144d1a41605925a916babeba82ea35e9a6
11,1000,1000,0.7558596134185791,0.8258475859959921,0.4340351381088984,2.8821234703063965,0.8258475859959921,0.4340351381088984,1.2706284523010254,0.043006754864635316,1.2722732424736023,0.06182258929861728,0.44478086630503333,0.44642565647761023,27,1,1,2560,7352,245,613,5da1c407274d9f2e64016876300738144d1a41605925a916babeba82ea35e9a6
23,950,1000,0.7798159196972847,0.8437130053838094,0.34901946456734784,2.5420138835906982,0.8437130053838094,0.34901946456734784,1.2985013326009114,0.05230806326016763,1.3115373849868774,0.07212982596333628,0.45478832721710194,0.467824379603068,27,1,1,2560,7352,245,613,5da1c407274d9f2e64016876300738144d1a41605925a916babeba82ea35e9a6
37,1000,1000,0.6943493634462357,0.759922981262207,0.5840803252135488,2.8662848472595215,0.759922981262207,0.5840803252135488,1.244596044222514,0.05391478143471303,1.2308629751205444,0.06041249572786216,0.4846730629603069,0.4709399938583374,27,1,1,2560,7352,245,613,5da1c407274d9f2e64016876300738144d1a41605925a916babeba82ea35e9a6
11,950,1000,1.2252650409936905,1.0887939135233562,0.4292080112880569,5.967933654785156,1.0887939135233562,0.4292080112880569,1.468657414118449,0.048455822660868314,1.410404622554779,0.060176800098781354,0.3798635005950928,0.32161070903142286,27,2,1,2560,7352,245,613,5da1c407274d9f2e64016876300738144d1a41605925a916babeba82ea35e9a6
23,975,1000,1.1832072883844376,0.9895434727271398,0.3737040311959592,6.662757396697998,0.9895434727271398,0.3737040311959592,1.3740347623825073,0.0529513973513968,1.3511193990707397,0.04824094913747053,0.3844912896553675,0.3615759263435999,27,2,1,2560,7352,245,613,5da1c407274d9f2e64016876300738144d1a41605925a916babeba82ea35e9a6
37,950,1000,1.2559931427240372,1.0950990915298462,0.4172139780987142,6.589391708374023,1.0950990915298462,0.4172139780987142,1.4469428459803264,0.059310395741884486,1.460741639137268,0.05435648676856574,0.3518437544504802,0.3656425476074219,27,2,1,2560,7352,245,613,5da1c407274d9f2e64016876300738144d1a41605925a916babeba82ea35e9a6
11,950,1000,0.872660756111145,0.7418713967005411,0.4207367528309731,4.014876365661621,0.7418713967005411,0.4207367528309731,1.0778625706831615,0.05540971905577993,1.094821497797966,0.10223378272655273,0.33599117398262035,0.35295010109742486,27,3,2,2560,7352,245,613,5da1c407274d9f2e64016876300738144d1a41605925a916babeba82ea35e9a6
23,900,1000,0.875171422958374,0.7628156642119089,0.5811212841223038,3.6261425018310547,0.7628156642119089,0.5811212841223038,1.1282445589701335,0.05640395654315988,1.1849525570869446,0.07396379815539775,0.3654288947582246,0.42213689287503564,27,3,2,2560,7352,245,613,5da1c407274d9f2e64016876300738144d1a41605925a916babeba82ea35e9a6
37,1000,1000,0.8844338655471802,0.8142150640487671,0.33407259579789605,3.868701457977295,0.8142150640487671,0.33407259579789605,1.0459092358748119,0.05800319172814064,1.0944032594561577,0.06701839434643365,0.2316941718260448,0.2801881954073906,27,3,2,2560,7352,245,613,5da1c407274d9f2e64016876300738144d1a41605925a916babeba82ea35e9a6
11,950,1000,1.1507012993097305,1.082419474919637,0.238661593292502,4.577672958374023,1.082419474919637,0.238661593292502,1.360406478246053,0.08881764746347771,1.2447382807731628,0.13402866798634347,0.277987003326416,0.16231880585352587,27,4,1,2560,7352,245,613,5da1c407274d9f2e64016876300738144d1a41605925a916babeba82ea35e9a6
23,1000,1000,1.1182192414999008,1.1479160885016124,0.2631951738170813,4.825304985046387,1.1479160885016124,0.2631951738170813,1.4248176018397014,0.08231697931305029,1.247920647263527,0.2251066216766273,0.276901513338089,0.1000045587619145,27,4,1,2560,7352,245,613,5da1c407274d9f2e64016876300738144d1a41605925a916babeba82ea35e9a6
37,900,1000,1.1176687479019165,1.0181633432706196,0.2230594195294487,4.58757209777832,1.0181633432706196,0.2230594195294487,1.2131070295969646,0.057543567750894434,1.1477073952555656,0.08060897754605084,0.19494368632634496,0.129544051984946,27,4,1,2560,7352,245,613,5da1c407274d9f2e64016876300738144d1a41605925a916babeba82ea35e9a6
11,950,1000,0.6771819591522217,0.6466191907723745,0.27650319031274484,2.422229290008545,0.6466191907723745,0.27650319031274484,1.1321824789047241,0.029081766385640723,1.1730831861495972,0.037553470542593295,0.4855632881323496,0.5264639953772227,27,5,2,2560,7352,245,613,5da1c407274d9f2e64016876300738144d1a41605925a916babeba82ea35e9a6
23,1000,1000,0.6533714532852173,0.6719814240932465,0.3177793840887116,2.557765245437622,0.6719814240932465,0.3177793840887116,1.0960859457651775,0.016547086285068874,1.1152359247207642,0.059100234204017395,0.424104521671931,0.4432545006275177,27,5,2,2560,7352,245,613,5da1c407274d9f2e64016876300738144d1a41605925a916babeba82ea35e9a6
37,975,1000,0.70902518928051,0.6593335072199503,0.27443353436560963,2.731314182281494,0.6593335072199503,0.27443353436560963,1.1469258864720662,0.041453963266368896,1.1953489184379578,0.06442427616837666,0.48759237925211585,0.5360154112180074,27,5,2,2560,7352,245,613,5da1c407274d9f2e64016876300738144d1a41605925a916babeba82ea35e9a6
11,1000,1000,1.1030604839324951,0.9282371699810028,0.44346121465362026,5.442193031311035,0.9282371699810028,0.44346121465362026,1.185662418603897,0.12067358260153319,1.2313547134399414,0.0689993054302849,0.2574252486228943,0.3031175434589386,27,6,2,2560,7352,245,613,5da1c407274d9f2e64016876300738144d1a41605925a916babeba82ea35e9a6
23,975,1000,1.076195478439331,0.805551566183567,0.429798643299743,5.221097946166992,0.805551566183567,0.429798643299743,1.126470685005188,0.15336663981721155,1.146101951599121,0.10250408879356226,0.32091911882162094,0.34055038541555405,27,6,2,2560,7352,245,613,5da1c407274d9f2e64016876300738144d1a41605925a916babeba82ea35e9a6
37,975,1000,1.1289496421813965,0.9274931252002716,0.3978895775642306,5.536340713500977,0.9274931252002716,0.3978895775642306,1.198054353396098,0.08742336598652971,1.2348232865333557,0.058892813470266404,0.2705612281958263,0.3073301613330841,27,6,2,2560,7352,245,613,5da1c407274d9f2e64016876300738144d1a41605925a916babeba82ea35e9a6
11,950,1000,0.7612237930297852,0.5827823380629221,0.5053669247723916,3.451950788497925,0.5827823380629221,0.5053669247723916,0.9067541360855103,0.1498292580879152,0.9053616523742676,0.12405999523842404,0.32397179802258813,0.32257931431134546,27,7,3,2560,7352,245,613,5da1c407274d9f2e64016876300738144d1a41605925a916babeba82ea35e9a6
23,625,875,0.6875355169177055,0.6197911550601324,0.3809465782215849,2.8193464279174805,0.6197911550601324,0.3809465782215849,0.9188297986984253,0.05300024591669844,0.927919328212738,0.04904016523945022,0.2990386436382929,0.30812817315260566,27,7,3,2560,7352,245,613,5da1c407274d9f2e64016876300738144d1a41605925a916babeba82ea35e9a6
37,875,1000,0.7029417678713799,0.7137287855148315,0.39122067776797614,3.663515567779541,0.7137287855148315,0.39122067776797614,0.9853757619857788,0.05566989356246984,0.9951633214950562,0.05749787055204774,0.27164697647094727,0.2814345359802246,27,7,3,2560,7352,245,613,5da1c407274d9f2e64016876300738144d1a41605925a916babeba82ea35e9a6
11,975,1000,1.1769865602254868,1.1906238496303558,0.1905493096586298,4.953736782073975,1.1906238496303558,0.1905493096586298,1.4529170989990234,0.05253475479400586,1.3895331025123596,0.14142685750962244,0.2622932493686676,0.19890925288200378,27,8,1,2560,7352,245,613,5da1c407274d9f2e64016876300738144d1a41605925a916babeba82ea35e9a6
23,1000,1000,1.0979441404342651,1.1328165531158447,0.2961708013917439,5.392655849456787,1.1328165531158447,0.2961708013917439,1.472245216369629,0.05961825108168807,1.3074799180030823,0.2505543741712249,0.3394286632537842,0.17466336488723755,27,8,1,2560,7352,245,613,5da1c407274d9f2e64016876300738144d1a41605925a916babeba82ea35e9a6
37,925,1000,1.0964142233133316,1.0463934143384297,0.19322250094931145,4.820540428161621,1.0463934143384297,0.19322250094931145,1.367885669072469,0.03532078100140568,1.3233911991119385,0.08906464246578095,0.3214922547340393,0.2769977847735088,27,8,1,2560,7352,245,613,5da1c407274d9f2e64016876300738144d1a41605925a916babeba82ea35e9a6
11,975,1000,0.7931355312466621,0.8322013268868128,0.2494186795165238,3.1191797256469727,0.8322013268868128,0.2494186795165238,1.2272988160451253,0.061051908474355106,1.1851652264595032,0.057041101011851544,0.39509748915831244,0.35296389957269036,27,9,2,2560,7352,245,613,5da1c407274d9f2e64016876300738144d1a41605925a916babeba82ea35e9a6
23,875,1000,0.8252673149108887,0.8076951454083124,0.2325651787570051,3.063772201538086,0.8076951454083124,0.2325651787570051,1.2562766075134277,0.07107776661819196,1.2026339769363403,0.07171380710438044,0.4485814621051153,0.3949388315280279,27,9,2,2560,7352,245,613,5da1c407274d9f2e64016876300738144d1a41605925a916babeba82ea35e9a6
37,925,1000,0.8842966556549072,0.8778878450393677,0.26792410012699147,3.3563179969787598,0.8778878450393677,0.26792410012699147,1.3477767705917358,0.0704990421570549,1.2874211072921753,0.06214225313907793,0.46988892555236816,0.4095332622528076,27,9,2,2560,7352,245,613,5da1c407274d9f2e64016876300738144d1a41605925a916babeba82ea35e9a6
11,1000,1000,1.0743816941976547,0.7914808938900629,0.30959479486887354,5.0463738441467285,0.7914808938900629,0.30959479486887354,1.0317063728968303,0.09898539520790048,1.0259724855422974,0.09232700181324914,0.24022547900676738,0.23449159165223443,27,10,2,2560,7352,245,613,5da1c407274d9f2e64016876300738144d1a41605925a916babeba82ea35e9a6
23,950,1000,1.0486021116375923,0.945734366774559,0.3276770037960941,5.057444095611572,0.945734366774559,0.3276770037960941,1.1303223371505737,0.07691238571828869,1.169818639755249,0.08179381169923955,0.1845879703760147,0.22408427298069,27,10,2,2560,7352,245,613,5da1c407274d9f2e64016876300738144d1a41605925a916babeba82ea35e9a6
37,925,1000,1.06294584274292,0.9695213635762533,0.33795881306441505,4.604621887207031,0.9695213635762533,0.33795881306441505,1.1515100797017415,0.08133724291529983,1.1948249340057373,0.0890227520023367,0.18198871612548817,0.225303570429484,27,10,2,2560,7352,245,613,5da1c407274d9f2e64016876300738144d1a41605925a916babeba82ea35e9a6
11,825,1000,0.80603988468647,0.5743559201558431,0.4099100070871754,3.137265920639038,0.5743559201558431,0.4099100070871754,0.8864258130391439,0.07075598950648249,0.9147644639015198,0.1056956183637541,0.3120698928833008,0.34040854374567664,27,11,3,2560,7352,245,613,5da1c407274d9f2e64016876300738144d1a41605925a916babeba82ea35e9a6
23,875,1000,0.7893974706530571,0.5448069671789805,0.3630083253620113,3.248631477355957,0.5448069671789805,0.3630083253620113,0.8713056842486063,0.049742421286467,0.8932706713676453,0.11566877246098052,0.32649871706962585,0.3484637041886648,27,11,3,2560,7352,245,613,5da1c407274d9f2e64016876300738144d1a41605925a916babeba82ea35e9a6
37,975,1000,0.787747785449028,0.5336724321047465,0.45058686584867497,3.4048173427581787,0.5336724321047465,0.45058686584867497,0.8199081420898438,0.08453879188623195,0.8789290264248848,0.08964024950258315,0.2862357099850973,0.34525659432013833,27,11,3,2560,7352,245,613,5da1c407274d9f2e64016876300738144d1a41605925a916babeba82ea35e9a6
11,950,1000,0.871564507484436,0.9681078195571899,0.20324375123949956,4.984617710113525,0.9681078195571899,0.20324375123949956,1.2647192478179932,0.09874655497321715,1.2765169143676758,0.10920584420260412,0.2966114282608032,0.30840909481048584,27,12,2,2560,7352,245,613,5da1c407274d9f2e64016876300738144d1a41605925a916babeba82ea35e9a6
23,975,1000,0.8630406856536865,1.0140607555707295,0.1880349682634525,4.687459468841553,1.0140607555707295,0.1880349682634525,1.3060945669809978,0.06373988858600313,1.2801784873008728,0.07118628938171559,0.2920338114102683,0.2661177317301433,27,12,2,2560,7352,245,613,5da1c407274d9f2e64016876300738144d1a41605925a916babeba82ea35e9a6
37,1000,1000,0.9509520530700684,1.0444794495900471,0.2137020379438658,4.966135025024414,1.0444794495900471,0.2137020379438658,1.4901967446009319,0.09174943618064248,1.4240843057632446,0.13822939432206274,0.44571729501088475,0.3796048561731975,27,12,2,2560,7352,245,613,5da1c407274d9f2e64016876300738144d1a41605925a916babeba82ea35e9a6
11,725,975,0.6797679662704468,0.6926431357860565,0.285332052954712,2.2164406776428223,0.6926431357860565,0.285332052954712,1.1558550198872883,0.0629232708440091,1.1202939748764038,0.06382570412755505,0.4632118841012318,0.4276508390903473,27,13,3,2560,7352,245,613,5da1c407274d9f2e64016876300738144d1a41605925a916babeba82ea35e9a6
23,850,1000,0.736401155591011,0.73614402115345,0.30016844004676885,2.66412091255188,0.73614402115345,0.30016844004676885,1.2348125378290813,0.07554482786490602,1.1806799173355103,0.10112746706320647,0.4986685166756313,0.44453589618206024,27,13,3,2560,7352,245,613,5da1c407274d9f2e64016876300738144d1a41605925a916babeba82ea35e9a6
37,950,1000,0.691320426762104,0.7145564953486124,0.31412010291725584,2.9587655067443848,0.7145564953486124,0.31412010291725584,1.1576499541600545,0.09779889602119088,1.1804735660552979,0.11885610419829881,0.443093458811442,0.4659170707066854,27,13,3,2560,7352,245,613,5da1c407274d9f2e64016876300738144d1a41605925a916babeba82ea35e9a6
11,950,1000,0.9314517974853516,0.9119803160429001,0.39723027081253776,5.4022698402404785,0.9119803160429001,0.39723027081253776,1.208074728647868,0.06237824919512656,1.1765536069869995,0.11075894769661378,0.2960944126049678,0.2645732909440994,27,14,3,2560,7352,245,613,5da1c407274d9f2e64016876300738144d1a41605925a916babeba82ea35e9a6
23,1000,1000,0.8658542633056641,0.8539886847138405,0.3536801914100126,5.220487117767334,0.8539886847138405,0.3536801914100126,1.0967812140782673,0.06481435688974402,1.0662448406219482,0.09867268197814925,0.24279252936442686,0.21225615590810776,27,14,3,2560,7352,245,613,5da1c407274d9f2e64016876300738144d1a41605925a916babeba82ea35e9a6
37,975,1000,0.9481724500656128,0.9719209671020508,0.40744818085075774,4.9411163330078125,0.9719209671020508,0.40744818085075774,1.1264361540476482,0.17254547330014816,1.2031734585762024,0.13584385873856916,0.1545151869455974,0.2312524914741516,27,14,3,2560,7352,245,613,5da1c407274d9f2e64016876300738144d1a41605925a916babeba82ea35e9a6
11,925,1000,0.8256464004516602,0.6534271538257599,0.33279526579906366,3.484081745147705,0.6534271538257599,0.33279526579906366,0.94902303814888,0.06479466844628516,0.8932131603360176,0.08276221183024883,0.2955958843231201,0.23978600651025772,27,15,4,2560,7352,245,613,5da1c407274d9f2e64016876300738144d1a41605925a916babeba82ea35e9a6
23,800,1000,0.7610161378979683,0.6222188870112101,0.26773838115230525,2.9211039543151855,0.6222188870112101,0.26773838115230525,0.8350275754928589,0.058872195829249595,0.8475878834724426,0.035668586061834456,0.2128086884816488,0.22536899646123254,27,15,4,2560,7352,245,613,5da1c407274d9f2e64016876300738144d1a41605925a916babeba82ea35e9a6
37,1000,1000,0.7733671069145203,0.6265499194463094,0.3539582412470235,3.5652599334716797,0.6265499194463094,0.3539582412470235,0.9121326208114624,0.11755628283990674,0.8863092064857483,0.08521832776776135,0.28558270136515296,0.25975928703943885,27,15,4,2560,7352,245,613,5da1c407274d9f2e64016876300738144d1a41605925a916babeba82ea35e9a6
11,1000,1000,0.8012526035308838,0.868363618850708,0.38498064519630487,2.7257168292999268,0.868363618850708,0.38498064519630487,1.3128111362457275,0.057053017611477984,1.3076821565628052,0.06886223974939502,0.44444751739501953,0.43931853771209717,28,1,1,2560,7352,245,613,5da1c407274d9f2e64016876300738144d1a41605925a916babeba82ea35e9a6
23,1000,1000,0.8299901559948921,0.8703596989313761,0.35592237064945514,3.113337755203247,0.8703596989313761,0.35592237064945514,1.320367972056071,0.052087519037622466,1.3114545941352844,0.05501288666252729,0.45000827312469494,0.4410948952039083,28,1,1,2560,7352,245,613,5da1c407274d9f2e64016876300738144d1a41605925a916babeba82ea35e9a6
37,950,1000,0.9412564039230347,0.9810731013615926,0.434387332391121,3.0700883865356445,0.9810731013615926,0.434387332391121,1.4008642435073853,0.043034975009088795,1.4478816986083984,0.07325784681593712,0.4197911421457926,0.4668085972468058,28,1,1,2560,7352,245,613,5da1c407274d9f2e64016876300738144d1a41605925a916babeba82ea35e9a6
11,975,1000,1.3243861198425293,1.067431390285492,0.42694444842959584,6.682480335235596,1.067431390285492,0.42694444842959584,1.4201221466064453,0.06856708226377656,1.4671906232833862,0.0549632617160881,0.35269075632095337,0.3997592329978943,28,2,1,2560,7352,245,613,5da1c407274d9f2e64016876300738144d1a41605925a916babeba82ea35e9a6
23,975,1000,1.2247254997491837,1.0381930867830913,0.3943584929093352,6.54596471786499,1.0381930867830913,0.3943584929093352,1.365864594777425,0.050607709547031504,1.389244556427002,0.06970422225569668,0.32767150799433375,0.35105146964391065,28,2,1,2560,7352,245,613,5da1c407274d9f2e64016876300738144d1a41605925a916babeba82ea35e9a6
37,850,1000,1.2104122638702393,1.0580439170201619,0.39549268166708723,5.740166664123535,1.0580439170201619,0.39549268166708723,1.346903125445048,0.06340328072069111,1.3477341532707214,0.047482522083371746,0.2888592084248862,0.28969023625055956,28,2,1,2560,7352,245,613,5da1c407274d9f2e64016876300738144d1a41605925a916babeba82ea35e9a6
11,925,1000,0.922307163476944,0.8922619422276815,0.36390100808306225,3.861025333404541,0.8922619422276815,0.36390100808306225,1.0655519862969716,0.06902312854557328,1.1382070183753967,0.07567365771848776,0.17329004406929005,0.2459450761477152,28,3,2,2560,7352,245,613,5da1c407274d9f2e64016876300738144d1a41605925a916babeba82ea35e9a6
23,1000,1000,0.8789607584476471,0.14158649245897928,1.4696846105482515,3.9915771484375,0.14158649245897928,1.4696846105482515,0.5951819519201914,1.114056161808389,1.1260455399751663,0.1944541580200431,0.45359545946121216,0.9844590475161871,28,3,2,2560,7352,245,613,5da1c407274d9f2e64016876300738144d1a41605925a916babeba82ea35e9a6
37,550,800,0.7832977473735809,0.572144349416097,0.5309264985160845,2.791250228881836,0.572144349416097,0.5309264985160845,0.5370447635650635,0.8807086264546082,1.0016080737113953,0.06231400708476622,0.035099585851033566,0.4294637242952982,28,3,2,2560,7352,245,613,5da1c407274d9f2e64016876300738144d1a41605925a916babeba82ea35e9a6
11,975,1000,1.087949514389038,1.0792112747828166,0.21745335762458723,4.620391368865967,1.0792112747828166,0.21745335762458723,1.2940158049265544,0.08392072862779693,1.1923064589500427,0.1599214026526854,0.2148045301437378,0.11309518416722608,28,4,1,2560,7352,245,613,5da1c407274d9f2e64016876300738144d1a41605925a916babeba82ea35e9a6
23,1000,1000,1.2515925168991089,1.1517069737116497,0.24224030335038824,4.938217639923096,1.1517069737116497,0.24224030335038824,1.3975462516148884,0.07673331182106213,1.0730611085891724,0.39145176265468395,0.24583927790323878,0.07864586512247729,28,4,1,2560,7352,245,613,5da1c407274d9f2e64016876300738144d1a41605925a916babeba82ea35e9a6
37,900,1000,1.130839467048645,1.0410339832305908,0.2247120815571892,4.586846351623535,1.0410339832305908,0.2247120815571892,1.2309521834055583,0.046449747686527564,1.1654648184776306,0.08237464674970289,0.18991820017496752,0.1244308352470398,28,4,1,2560,7352,245,613,5da1c407274d9f2e64016876300738144d1a41605925a916babeba82ea35e9a6
11,800,1000,0.727845199406147,0.7072898596525192,0.28980462673168794,2.2862696647644043,0.7072898596525192,0.28980462673168794,1.167128324508667,0.047235143743385284,1.180695652961731,0.05811845187503975,0.45983846485614777,0.47340579330921173,28,5,2,2560,7352,245,613,5da1c407274d9f2e64016876300738144d1a41605925a916babeba82ea35e9a6
23,1000,1000,0.6756685823202133,0.7187835027774175,0.27598993111742093,2.727332830429077,0.7187835027774175,0.27598993111742093,1.1835951407750447,0.04430260360864963,1.2007328867912292,0.0470287549764973,0.46481163799762715,0.4819493840138117,28,5,2,2560,7352,245,613,5da1c407274d9f2e64016876300738144d1a41605925a916babeba82ea35e9a6
37,675,925,0.6354304105043411,0.6056737502415975,0.277958560263309,1.9926024675369263,0.6056737502415975,0.277958560263309,1.0671704212824504,0.0287328975669874,1.0701502561569214,0.06143994720130707,0.4614966710408529,0.46447650591532386,28,5,2,2560,7352,245,613,5da1c407274d9f2e64016876300738144d1a41605925a916babeba82ea35e9a6
11,1000,1000,1.0486528798937798,0.8492044657468796,0.37738358327972443,4.961947441101074,0.8492044657468796,0.37738358327972443,1.1388015747070312,0.1162710587264233,1.1537394523620605,0.050726168862013414,0.2895971089601517,0.30453498661518097,28,6,2,2560,7352,245,613,5da1c407274d9f2e64016876300738144d1a41605925a916babeba82ea35e9a6
23,950,1000,1.0854508727788925,0.9881118337313334,0.39982471148061816,5.294436931610107,0.9881118337313334,0.39982471148061816,1.261244773864746,0.09732315396932324,1.2625597715377808,0.05948728739876841,0.2731329401334127,0.2744479378064474,28,6,2,2560,7352,245,613,5da1c407274d9f2e64016876300738144d1a41605925a916babeba82ea35e9a6
37,950,1000,1.0992805883288383,0.9495429197947184,0.43710192597754,5.443169593811035,0.9495429197947184,0.43710192597754,1.2442914644877117,0.09477176326956867,1.2524991631507874,0.052694430626877745,0.2947485446929933,0.30295624335606897,28,6,2,2560,7352,245,613,5da1c407274d9f2e64016876300738144d1a41605925a916babeba82ea35e9a6
11,1000,1000,0.7246920987963676,0.5862456957499186,0.48540674078711793,3.622532367706299,0.5862456957499186,0.48540674078711793,0.9857824146747589,0.09509141872452352,0.9963014125823975,0.060382278941177966,0.39953671892484033,0.4100557168324789,28,7,3,2560,7352,245,613,5da1c407274d9f2e64016876300738144d1a41605925a916babeba82ea35e9a6
23,725,975,0.7399798557162285,0.611569364865621,0.5962717039861611,3.2723922729492188,0.611569364865621,0.5962717039861611,0.9598909616470337,0.0569907135007456,0.9305368065834045,0.12267752509990443,0.3483215967814127,0.3189674417177836,28,7,3,2560,7352,245,613,5da1c407274d9f2e64016876300738144d1a41605925a916babeba82ea35e9a6
37,825,1000,0.6950874328613281,0.6542374690373739,0.35505842480633687,3.368818759918213,0.6542374690373739,0.35505842480633687,0.9028908014297485,0.051634781862984154,0.9031873941421509,0.056435446819243076,0.24865333239237464,0.24894992510477698,28,7,3,2560,7352,245,613,5da1c407274d9f2e64016876300738144d1a41605925a916babeba82ea35e9a6
11,875,1000,0.9670127630233765,0.9742493430773417,0.20573804174956403,4.422214031219482,0.9742493430773417,0.20573804174956403,1.2067933082580566,0.05691300776430768,1.1436088606715202,0.15747634213541284,0.23254396518071496,0.16935951759417855,28,8,1,2560,7352,245,613,5da1c407274d9f2e64016876300738144d1a41605925a916babeba82ea35e9a6
23,950,1000,1.2145425230264664,1.1754360596338909,0.22195167261041554,5.412065505981445,1.1754360596338909,0.22195167261041554,1.4696907599767048,0.07577859222287375,1.3476752042770386,0.30508618515855046,0.294254700342814,0.1722391446431477,28,8,1,2560,7352,245,613,5da1c407274d9f2e64016876300738144d1a41605925a916babeba82ea35e9a6
37,850,1000,1.1602795124053955,1.0879108508427937,0.2154043352536869,4.580138206481934,1.0879108508427937,0.2154043352536869,1.3855702479680378,0.0351110880336528,1.2797926664352417,0.22145916655696465,0.29765939712524414,0.191881815592448,28,8,1,2560,7352,245,613,5da1c407274d9f2e64016876300738144d1a41605925a916babeba82ea35e9a6
11,900,1000,0.8032650649547577,0.8092271486918131,0.31485692755216294,3.35710072517395,0.8092271486918131,0.31485692755216294,1.2485932906468709,0.049552577824344586,1.2623886466026306,0.06174183158604931,0.43936614195505774,0.4531614979108175,28,9,2,2560,7352,245,613,5da1c407274d9f2e64016876300738144d1a41605925a916babeba82ea35e9a6
23,950,1000,0.813702218234539,0.8958690116802851,0.32138430862231937,3.768638849258423,0.8958690116802851,0.32138430862231937,1.3196556568145752,0.07525451439920326,1.3134074211120605,0.08863531150648672,0.4237866451342901,0.41753840943177545,28,9,2,2560,7352,245,613,5da1c407274d9f2e64016876300738144d1a41605925a916babeba82ea35e9a6
37,875,1000,0.8718456923961639,0.8687636057535807,0.23563384990634254,3.3823533058166504,0.8687636057535807,0.23563384990634254,1.3035934766133626,0.08622748790755913,1.2679949402809143,0.07540037261171023,0.43482987085978186,0.3992313345273336,28,9,2,2560,7352,245,613,5da1c407274d9f2e64016876300738144d1a41605925a916babeba82ea35e9a6
11,1000,1000,1.1474880129098892,0.9578926215569178,0.3283011694462818,4.913335800170898,0.9578926215569178,0.3283011694462818,1.2195661067962646,0.06979020345146648,1.221503496170044,0.07578278192373614,0.26167348523934686,0.26361087461312616,28,10,2,2560,7352,245,613,5da1c407274d9f2e64016876300738144d1a41605925a916babeba82ea35e9a6
23,975,1000,1.166054606437683,0.9215481181939443,0.2812635371757518,5.247048854827881,0.9215481181939443,0.2812635371757518,1.161452333132426,0.0667490676365334,1.1889896392822266,0.06536493674674047,0.23990421493848169,0.26744152108828223,28,10,2,2560,7352,245,613,5da1c407274d9f2e64016876300738144d1a41605925a916babeba82ea35e9a6
37,825,1000,1.0586607605218887,0.9101159075895945,0.3382521149600603,4.370530128479004,0.9101159075895945,0.3382521149600603,1.1161043743292491,0.08787922363254959,1.2018815875053406,0.08369605905093422,0.20598846673965465,0.2917656799157461,28,10,2,2560,7352,245,613,5da1c407274d9f2e64016876300738144d1a41605925a916babeba82ea35e9a6
11,925,1000,0.7685425356030464,0.5444711844126383,0.45002939433189815,3.4697768688201904,0.5444711844126383,0.45002939433189815,0.8650943438212076,0.04557787734920667,0.874064028263092,0.09879505276132884,0.32062315940856934,0.32959284385045373,28,11,3,2560,7352,245,613,5da1c407274d9f2e64016876300738144d1a41605925a916babeba82ea35e9a6
23,800,1000,0.8096680194139481,0.6203772177298864,0.2661317356538126,2.9408161640167236,0.6203772177298864,0.2661317356538126,0.8418889840443929,0.045654417400944766,0.8686525821685791,0.06328301235672715,0.22151176631450653,0.2482753644386927,28,11,3,2560,7352,245,613,5da1c407274d9f2e64016876300738144d1a41605925a916babeba82ea35e9a6
37,1000,1000,0.8478251695632935,0.5352217058340708,0.6249674779023727,3.5599007606506348,0.5352217058340708,0.6249674779023727,0.9928949475288391,0.04809008858563684,1.0045558586716652,0.07548596818425976,0.4576732416947683,0.4693341528375944,28,11,3,2560,7352,245,613,5da1c407274d9f2e64016876300738144d1a41605925a916babeba82ea35e9a6
11,850,1000,0.7997087240219116,0.9663601318995158,0.21419539815072153,4.5935468673706055,0.9663601318995158,0.21419539815072153,1.3152608474095662,0.1111139511464327,1.2152740955352783,0.22754598733540668,0.3489007155100504,0.24891396363576257,28,12,2,2560,7352,245,613,5da1c407274d9f2e64016876300738144d1a41605925a916babeba82ea35e9a6
23,1000,1000,0.9030580222606659,1.0049801866213481,0.19571540304717616,5.150418281555176,1.0049801866213481,0.19571540304717616,1.3557441234588623,0.07885045040916744,1.3548147678375244,0.10328093803663747,0.35076393683751417,0.3498345812161763,28,12,2,2560,7352,245,613,5da1c407274d9f2e64016876300738144d1a41605925a916babeba82ea35e9a6
37,900,1000,0.8468868732452393,1.0066407124201457,0.1813846642668315,4.750560283660889,1.0066407124201457,0.1813846642668315,1.3209789991378784,0.0746121748108648,1.287746548652649,0.11030433432084012,0.3143382867177327,0.2811058362325032,28,12,2,2560,7352,245,613,5da1c407274d9f2e64016876300738144d1a41605925a916babeba82ea35e9a6
11,950,1000,0.6545709297060966,0.6911830604076385,0.3067597451487377,2.6643855571746826,0.6911830604076385,0.3067597451487377,1.114238977432251,0.04348452601990528,1.1018107533454895,0.06533028820015914,0.4230559170246124,0.41062769293785095,28,13,3,2560,7352,245,613,5da1c407274d9f2e64016876300738144d1a41605925a916babeba82ea35e9a6
23,850,1000,0.6886646002531052,0.7520684798558553,0.288189313961923,2.5805201530456543,0.7520684798558553,0.288189313961923,1.28237517674764,0.05754794534946218,1.2003666758537292,0.0962074337153572,0.5303066968917846,0.4482981959978739,28,13,3,2560,7352,245,613,5da1c407274d9f2e64016876300738144d1a41605925a916babeba82ea35e9a6
37,975,1000,0.7106987237930298,0.7108209431171417,0.33416381844968934,2.887317657470703,0.7108209431171417,0.33416381844968934,1.2183599472045898,0.11360081217319334,1.2092140316963196,0.08123692328021875,0.5075390040874481,0.49839308857917786,28,13,3,2560,7352,245,613,5da1c407274d9f2e64016876300738144d1a41605925a916babeba82ea35e9a6
11,950,1000,0.928049199283123,0.891811137398084,0.3707774728889422,5.223844528198242,0.891811137398084,0.3707774728889422,1.1679329077402751,0.07064476532128948,1.1543731689453125,0.07241053997090512,0.2761217703421911,0.26256203154722846,28,14,3,2560,7352,245,613,5da1c407274d9f2e64016876300738144d1a41605925a916babeba82ea35e9a6
23,925,1000,0.9571258127689362,0.8822129194935163,0.35219663045124183,5.108234405517578,0.8822129194935163,0.35219663045124183,1.1441344022750854,0.0711468432516089,1.1275079846382141,0.08823510854058736,0.2619214827815691,0.2452950651446978,28,14,3,2560,7352,245,613,5da1c407274d9f2e64016876300738144d1a41605925a916babeba82ea35e9a6
37,1000,1000,0.9116438701748848,0.8429860671361288,0.3254124199103184,4.895091533660889,0.8429860671361288,0.3254124199103184,1.1315674384435017,0.05565268000703476,1.14727121591568,0.06776434387142263,0.28858137130737294,0.30428514877955115,28,14,3,2560,7352,245,613,5da1c407274d9f2e64016876300738144d1a41605925a916babeba82ea35e9a6
11,975,1000,0.713000662624836,0.5941185454527537,0.40122251513960366,3.7394609451293945,0.5941185454527537,0.40122251513960366,0.960905909538269,0.06406599900608666,0.936662994325161,0.12272919566393603,0.3667873640855154,0.3425444488724073,28,15,4,2560,7352,245,613,5da1c407274d9f2e64016876300738144d1a41605925a916babeba82ea35e9a6
23,1000,1000,0.8039739206433296,0.7163444012403488,0.29211420486067924,3.9404356479644775,0.7163444012403488,0.29211420486067924,0.9830689827601115,0.040850624065969114,0.9443390369415283,0.09406330965885168,0.26672458151976264,0.2279946357011795,28,15,4,2560,7352,245,613,5da1c407274d9f2e64016876300738144d1a41605925a916babeba82ea35e9a6
37,1000,1000,0.8807492554187775,0.6732451915740967,0.3824194509709712,3.6477954387664795,0.6732451915740967,0.3824194509709712,0.9413176874319712,0.148989144622991,0.9280691742897034,0.07444614092376857,0.2680724958578745,0.2548239827156067,28,15,4,2560,7352,245,613,5da1c407274d9f2e64016876300738144d1a41605925a916babeba82ea35e9a6
11,925,1000,0.7643368244171143,0.8122237126032511,0.3833455710298424,2.9027063846588135,0.8122237126032511,0.3833455710298424,1.240173617998759,0.06914475337717867,1.2637677788734436,0.07836201904614905,0.4279499053955079,0.4515440662701925,29,1,1,2560,7352,245,613,5da1c407274d9f2e64016876300738144d1a41605925a916babeba82ea35e9a6
23,875,1000,0.6846350878477097,0.7965982357660929,0.37892077470377017,2.293856620788574,0.7965982357660929,0.37892077470377017,1.2682431538899739,0.032875082653667426,1.2598837018013,0.04810965946053147,0.471644918123881,0.46328546603520715,29,1,1,2560,7352,245,613,5da1c407274d9f2e64016876300738144d1a41605925a916babeba82ea35e9a6
37,950,1000,0.9000096321105957,0.9580053488413492,0.46627528918692157,3.2119250297546387,0.9580053488413492,0.46627528918692157,1.4016396601994832,0.04061798960692157,1.4209975004196167,0.06376406413756304,0.4436343113581339,0.46299215157826745,29,1,1,2560,7352,245,613,5da1c407274d9f2e64016876300738144d1a41605925a916babeba82ea35e9a6
11,700,950,1.1170517206192017,1.003663182258606,0.3684182420830175,4.71552038192749,1.003663182258606,0.3684182420830175,1.3166096607844036,0.029476163618901503,1.322503685951233,0.054017527391881905,0.3129464785257976,0.31884050369262695,29,2,1,2560,7352,245,613,5da1c407274d9f2e64016876300738144d1a41605925a916babeba82ea35e9a6
23,975,1000,1.2989393323659897,1.0923226873079936,0.39013109971225146,6.652237415313721,1.0923226873079936,0.39013109971225146,1.4201079209645588,0.09232852994028459,1.4050700664520264,0.06854096079635508,0.3277852336565652,0.3127473791440327,29,2,1,2560,7352,245,613,5da1c407274d9f2e64016876300738144d1a41605925a916babeba82ea35e9a6
37,900,1000,1.2758252620697021,1.0453777710596721,0.3710053908582042,5.976247787475586,1.0453777710596721,0.3710053908582042,1.3904591004053752,0.049169893490575406,1.403265118598938,0.07192252636935693,0.3450813293457031,0.3578873475392659,29,2,1,2560,7352,245,613,5da1c407274d9f2e64016876300738144d1a41605925a916babeba82ea35e9a6
11,1000,1000,0.9674035012722015,0.8423688014348348,0.4418665012468235,4.143399715423584,0.8423688014348348,0.4418665012468235,1.1254256963729858,0.0910448973375593,1.213559627532959,0.07136977590094289,0.283056894938151,0.37119082609812415,29,3,2,2560,7352,245,613,5da1c407274d9f2e64016876300738144d1a41605925a916babeba82ea35e9a6
23,1000,1000,0.9058979749679565,0.5920827388763428,0.8349561684457619,3.9163246154785156,0.5920827388763428,0.8349561684457619,1.0602014064788818,0.22842491438406928,1.199010193347931,0.14553398288130603,0.46811866760253906,0.6069274544715881,29,3,2,2560,7352,245,613,5da1c407274d9f2e64016876300738144d1a41605925a916babeba82ea35e9a6
37,825,1000,0.8803107440471649,0.8078996737798055,0.35722530882181525,3.5812246799468994,0.8078996737798055,0.35722530882181525,1.0013010501861572,0.15882824725767541,1.1102385520935059,0.05927432983228681,0.1934013764063517,0.3023388783137003,29,3,2,2560,7352,245,613,5da1c407274d9f2e64016876300738144d1a41605925a916babeba82ea35e9a6
11,975,1000,1.183057188987732,1.0590867002805073,0.23277685905967951,4.698785305023193,1.0590867002805073,0.23277685905967951,1.3409518400828044,0.09083572466660297,1.2276909947395325,0.13721542436004544,0.2818651398022971,0.16860429445902514,29,4,1,2560,7352,245,613,5da1c407274d9f2e64016876300738144d1a41605925a916babeba82ea35e9a6
23,1000,1000,1.1462584733963013,1.0360265572865803,0.29496776906928474,4.988040924072266,1.0360265572865803,0.29496776906928474,1.3952412605285645,0.04689850544504382,1.1405752897262573,0.20830699509767076,0.3592147032419841,0.104548732439677,29,4,1,2560,7352,245,613,5da1c407274d9f2e64016876300738144d1a41605925a916babeba82ea35e9a6
37,900,1000,1.1508538573980331,1.1266589264074962,0.23023112261990222,4.727624416351318,1.1266589264074962,0.23023112261990222,1.310245672861735,0.07927316304404607,1.2334319353103638,0.08018471252320895,0.1835867464542389,0.10677300890286756,29,4,1,2560,7352,245,613,5da1c407274d9f2e64016876300738144d1a41605925a916babeba82ea35e9a6
11,950,1000,0.7550084516406059,0.7079810599486033,0.294695285884284,2.7759382724761963,0.7079810599486033,0.294695285884284,1.132795015970866,0.009473343233855283,1.1900191903114319,0.06276072431793035,0.4248139560222627,0.4820381303628286,29,5,2,2560,7352,245,613,5da1c407274d9f2e64016876300738144d1a41605925a916babeba82ea35e9a6
23,950,1000,0.733378604054451,0.7116548120975494,0.3581562536103472,2.8547756671905518,0.7116548120975494,0.3581562536103472,1.1807647546132405,0.03732365685435153,1.2126688957214355,0.04446713859424988,0.46910994251569105,0.5010140836238861,29,5,2,2560,7352,245,613,5da1c407274d9f2e64016876300738144d1a41605925a916babeba82ea35e9a6
37,975,1000,0.74105603992939,0.7210431496302286,0.36624994431871843,2.8397674560546875,0.7210431496302286,0.36624994431871843,1.223722259203593,0.04319119143177009,1.2389601469039917,0.08472724759640705,0.5026791095733644,0.5179169972737631,29,5,2,2560,7352,245,613,5da1c407274d9f2e64016876300738144d1a41605925a916babeba82ea35e9a6
11,1000,1000,1.039113387465477,0.8899751504262289,0.3735107915333786,5.363452434539795,0.8899751504262289,0.3735107915333786,1.153344949086507,0.11380696664433877,1.1782604455947876,0.035077654911430244,0.2633697986602782,0.2882852951685587,29,6,2,2560,7352,245,613,5da1c407274d9f2e64016876300738144d1a41605925a916babeba82ea35e9a6
23,975,1000,1.0885372161865234,0.8419147630532583,0.40280251351067337,5.307565689086914,0.8419147630532583,0.40280251351067337,1.1015959680080414,0.0976003176842798,1.1478263139724731,0.060931166660393256,0.2596812049547831,0.30591155091921485,29,6,2,2560,7352,245,613,5da1c407274d9f2e64016876300738144d1a41605925a916babeba82ea35e9a6
37,825,1000,1.074196919798851,0.958695650100708,0.39923434850714096,4.706900119781494,0.958695650100708,0.39923434850714096,1.2231829166412354,0.10094416920951346,1.279500424861908,0.06545930478516859,0.26448726654052734,0.32080477476119995,29,6,2,2560,7352,245,613,5da1c407274d9f2e64016876300738144d1a41605925a916babeba82ea35e9a6
11,600,850,0.638951301574707,0.5966104653974375,0.3206101746551713,2.693394422531128,0.5966104653974375,0.3206101746551713,0.8654726346333822,0.04807548910058865,0.8648673295974731,0.0515922497069796,0.26886216923594475,0.2682568642000357,29,7,3,2560,7352,245,613,5da1c407274d9f2e64016876300738144d1a41605925a916babeba82ea35e9a6
23,1000,1000,0.7023221999406815,0.23335719108581543,0.7732713541315566,3.698227643966675,0.23335719108581543,0.7732713541315566,0.9829550584157308,0.11506086055066471,1.0283294320106506,0.10799377211674514,0.7495978673299154,0.7949722409248352,29,7,3,2560,7352,245,613,5da1c407274d9f2e64016876300738144d1a41605925a916babeba82ea35e9a6
37,975,1000,0.7718323394656181,0.643138125538826,0.31496523895780837,3.6352107524871826,0.643138125538826,0.31496523895780837,0.9249005715052286,0.07237963655865272,0.9423076510429382,0.049677729257169304,0.28176244596640265,0.29916952550411224,29,7,3,2560,7352,245,613,5da1c407274d9f2e64016876300738144d1a41605925a916babeba82ea35e9a6
11,900,1000,1.0544330924749374,1.128516713778178,0.29643812614244647,4.920760154724121,1.128516713778178,0.29643812614244647,1.3901919921239216,0.0301569070027224,1.2666707038879395,0.284347625059939,0.26167527834574367,0.13815399010976148,29,8,1,2560,7352,245,613,5da1c407274d9f2e64016876300738144d1a41605925a916babeba82ea35e9a6
23,700,950,1.0084301084280014,0.9753681321938833,0.17519674425928888,3.6284313201904297,0.9753681321938833,0.17519674425928888,1.270481824874878,0.06795326572090704,1.0775197893381119,0.30254448023124203,0.29511369268099463,0.10215165714422858,29,8,1,2560,7352,245,613,5da1c407274d9f2e64016876300738144d1a41605925a916babeba82ea35e9a6
37,925,1000,1.104212999343872,1.0620003541310628,0.20057755928928211,5.0143938064575195,1.0620003541310628,0.20057755928928211,1.3982844352722168,0.061675446761634375,1.3615779876708984,0.07324121031529945,0.33628408114115405,0.2995776335398357,29,8,1,2560,7352,245,613,5da1c407274d9f2e64016876300738144d1a41605925a916babeba82ea35e9a6
11,875,1000,0.8961890637874603,0.9209194183349609,0.24737865537198617,3.3587961196899414,0.9209194183349609,0.24737865537198617,1.3357065518697102,0.06341819195338942,1.350376844406128,0.06409840208224524,0.4147871335347493,0.429457426071167,29,9,2,2560,7352,245,613,5da1c407274d9f2e64016876300738144d1a41605925a916babeba82ea35e9a6
23,750,1000,0.863945834338665,0.7851112733284632,0.20446789138084634,2.9139881134033203,0.7851112733284632,0.20446789138084634,1.2074655691782634,0.06463114195028724,1.1655096411705017,0.08008910662568014,0.4223542958498002,0.3803983678420385,29,9,2,2560,7352,245,613,5da1c407274d9f2e64016876300738144d1a41605925a916babeba82ea35e9a6
37,925,1000,0.8899257257580757,0.8902932852506638,0.2800192005141303,3.5026791095733643,0.8902932852506638,0.2800192005141303,1.3459827899932861,0.06688756928702379,1.2888548970222473,0.08454498975959532,0.4556895047426224,0.39856161177158356,29,9,2,2560,7352,245,613,5da1c407274d9f2e64016876300738144d1a41605925a916babeba82ea35e9a6
11,1000,1000,1.0705696493387222,0.9181287636359533,0.3312123462972826,4.883002281188965,0.9181287636359533,0.3312123462972826,1.120042363802592,0.06848483636849885,1.1225260496139526,0.08383795247780049,0.20191360016663873,0.20439728597799933,29,10,2,2560,7352,245,613,5da1c407274d9f2e64016876300738144d1a41605925a916babeba82ea35e9a6
23,950,1000,1.1885501146316528,0.9917919238408407,0.3460315567839208,5.151552677154541,0.9917919238408407,0.3460315567839208,1.2494219541549683,0.07812774173341473,1.2753470540046692,0.09138012830959957,0.25763003031412757,0.2835551301638285,29,10,2,2560,7352,245,613,5da1c407274d9f2e64016876300738144d1a41605925a916babeba82ea35e9a6
37,1000,1000,1.1504376083612442,0.9685138513644537,0.3714651788912744,5.255207538604736,0.9685138513644537,0.3714651788912744,1.2166889905929565,0.09283160294956722,1.2298163175582886,0.09211824748651037,0.24817513922850287,0.2613024661938349,29,10,2,2560,7352,245,613,5da1c407274d9f2e64016876300738144d1a41605925a916babeba82ea35e9a6
11,975,1000,0.8265509307384491,0.5887942711512247,0.5483989542343873,3.7180097103118896,0.5887942711512247,0.5483989542343873,0.9483821094036102,0.11949863817647662,1.041633352637291,0.0861570053227898,0.3595878382523855,0.4528390814860662,29,11,3,2560,7352,245,613,5da1c407274d9f2e64016876300738144d1a41605925a916babeba82ea35e9a6
23,975,1000,0.8455182388424873,0.6973539938529333,0.28795385437481047,3.588994264602661,0.6973539938529333,0.28795385437481047,0.9543634255727133,0.034595633537357076,0.982030987739563,0.08518465687491629,0.25700943171977997,0.2846769938866297,29,11,3,2560,7352,245,613,5da1c407274d9f2e64016876300738144d1a41605925a916babeba82ea35e9a6
37,900,1000,0.8541812896728516,0.683671236038208,0.3911157403010617,3.8321409225463867,0.683671236038208,0.3911157403010617,0.928136428197225,0.05859735797124613,0.961087703704834,0.08055362608658506,0.24446519215901696,0.277416467666626,29,11,3,2560,7352,245,613,5da1c407274d9f2e64016876300738144d1a41605925a916babeba82ea35e9a6
11,950,1000,0.8382925987243652,1.026969273885091,0.20452013999927027,4.957425594329834,1.026969273885091,0.20452013999927027,1.2941434383392334,0.06490848151859686,1.235745370388031,0.12817676155718316,0.2671741644541423,0.20877609650293993,29,12,2,2560,7352,245,613,5da1c407274d9f2e64016876300738144d1a41605925a916babeba82ea35e9a6
23,1000,1000,0.9395409822463989,1.0484371781349182,0.2550987222447813,5.293225288391113,1.0484371781349182,0.2550987222447813,1.399113416671753,0.14388182320717255,1.3396188020706177,0.14367776605145255,0.3506762385368347,0.29118162393569946,29,12,2,2560,7352,245,613,5da1c407274d9f2e64016876300738144d1a41605925a916babeba82ea35e9a6
37,950,1000,0.7571272850036621,0.9525227149327596,0.1681716966317701,5.005202293395996,0.9525227149327596,0.1681716966317701,1.2472142775853474,0.06109265695650182,1.2076110243797302,0.1446517841739016,0.2946915626525878,0.2550883094469706,29,12,2,2560,7352,245,613,5da1c407274d9f2e64016876300738144d1a41605925a916babeba82ea35e9a6
11,1000,1000,0.7033419609069824,0.6651421387990316,0.25390532344005673,2.711198329925537,0.6651421387990316,0.25390532344005673,1.1710290908813477,0.08070053271872733,1.1610872745513916,0.04818346930985315,0.505886952082316,0.49594513575236,29,13,3,2560,7352,245,613,5da1c407274d9f2e64016876300738144d1a41605925a916babeba82ea35e9a6
23,1000,1000,0.8130877017974854,0.8057889938354492,0.3073387904902465,2.952420711517334,0.8057889938354492,0.3073387904902465,1.24826447168986,0.106592376009699,1.2184597849845886,0.03836721313534104,0.4424754778544109,0.4126707911491394,29,13,3,2560,7352,245,613,5da1c407274d9f2e64016876300738144d1a41605925a916babeba82ea35e9a6
37,825,1000,0.7097328305244446,0.6045790016651154,0.3082590349607322,2.408013105392456,0.6045790016651154,0.3082590349607322,1.0862873295942943,0.12685838741801914,1.0696177333593369,0.11781376187030626,0.48170832792917895,0.4650387316942215,29,13,3,2560,7352,245,613,5da1c407274d9f2e64016876300738144d1a41605925a916babeba82ea35e9a6
11,1000,1000,0.9829977825284004,0.9249344865481058,0.41227978587185166,5.273881435394287,0.9249344865481058,0.41227978587185166,1.142722765604655,0.09640404270445717,1.1660963296890259,0.09167957651780125,0.21778827905654918,0.24116184314092004,29,14,3,2560,7352,245,613,5da1c407274d9f2e64016876300738144d1a41605925a916babeba82ea35e9a6
23,900,1000,0.9499742984771729,0.857360358039538,0.3554851534880741,4.982540130615234,0.857360358039538,0.3554851534880741,1.0647738774617512,0.08483565425302139,1.0914556384086609,0.07772283430356441,0.2074135194222132,0.23409528036912286,29,14,3,2560,7352,245,613,5da1c407274d9f2e64016876300738144d1a41605925a916babeba82ea35e9a6
37,925,1000,0.939863920211792,0.7853765139977137,0.38795489430363145,4.997432231903076,0.7853765139977137,0.38795489430363145,1.0719035069147747,0.12278759593289827,1.0709590911865234,0.11075960528832426,0.28652699291706096,0.28558257718880975,29,14,3,2560,7352,245,613,5da1c407274d9f2e64016876300738144d1a41605925a916babeba82ea35e9a6
11,850,1000,0.7541893720626831,0.6588109334309896,0.41885156112271343,3.0316414833068848,0.6588109334309896,0.41885156112271343,0.9992311000823975,0.06475920418403303,0.9814431667327881,0.0831612167005956,0.34042016665140784,0.32263223330179847,29,15,4,2560,7352,245,613,5da1c407274d9f2e64016876300738144d1a41605925a916babeba82ea35e9a6
23,975,1000,0.7412902191281319,0.7522349754969279,0.2850098098181563,4.050398826599121,0.7522349754969279,0.2850098098181563,1.021442453066508,0.05018425814087173,1.001232385635376,0.07180631197210044,0.2692074775695802,0.24899741013844812,29,15,4,2560,7352,245,613,5da1c407274d9f2e64016876300738144d1a41605925a916babeba82ea35e9a6
37,850,1000,0.7065585851669312,0.6029349168141683,0.4337585732297878,3.464954376220703,0.6029349168141683,0.4337585732297878,0.9292065898577372,0.06223261882396137,0.9151902794837952,0.1342719720021024,0.32627167304356886,0.31225536266962683,29,15,4,2560,7352,245,613,5da1c407274d9f2e64016876300738144d1a41605925a916babeba82ea35e9a6
11,975,1000,0.7925972193479538,0.8757368723551432,0.36421057429629283,2.8360483646392822,0.8757368723551432,0.36421057429629283,1.3127179145812988,0.055462612571849014,1.3113727569580078,0.049109990191208874,0.43698104222615564,0.4356358846028646,30,1,1,2560,7352,245,613,5da1c407274d9f2e64016876300738144d1a41605925a916babeba82ea35e9a6
23,700,950,0.7014840841293335,0.7884554465611776,0.43423024311907515,2.150575637817383,0.7884554465611776,0.43423024311907515,1.2422194878260295,0.050866755455148675,1.2524141669273376,0.059428820119213806,0.4537640412648519,0.46395872036616004,30,1,1,2560,7352,245,613,5da1c407274d9f2e64016876300738144d1a41605925a916babeba82ea35e9a6
37,950,1000,0.7153732776641846,0.782150944073995,0.3853040376880563,2.869443893432617,0.782150944073995,0.3853040376880563,1.2159289121627808,0.040943276497991524,1.2367101311683655,0.06444880021550707,0.43377796808878577,0.4545591870943705,30,1,1,2560,7352,245,613,5da1c407274d9f2e64016876300738144d1a41605925a916babeba82ea35e9a6
11,975,1000,1.2801830768585205,1.0020503600438435,0.34089940081719056,6.183075904846191,1.0020503600438435,0.34089940081719056,1.3191423813501995,0.0915582160779772,1.3645488023757935,0.06075466642286646,0.31709202130635594,0.36249844233194994,30,2,1,2560,7352,245,613,5da1c407274d9f2e64016876300738144d1a41605925a916babeba82ea35e9a6
23,875,1000,1.197582483291626,1.0041228532791138,0.32673995938343064,5.535040855407715,1.0041228532791138,0.32673995938343064,1.2847084999084473,0.06024816490947373,1.3044446110725403,0.042450952141986374,0.2805856466293335,0.3003217577934265,30,2,1,2560,7352,245,613,5da1c407274d9f2e64016876300738144d1a41605925a916babeba82ea35e9a6
37,900,1000,1.165366768836975,1.0150001446406047,0.37847296954465504,5.304927825927734,1.0150001446406047,0.37847296954465504,1.3583832184473674,0.03600697874722097,1.3716922402381897,0.058453395202965955,0.3433830738067627,0.35669209559758497,30,2,1,2560,7352,245,613,5da1c407274d9f2e64016876300738144d1a41605925a916babeba82ea35e9a6
11,925,1000,0.8973928689956665,0.8469400008519491,0.34215151810230415,3.8591856956481934,0.8469400008519491,0.34215151810230415,1.1082278887430828,0.059588526394399086,1.1559100151062012,0.061107969116893715,0.26128788789113366,0.3089700142542521,30,3,2,2560,7352,245,613,5da1c407274d9f2e64016876300738144d1a41605925a916babeba82ea35e9a6
23,950,1000,0.8855384290218353,0.7567027062177658,0.5400374795992504,3.844573497772217,0.7567027062177658,0.5400374795992504,0.8671012371778488,0.5304101838680169,1.16585111618042,0.051216855161487745,0.11039853096008301,0.4091484099626541,30,3,2,2560,7352,245,613,5da1c407274d9f2e64016876300738144d1a41605925a916babeba82ea35e9a6
37,975,1000,0.8660636022686958,0.7804000377655029,0.35745410829457236,3.921837091445923,0.7804000377655029,0.35745410829457236,0.9721229076385498,0.09906244291190079,1.053338885307312,0.062467720110292044,0.19172286987304688,0.2729388475418091,30,3,2,2560,7352,245,613,5da1c407274d9f2e64016876300738144d1a41605925a916babeba82ea35e9a6
11,1000,1000,1.1163300275802612,1.0368473728497822,0.2388467559867807,4.733128547668457,1.0368473728497822,0.2388467559867807,1.2669185797373455,0.06667196754732085,1.139406569302082,0.2334044742454194,0.23007120688756322,0.10255919645229983,30,4,1,2560,7352,245,613,5da1c407274d9f2e64016876300738144d1a41605925a916babeba82ea35e9a6
23,1000,1000,1.0901944637298584,0.9252361754576365,0.247823319838536,5.309002876281738,0.9252361754576365,0.247823319838536,1.2996809085210164,0.08590861004221478,1.0168344005942345,0.30303817986782994,0.3744447330633799,0.09159822513659799,30,4,1,2560,7352,245,613,5da1c407274d9f2e64016876300738144d1a41605925a916babeba82ea35e9a6
37,925,1000,1.1417253017425537,1.1876293818155925,0.23188908629674412,4.656197547912598,1.1876293818155925,0.23188908629674412,1.4251306851704915,0.060374461782376605,1.3266229629516602,0.11219925622941897,0.23750130335489894,0.13899358113606763,30,4,1,2560,7352,245,613,5da1c407274d9f2e64016876300738144d1a41605925a916babeba82ea35e9a6
11,925,1000,0.7280158996582031,0.6998517860968908,0.3029185758610401,2.673175573348999,0.6998517860968908,0.3029185758610401,1.2282923460006714,0.04496516055335026,1.243955373764038,0.053687480797542486,0.5284405599037806,0.5441035876671473,30,5,2,2560,7352,245,613,5da1c407274d9f2e64016876300738144d1a41605925a916babeba82ea35e9a6
23,850,1000,0.7117849588394165,0.6756170292695364,0.34884322037954,2.334076404571533,0.6756170292695364,0.34884322037954,1.108503023783366,0.0455006351758618,1.1410998702049255,0.062140775339361826,0.4328859945138296,0.46548284093538916,30,5,2,2560,7352,245,613,5da1c407274d9f2e64016876300738144d1a41605925a916babeba82ea35e9a6
37,975,1000,0.7553189918398857,0.6447752813498179,0.3542161346289527,2.8418192863464355,0.6447752813498179,0.3542161346289527,1.1185319026311238,0.01680632353978947,1.188406527042389,0.07930246028925762,0.4737566212813059,0.543631245692571,30,5,2,2560,7352,245,613,5da1c407274d9f2e64016876300738144d1a41605925a916babeba82ea35e9a6
11,1000,1000,1.1007236391305923,0.9237726231416067,0.38442747334924154,5.163442134857178,0.9237726231416067,0.38442747334924154,1.2222134272257488,0.09739205992597827,1.2528796792030334,0.0720846000539486,0.2984408040841421,0.32910705606142676,30,6,2,2560,7352,245,613,5da1c407274d9f2e64016876300738144d1a41605925a916babeba82ea35e9a6
23,950,1000,1.1100875213742256,0.9284398903449377,0.3891105542590683,5.111923694610596,0.9284398903449377,0.3891105542590683,1.215807318687439,0.08078933543048804,1.2145761847496033,0.039169345080014926,0.2873674283425013,0.2861362944046656,30,6,2,2560,7352,245,613,5da1c407274d9f2e64016876300738144d1a41605925a916babeba82ea35e9a6
37,875,1000,1.0523346662521362,0.935893694559733,0.3995518511675512,4.88995885848999,0.935893694559733,0.3995518511675512,1.2183541456858318,0.12271349737028067,1.2601871490478516,0.03693895317557122,0.28246045112609874,0.3242934544881185,30,6,2,2560,7352,245,613,5da1c407274d9f2e64016876300738144d1a41605925a916babeba82ea35e9a6
11,900,1000,0.676701944321394,0.6466961627205213,0.4258304368632688,3.487797260284424,0.6466961627205213,0.4258304368632688,0.9033756852149963,0.06828299594250384,0.9081060960888863,0.06503219035587464,0.256679522494475,0.26140993336836493,30,7,3,2560,7352,245,613,5da1c407274d9f2e64016876300738144d1a41605925a916babeba82ea35e9a6
23,750,1000,0.6997993588447571,0.6762412736813227,0.3754206051540418,3.185051679611206,0.6762412736813227,0.3754206051540418,0.9500499963760376,0.0770272798772319,0.9785482287406921,0.03236959703714213,0.2738087226947149,0.30230695505936944,30,7,3,2560,7352,245,613,5da1c407274d9f2e64016876300738144d1a41605925a916babeba82ea35e9a6
37,875,1000,0.7380664423108101,0.7409587353467941,0.33463914058151545,3.548248052597046,0.7409587353467941,0.33463914058151545,0.9846960306167603,0.08177079360033716,0.9996161460876465,0.05295886832802259,0.24373729526996613,0.25865741074085236,30,7,3,2560,7352,245,613,5da1c407274d9f2e64016876300738144d1a41605925a916babeba82ea35e9a6
11,850,1000,1.0865668058395386,1.1033058563868205,0.20972526139466627,4.712509632110596,1.1033058563868205,0.20972526139466627,1.4336977402369182,0.04305869499158693,1.329249382019043,0.154985203818195,0.33039188385009766,0.22594352563222242,30,8,1,2560,7352,245,613,5da1c407274d9f2e64016876300738144d1a41605925a916babeba82ea35e9a6
23,875,1000,1.1044549942016602,1.1544759670893352,0.23666629397575187,4.6410369873046875,1.1544759670893352,0.23666629397575187,1.4539796908696492,0.05991557456093763,0.8861478567123413,0.9931587057150776,0.299503723780314,0.2683281103769939,30,8,1,2560,7352,245,613,5da1c407274d9f2e64016876300738144d1a41605925a916babeba82ea35e9a6
37,825,1000,1.033447489142418,1.0681262413660686,0.3103197298409755,4.678467750549316,1.0681262413660686,0.3103197298409755,1.368218223253886,0.1191862876064894,1.2982136011123657,0.30955464984087444,0.3000919818878174,0.23008735974629713,30,8,1,2560,7352,245,613,5da1c407274d9f2e64016876300738144d1a41605925a916babeba82ea35e9a6
11,875,1000,0.8580390214920044,0.8902483781178793,0.2948262584476227,3.6095380783081055,0.8902483781178793,0.2948262584476227,1.3212011655171711,0.06458285822167728,1.3216708302497864,0.06647164181014659,0.4309527873992919,0.4314224521319071,30,9,2,2560,7352,245,613,5da1c407274d9f2e64016876300738144d1a41605925a916babeba82ea35e9a6
23,875,1000,0.8189587518572807,0.8191281954447428,0.22887042986537504,3.0255935192108154,0.8191281954447428,0.22887042986537504,1.2384095191955566,0.0643518862365523,1.220703899860382,0.07169457631236688,0.41928132375081384,0.4015757044156393,30,9,2,2560,7352,245,613,5da1c407274d9f2e64016876300738144d1a41605925a916babeba82ea35e9a6
37,1000,1000,0.9852796792984009,0.9172037839889526,0.2533213515438327,3.8179733753204346,0.9172037839889526,0.2533213515438327,1.2977010409037273,0.07957135607925515,1.3335578441619873,0.09404613974079232,0.38049725691477465,0.41635406017303467,30,9,2,2560,7352,245,613,5da1c407274d9f2e64016876300738144d1a41605925a916babeba82ea35e9a6
11,1000,1000,1.08720862865448,0.9358136306206385,0.30329337083289004,5.339425563812256,0.9358136306206385,0.30329337083289004,1.115858127673467,0.07981557831381789,1.1244208216667175,0.10831476531111683,0.18004449705282843,0.18860719104607904,30,10,2,2560,7352,245,613,5da1c407274d9f2e64016876300738144d1a41605925a916babeba82ea35e9a6
23,950,1000,1.109864465892315,0.9709418565034866,0.34755818727669224,5.155111789703369,0.9709418565034866,0.34755818727669224,1.21075439453125,0.07760411970807941,1.229410469532013,0.0978771200835412,0.23981253802776337,0.2584686130285263,30,10,2,2560,7352,245,613,5da1c407274d9f2e64016876300738144d1a41605925a916babeba82ea35e9a6
37,925,1000,1.1169381141662598,1.0171216676632564,0.3928675062712425,4.99236536026001,1.0171216676632564,0.3928675062712425,1.19193700949351,0.045902200351041714,1.283853530883789,0.09347866679094442,0.1748153418302536,0.26673186322053266,30,10,2,2560,7352,245,613,5da1c407274d9f2e64016876300738144d1a41605925a916babeba82ea35e9a6
11,925,1000,0.8960167914628983,0.7374511112769445,0.2906042405485392,3.7805426120758057,0.7374511112769445,0.2906042405485392,0.968649427096049,0.048790081427713405,0.9952902793884277,0.11409783628303156,0.23119831581910444,0.2578391681114832,30,11,3,2560,7352,245,613,5da1c407274d9f2e64016876300738144d1a41605925a916babeba82ea35e9a6
23,975,1000,0.8375390321016312,0.806325708826383,0.2926651286122203,3.53658390045166,0.806325708826383,0.2926651286122203,1.0529597600301106,0.04049904051958647,1.0767862871289253,0.07921548372165349,0.2466340512037276,0.27046057830254233,30,11,3,2560,7352,245,613,5da1c407274d9f2e64016876300738144d1a41605925a916babeba82ea35e9a6
37,1000,1000,0.847955584526062,0.11499096949895223,1.6548111650658135,3.7221879959106445,0.11499096949895223,1.6548111650658135,0.9715793132781982,0.04220605684001174,0.9851847887039185,0.07944218969894849,0.856588343779246,0.8701938192049662,30,11,3,2560,7352,245,613,5da1c407274d9f2e64016876300738144d1a41605925a916babeba82ea35e9a6
11,975,1000,0.9247299283742905,1.03469051917394,0.25557173269210914,5.359970569610596,1.03469051917394,0.25557173269210914,1.4274521668752034,0.08299205812629121,1.3373438715934753,0.12203449838534133,0.3927616477012634,0.3026533524195354,30,12,2,2560,7352,245,613,5da1c407274d9f2e64016876300738144d1a41605925a916babeba82ea35e9a6
23,900,1000,0.8559888526797295,1.0334093074003856,0.21635481582827534,4.710493564605713,1.0334093074003856,0.21635481582827534,1.3635167678197224,0.07913153495151853,1.255483753979206,0.24089560640136476,0.3301074604193368,0.22207444657882047,30,12,2,2560,7352,245,613,5da1c407274d9f2e64016876300738144d1a41605925a916babeba82ea35e9a6
37,850,1000,0.8452124297618866,1.0657209753990173,0.19668898129225548,4.897551536560059,1.0657209753990173,0.19668898129225548,1.3295873006184895,0.13887242219409543,1.3236852288246155,0.0852954617147978,0.2638663252194722,0.25796425342559814,30,12,2,2560,7352,245,613,5da1c407274d9f2e64016876300738144d1a41605925a916babeba82ea35e9a6
11,725,975,0.6883578225970268,0.7899465213219324,0.2879637316328639,2.479590892791748,0.7899465213219324,0.2879637316328639,1.2546112934748332,0.11678412541329107,1.1947364807128906,0.0866577566247906,0.4646647721529008,0.4047899593909582,30,13,3,2560,7352,245,613,5da1c407274d9f2e64016876300738144d1a41605925a916babeba82ea35e9a6
23,900,1000,0.7618869990110397,0.7671926816304525,0.2986929430399106,2.9300386905670166,0.7671926816304525,0.2986929430399106,1.274468183517456,0.1035855206874745,1.23332017660141,0.053385976772798126,0.5072755018870035,0.4661274949709574,30,13,3,2560,7352,245,613,5da1c407274d9f2e64016876300738144d1a41605925a916babeba82ea35e9a6
37,875,1000,0.6678523421287537,0.7441934247811636,0.30122306432127205,2.6941471099853516,0.7441934247811636,0.30122306432127205,1.1935891310373943,0.06995682837352181,1.1876922249794006,0.0720680490029296,0.4493957062562307,0.44349880019823706,30,13,3,2560,7352,245,613,5da1c407274d9f2e64016876300738144d1a41605925a916babeba82ea35e9a6
11,1000,1000,0.9853933900594711,0.8803402235110601,0.39480242718981273,5.4105024337768555,0.8803402235110601,0.39480242718981273,1.1289033889770508,0.05350991291655018,1.1398634314537048,0.10114957502501237,0.24856316546599067,0.2595232079426447,30,14,3,2560,7352,245,613,5da1c407274d9f2e64016876300738144d1a41605925a916babeba82ea35e9a6
23,925,1000,0.962818868458271,0.8932403326034546,0.3760541541962563,5.234448432922363,0.8932403326034546,0.3760541541962563,1.1567480166753132,0.0777740377954788,1.188608467578888,0.09177489285228264,0.26350768407185865,0.29536813497543335,30,14,3,2560,7352,245,613,5da1c407274d9f2e64016876300738144d1a41605925a916babeba82ea35e9a6
37,975,1000,0.923145055770874,0.9437551995118459,0.36449200149285305,5.497979164123535,0.9437551995118459,0.36449200149285305,1.1705191135406494,0.09251501594632938,1.1968432068824768,0.08829060078664294,0.22676391402880347,0.25308800737063086,30,14,3,2560,7352,245,613,5da1c407274d9f2e64016876300738144d1a41605925a916babeba82ea35e9a6
11,875,1000,0.7035210728645325,0.5749603609244028,0.39097754178955796,3.386988878250122,0.5749603609244028,0.39097754178955796,0.982033928235372,0.08879927620795247,0.9208698198199272,0.06540626257243043,0.4070735673109691,0.3459094588955244,30,15,4,2560,7352,245,613,5da1c407274d9f2e64016876300738144d1a41605925a916babeba82ea35e9a6
23,825,1000,0.7158937454223633,0.6696312775214514,0.2913893450127161,3.508955240249634,0.6696312775214514,0.2913893450127161,0.9240711132685343,0.09418938444574344,0.9151860475540161,0.053627082027811294,0.25443983574708295,0.24555477003256476,30,15,4,2560,7352,245,613,5da1c407274d9f2e64016876300738144d1a41605925a916babeba82ea35e9a6
37,975,1000,0.7306592464447021,0.7420753339926401,0.2974013260212817,3.580594301223755,0.7420753339926401,0.2974013260212817,0.9727475245793661,0.06715537778761733,0.9864067807793617,0.09408453530746379,0.23067219058672594,0.24433144678672158,30,15,4,2560,7352,245,613,5da1c407274d9f2e64016876300738144d1a41605925a916babeba82ea35e9a6
