deletion_position,deletion_identity,deletion_support_sha256,layer,order_k,subset_mask,critic_seed,representation_dim,target_dim,n_samples,n_train,n_val,n_test,best_step,final_training_step,best_val_mi,test_mi,test_product_shuffle_sd,heldout_joint_minus_mismatch_score
41,L,e0fef893d26baae17a3e262951afad508996ae16f2f43fe107136aa1982b97d3,0,1,1,11,2560,1,7362,6596,209,557,450,700,0.19163835048675537,0.187329371770223,0.3719919871529984,0.40064144134521484
41,L,e0fef893d26baae17a3e262951afad508996ae16f2f43fe107136aa1982b97d3,0,1,1,23,2560,1,7362,6596,209,557,500,750,0.22025275230407715,0.20018545786539713,0.41848546115414004,0.43235063552856445
41,L,e0fef893d26baae17a3e262951afad508996ae16f2f43fe107136aa1982b97d3,0,1,1,37,2560,1,7362,6596,209,557,400,650,0.21703386306762695,0.21510958671569824,0.36059703360596107,0.3778505325317383
41,L,e0fef893d26baae17a3e262951afad508996ae16f2f43fe107136aa1982b97d3,0,1,2,11,2560,1,7362,6596,209,557,875,1000,0.8521323204040527,0.8318188190460205,0.43755971932378107,3.8168418407440186
41,L,e0fef893d26baae17a3e262951afad508996ae16f2f43fe107136aa1982b97d3,0,1,2,23,2560,1,7362,6596,209,557,975,1000,0.7978414297103882,0.8334865172704061,0.4337454205461945,4.115485668182373
41,L,e0fef893d26baae17a3e262951afad508996ae16f2f43fe107136aa1982b97d3,0,1,2,37,2560,1,7362,6596,209,557,675,925,0.8261599540710449,0.8167151212692261,0.40675488181476094,3.7861785888671875
41,L,e0fef893d26baae17a3e262951afad508996ae16f2f43fe107136aa1982b97d3,0,2,3,11,2560,1,7362,6596,209,557,25,275,-3.46451997756958e-07,-4.594524701436361e-08,1.777067166566682e-07,0.0
41,L,e0fef893d26baae17a3e262951afad508996ae16f2f43fe107136aa1982b97d3,0,2,3,23,2560,1,7362,6596,209,557,25,275,-1.341104507446289e-07,-4.3213367462158203e-07,0.0,0.0
41,L,e0fef893d26baae17a3e262951afad508996ae16f2f43fe107136aa1982b97d3,0,2,3,37,2560,1,7362,6596,209,557,25,275,-6.631016731262207e-07,-7.227063179016113e-07,0.0,-7.450580596923828e-09
41,L,e0fef893d26baae17a3e262951afad508996ae16f2f43fe107136aa1982b97d3,0,1,4,11,2560,1,7362,6596,209,557,850,1000,0.05263516306877136,0.03826764225959778,0.03463951349655887,0.12617667019367218
41,L,e0fef893d26baae17a3e262951afad508996ae16f2f43fe107136aa1982b97d3,0,1,4,23,2560,1,7362,6596,209,557,725,975,0.04900789260864258,0.03985682129859924,0.03564578647610614,0.1337563693523407
41,L,e0fef893d26baae17a3e262951afad508996ae16f2f43fe107136aa1982b97d3,0,1,4,37,2560,1,7362,6596,209,557,375,625,0.037255167961120605,0.03726122776667277,0.025123297438493137,0.11117130517959595
41,L,e0fef893d26baae17a3e262951afad508996ae16f2f43fe107136aa1982b97d3,0,2,5,11,2560,1,7362,6596,209,557,25,275,-5.21540641784668e-08,-2.7939677238464355e-07,0.0,0.0
41,L,e0fef893d26baae17a3e262951afad508996ae16f2f43fe107136aa1982b97d3,0,2,5,23,2560,1,7362,6596,209,557,25,275,-5.960464477539063e-08,-5.513429641723633e-07,0.0,1.4901161193847656e-08
41,L,e0fef893d26baae17a3e262951afad508996ae16f2f43fe107136aa1982b97d3,0,2,5,37,2560,1,7362,6596,209,557,25,275,-2.4586915969848633e-07,-3.8743019104003906e-07,0.0,0.0
41,L,e0fef893d26baae17a3e262951afad508996ae16f2f43fe107136aa1982b97d3,0,2,6,11,2560,1,7362,6596,209,557,25,275,1.6391277313232422e-07,-7.947285970052083e-08,2.247831920581015e-07,3.725290298461914e-09
41,L,e0fef893d26baae17a3e262951afad508996ae16f2f43fe107136aa1982b97d3,0,2,6,23,2560,1,7362,6596,209,557,25,275,-8.195638656616211e-08,-7.549921671549479e-07,1.7770671665666814e-07,0.0
41,L,e0fef893d26baae17a3e262951afad508996ae16f2f43fe107136aa1982b97d3,0,2,6,37,2560,1,7362,6596,209,557,25,275,-2.905726432800293e-07,-1.9371509552001953e-07,0.0,0.0
41,L,e0fef893d26baae17a3e262951afad508996ae16f2f43fe107136aa1982b97d3,0,3,7,11,2560,1,7362,6596,209,557,25,275,-1.7508864402770996e-07,-5.364418029785156e-07,0.0,0.0
41,L,e0fef893d26baae17a3e262951afad508996ae16f2f43fe107136aa1982b97d3,0,3,7,23,2560,1,7362,6596,209,557,25,275,-1.4901161193847656e-07,-3.129243850708008e-07,0.0,-1.4901161193847656e-08
41,L,e0fef893d26baae17a3e262951afad508996ae16f2f43fe107136aa1982b97d3,0,3,7,37,2560,1,7362,6596,209,557,25,275,-2.682209014892578e-07,-4.3958425521850586e-07,0.0,-7.450580596923828e-09
41,L,e0fef893d26baae17a3e262951afad508996ae16f2f43fe107136aa1982b97d3,0,1,8,11,2560,1,7362,6596,209,557,975,1000,0.30883848667144775,0.35947684446970624,0.02579297891542301,1.2713512182235718
41,L,e0fef893d26baae17a3e262951afad508996ae16f2f43fe107136aa1982b97d3,0,1,8,23,2560,1,7362,6596,209,557,975,1000,0.3048732280731201,0.35542553663253784,0.019502643298694413,1.2781656980514526
41,L,e0fef893d26baae17a3e262951afad508996ae16f2f43fe107136aa1982b97d3,0,1,8,37,2560,1,7362,6596,209,557,600,850,0.3082984685897827,0.3479840358098348,0.01691280482198772,1.0736302137374878
41,L,e0fef893d26baae17a3e262951afad508996ae16f2f43fe107136aa1982b97d3,0,2,9,11,2560,1,7362,6596,209,557,25,275,2.2351741790771484e-07,-2.384185791015625e-07,0.0,0.0
41,L,e0fef893d26baae17a3e262951afad508996ae16f2f43fe107136aa1982b97d3,0,2,9,23,2560,1,7362,6596,209,557,25,275,1.043081283569336e-07,-4.470348358154297e-07,0.0,0.0
41,L,e0fef893d26baae17a3e262951afad508996ae16f2f43fe107136aa1982b97d3,0,2,9,37,2560,1,7362,6596,209,557,25,275,-3.0547380447387695e-07,-7.748603820800781e-07,0.0,0.0
41,L,e0fef893d26baae17a3e262951afad508996ae16f2f43fe107136aa1982b97d3,0,2,10,11,2560,1,7362,6596,209,557,25,275,-4.470348358154297e-08,-7.078051567077637e-07,0.0,3.725290298461914e-09
41,L,e0fef893d26baae17a3e262951afad508996ae16f2f43fe107136aa1982b97d3,0,2,10,23,2560,1,7362,6596,209,557,25,275,1.043081283569336e-07,-8.940696716308594e-08,0.0,0.0
41,L,e0fef893d26baae17a3e262951afad508996ae16f2f43fe107136aa1982b97d3,0,2,10,37,2560,1,7362,6596,209,557,25,275,5.21540641784668e-08,-2.980232238769531e-07,0.0,0.0
41,L,e0fef893d26baae17a3e262951afad508996ae16f2f43fe107136aa1982b97d3,0,3,11,11,2560,1,7362,6596,209,557,25,275,-2.9802322387695312e-08,-3.725290298461914e-08,0.0,0.0
41,L,e0fef893d26baae17a3e262951afad508996ae16f2f43fe107136aa1982b97d3,0,3,11,23,2560,1,7362,6596,209,557,25,275,-2.9802322387695312e-08,-3.725290298461914e-07,0.0,-1.4901161193847656e-08
41,L,e0fef893d26baae17a3e262951afad508996ae16f2f43fe107136aa1982b97d3,0,3,11,37,2560,1,7362,6596,209,557,25,275,-2.7567148208618164e-07,-6.506840387980143e-07,1.7770671665666816e-07,0.0
41,L,e0fef893d26baae17a3e262951afad508996ae16f2f43fe107136aa1982b97d3,0,2,12,11,2560,1,7362,6596,209,557,25,275,3.725290298461914e-08,-5.885958671569824e-07,0.0,3.725290298461914e-09
41,L,e0fef893d26baae17a3e262951afad508996ae16f2f43fe107136aa1982b97d3,0,2,12,23,2560,1,7362,6596,209,557,25,275,5.960464477539063e-08,-3.3775965372721356e-07,2.247831920581015e-07,0.0
41,L,e0fef893d26baae17a3e262951afad508996ae16f2f43fe107136aa1982b97d3,0,2,12,37,2560,1,7362,6596,209,557,25,275,-1.2665987014770508e-07,-1.7136335372924805e-07,0.0,0.0
41,L,e0fef893d26baae17a3e262951afad508996ae16f2f43fe107136aa1982b97d3,0,3,13,11,2560,1,7362,6596,209,557,25,275,2.868473529815674e-07,-2.1606683731079102e-07,0.0,7.450580596923828e-09
41,L,e0fef893d26baae17a3e262951afad508996ae16f2f43fe107136aa1982b97d3,0,3,13,23,2560,1,7362,6596,209,557,25,275,-1.1920928955078125e-07,-4.917383193969727e-07,0.0,0.0
41,L,e0fef893d26baae17a3e262951afad508996ae16f2f43fe107136aa1982b97d3,0,3,13,37,2560,1,7362,6596,209,557,25,275,-2.0489096641540527e-07,-2.4586915969848633e-07,0.0,0.0
41,L,e0fef893d26baae17a3e262951afad508996ae16f2f43fe107136aa1982b97d3,0,3,14,11,2560,1,7362,6596,209,557,25,275,-4.6566128730773926e-08,-5.128482977549235e-07,1.7770671665666814e-07,0.0
41,L,e0fef893d26baae17a3e262951afad508996ae16f2f43fe107136aa1982b97d3,0,3,14,23,2560,1,7362,6596,209,557,25,275,-2.682209014892578e-07,-1.1920928955078125e-07,0.0,0.0
41,L,e0fef893d26baae17a3e262951afad508996ae16f2f43fe107136aa1982b97d3,0,3,14,37,2560,1,7362,6596,209,557,25,275,-2.4586915969848633e-07,-5.438923835754395e-07,0.0,0.0
41,L,e0fef893d26baae17a3e262951afad508996ae16f2f43fe107136aa1982b97d3,0,4,15,11,2560,1,7362,6596,209,557,25,275,2.868473529815674e-07,-6.332993507385254e-08,0.0,0.0
41,L,e0fef893d26baae17a3e262951afad508996ae16f2f43fe107136aa1982b97d3,0,4,15,23,2560,1,7362,6596,209,557,25,275,1.043081283569336e-07,-2.284844716389974e-07,1.7770671665666814e-07,1.4901161193847656e-08
41,L,e0fef893d26baae17a3e262951afad508996ae16f2f43fe107136aa1982b97d3,0,4,15,37,2560,1,7362,6596,209,557,25,275,1.341104507446289e-07,2.2351741790771484e-07,0.0,7.450580596923828e-09
41,L,e0fef893d26baae17a3e262951afad508996ae16f2f43fe107136aa1982b97d3,1,1,1,11,2560,1,7362,6596,209,557,925,1000,0.7563713788986206,0.8532706101735433,0.4566431039512876,2.877251148223877
41,L,e0fef893d26baae17a3e262951afad508996ae16f2f43fe107136aa1982b97d3,1,1,1,23,2560,1,7362,6596,209,557,850,1000,0.7794187813997269,0.8311197360356649,0.38702342491993746,2.9575724601745605
41,L,e0fef893d26baae17a3e262951afad508996ae16f2f43fe107136aa1982b97d3,1,1,1,37,2560,1,7362,6596,209,557,950,1000,0.6796108931303024,0.8586378892262777,0.3917826653494984,2.630831718444824
41,L,e0fef893d26baae17a3e262951afad508996ae16f2f43fe107136aa1982b97d3,1,1,2,11,2560,1,7362,6596,209,557,1000,1000,1.190851092338562,1.294574538866679,0.48107983780527325,5.756392478942871
41,L,e0fef893d26baae17a3e262951afad508996ae16f2f43fe107136aa1982b97d3,1,1,2,23,2560,1,7362,6596,209,557,950,1000,1.1560842990875244,1.3038307030995686,0.4488059325291373,6.414516448974609
41,L,e0fef893d26baae17a3e262951afad508996ae16f2f43fe107136aa1982b97d3,1,1,2,37,2560,1,7362,6596,209,557,1000,1000,1.0826741456985474,1.2126571734746296,0.4757296358075015,6.191860198974609
41,L,e0fef893d26baae17a3e262951afad508996ae16f2f43fe107136aa1982b97d3,1,2,3,11,2560,1,7362,6596,209,557,900,1000,0.7374008297920227,0.7229034950335821,0.3257434739336782,3.22910737991333
41,L,e0fef893d26baae17a3e262951afad508996ae16f2f43fe107136aa1982b97d3,1,2,3,23,2560,1,7362,6596,209,557,975,1000,0.7547730207443237,0.48481038709481555,0.6209267446376944,3.116105079650879
41,L,e0fef893d26baae17a3e262951afad508996ae16f2f43fe107136aa1982b97d3,1,2,3,37,2560,1,7362,6596,209,557,900,1000,0.8390257358551025,0.4676748514175415,0.8395246242402273,3.5445427894592285
41,L,e0fef893d26baae17a3e262951afad508996ae16f2f43fe107136aa1982b97d3,1,1,4,11,2560,1,7362,6596,209,557,800,1000,0.9162919223308563,0.6739200254281362,0.3176035457640137,3.4672012329101562
41,L,e0fef893d26baae17a3e262951afad508996ae16f2f43fe107136aa1982b97d3,1,1,4,23,2560,1,7362,6596,209,557,975,1000,0.9485341012477875,0.882427453994751,0.2374462596430073,4.31990909576416
41,L,e0fef893d26baae17a3e262951afad508996ae16f2f43fe107136aa1982b97d3,1,1,4,37,2560,1,7362,6596,209,557,1000,1000,1.041447401046753,0.5184585650761923,0.7064778884910137,4.249075412750244
41,L,e0fef893d26baae17a3e262951afad508996ae16f2f43fe107136aa1982b97d3,1,2,5,11,2560,1,7362,6596,209,557,975,1000,0.6962964534759521,0.6493347187836965,0.33987157982580957,2.343975067138672
41,L,e0fef893d26baae17a3e262951afad508996ae16f2f43fe107136aa1982b97d3,1,2,5,23,2560,1,7362,6596,209,557,850,1000,0.6120133548974991,0.6235015789667765,0.341335681711328,2.102236270904541
41,L,e0fef893d26baae17a3e262951afad508996ae16f2f43fe107136aa1982b97d3,1,2,5,37,2560,1,7362,6596,209,557,850,1000,0.5844228267669678,0.540571004152298,0.311509596574141,2.110475540161133
41,L,e0fef893d26baae17a3e262951afad508996ae16f2f43fe107136aa1982b97d3,1,2,6,11,2560,1,7362,6596,209,557,1000,1000,0.9532581567764282,0.8980896671613058,0.44272440459725937,4.342199325561523
41,L,e0fef893d26baae17a3e262951afad508996ae16f2f43fe107136aa1982b97d3,1,2,6,23,2560,1,7362,6596,209,557,550,800,0.836937665939331,0.799687293668588,0.38772763196581383,2.8594698905944824
41,L,e0fef893d26baae17a3e262951afad508996ae16f2f43fe107136aa1982b97d3,1,2,6,37,2560,1,7362,6596,209,557,975,1000,0.883508175611496,0.9755082130432129,0.44269576439700287,4.568636894226074
41,L,e0fef893d26baae17a3e262951afad508996ae16f2f43fe107136aa1982b97d3,1,3,7,11,2560,1,7362,6596,209,557,900,1000,0.9271608591079712,0.5974019716183344,0.42896085947772994,4.088928699493408
41,L,e0fef893d26baae17a3e262951afad508996ae16f2f43fe107136aa1982b97d3,1,3,7,23,2560,1,7362,6596,209,557,900,1000,0.907497763633728,0.7033286939064661,0.3570390947281963,4.526543140411377
41,L,e0fef893d26baae17a3e262951afad508996ae16f2f43fe107136aa1982b97d3,1,3,7,37,2560,1,7362,6596,209,557,950,1000,0.9122333824634552,0.7418270905812582,0.34745930092169197,4.865174293518066
41,L,e0fef893d26baae17a3e262951afad508996ae16f2f43fe107136aa1982b97d3,1,1,8,11,2560,1,7362,6596,209,557,975,1000,0.9595997333526611,1.016331394513448,0.1686355600457581,4.145229339599609
41,L,e0fef893d26baae17a3e262951afad508996ae16f2f43fe107136aa1982b97d3,1,1,8,23,2560,1,7362,6596,209,557,1000,1000,0.9643698632717133,0.939445286989212,0.18792411612375656,4.2026472091674805
41,L,e0fef893d26baae17a3e262951afad508996ae16f2f43fe107136aa1982b97d3,1,1,8,37,2560,1,7362,6596,209,557,975,1000,1.0575629472732544,1.064291000366211,0.216585073746971,4.418876647949219
41,L,e0fef893d26baae17a3e262951afad508996ae16f2f43fe107136aa1982b97d3,1,2,9,11,2560,1,7362,6596,209,557,1000,1000,0.7692982405424118,0.6769963105519613,0.25762046162899205,3.0158798694610596
41,L,e0fef893d26baae17a3e262951afad508996ae16f2f43fe107136aa1982b97d3,1,2,9,23,2560,1,7362,6596,209,557,1000,1000,0.7634192705154419,0.6964571873346964,0.30223866737449184,3.137957811355591
41,L,e0fef893d26baae17a3e262951afad508996ae16f2f43fe107136aa1982b97d3,1,2,9,37,2560,1,7362,6596,209,557,975,1000,0.7711625099182129,0.7661214669545492,0.2467854094736768,3.194591760635376
41,L,e0fef893d26baae17a3e262951afad508996ae16f2f43fe107136aa1982b97d3,1,2,10,11,2560,1,7362,6596,209,557,950,1000,0.9195628091692924,0.8035093148549398,0.27255629066618275,3.559922933578491
41,L,e0fef893d26baae17a3e262951afad508996ae16f2f43fe107136aa1982b97d3,1,2,10,23,2560,1,7362,6596,209,557,800,1000,0.9538604170084,0.7949440975983938,0.3371971689196057,3.5672874450683594
41,L,e0fef893d26baae17a3e262951afad508996ae16f2f43fe107136aa1982b97d3,1,2,10,37,2560,1,7362,6596,209,557,800,1000,1.0185726881027222,0.8024897078673044,0.3268287033377344,3.344630479812622
41,L,e0fef893d26baae17a3e262951afad508996ae16f2f43fe107136aa1982b97d3,1,3,11,11,2560,1,7362,6596,209,557,1000,1000,1.0103143453598022,0.023262083530426025,1.3290336475715643,4.602859020233154
41,L,e0fef893d26baae17a3e262951afad508996ae16f2f43fe107136aa1982b97d3,1,3,11,23,2560,1,7362,6596,209,557,1000,1000,1.1647865921258926,0.2516031563282013,0.8729318450053323,4.535776615142822
41,L,e0fef893d26baae17a3e262951afad508996ae16f2f43fe107136aa1982b97d3,1,3,11,37,2560,1,7362,6596,209,557,950,1000,1.0322874933481216,0.41395507256189984,0.6667892961153695,4.4068474769592285
41,L,e0fef893d26baae17a3e262951afad508996ae16f2f43fe107136aa1982b97d3,1,2,12,11,2560,1,7362,6596,209,557,725,975,0.6395825147628784,0.6849735379219055,0.18098799261454349,2.5325984954833984
41,L,e0fef893d26baae17a3e262951afad508996ae16f2f43fe107136aa1982b97d3,1,2,12,23,2560,1,7362,6596,209,557,950,1000,0.6514704823493958,0.736126701037089,0.12085159020934165,2.9832992553710938
41,L,e0fef893d26baae17a3e262951afad508996ae16f2f43fe107136aa1982b97d3,1,2,12,37,2560,1,7362,6596,209,557,900,1000,0.7072359919548035,0.8462110062440237,0.13456822707808322,2.8079590797424316
41,L,e0fef893d26baae17a3e262951afad508996ae16f2f43fe107136aa1982b97d3,1,3,13,11,2560,1,7362,6596,209,557,925,1000,0.7949192523956299,0.7626074552536011,0.2429142481369772,2.987370491027832
41,L,e0fef893d26baae17a3e262951afad508996ae16f2f43fe107136aa1982b97d3,1,3,13,23,2560,1,7362,6596,209,557,950,1000,0.815075159072876,0.6988714238007864,0.2783183859458138,3.161210775375366
41,L,e0fef893d26baae17a3e262951afad508996ae16f2f43fe107136aa1982b97d3,1,3,13,37,2560,1,7362,6596,209,557,950,1000,0.8235545232892036,0.6286376466353735,0.32551265169511506,3.235017776489258
41,L,e0fef893d26baae17a3e262951afad508996ae16f2f43fe107136aa1982b97d3,1,3,14,11,2560,1,7362,6596,209,557,975,1000,1.0714166015386581,1.027809202671051,0.3945526266211715,5.166795253753662
41,L,e0fef893d26baae17a3e262951afad508996ae16f2f43fe107136aa1982b97d3,1,3,14,23,2560,1,7362,6596,209,557,900,1000,1.0095060020685196,0.8366550207138062,0.385286316004967,4.479882717132568
41,L,e0fef893d26baae17a3e262951afad508996ae16f2f43fe107136aa1982b97d3,1,3,14,37,2560,1,7362,6596,209,557,975,1000,0.9895056337118149,0.8864764422178268,0.341839719398401,4.635139465332031
41,L,e0fef893d26baae17a3e262951afad508996ae16f2f43fe107136aa1982b97d3,1,4,15,11,2560,1,7362,6596,209,557,775,1000,0.7052066326141357,0.4978013386329015,0.34433984848115295,3.5980629920959473
41,L,e0fef893d26baae17a3e262951afad508996ae16f2f43fe107136aa1982b97d3,1,4,15,23,2560,1,7362,6596,209,557,875,1000,0.770063042640686,0.42660139004389447,0.44411892044236,3.892061710357666
41,L,e0fef893d26baae17a3e262951afad508996ae16f2f43fe107136aa1982b97d3,1,4,15,37,2560,1,7362,6596,209,557,700,950,0.7661691978573799,0.6222629547119141,0.2220548988243958,3.4604358673095703
41,L,e0fef893d26baae17a3e262951afad508996ae16f2f43fe107136aa1982b97d3,2,1,1,11,2560,1,7362,6596,209,557,975,1000,0.6865236163139343,0.7650993267695109,0.3848133918178202,2.886780261993408
41,L,e0fef893d26baae17a3e262951afad508996ae16f2f43fe107136aa1982b97d3,2,1,1,23,2560,1,7362,6596,209,557,675,925,0.6697112321853638,0.7115099430084229,0.4189774492962303,2.2000155448913574
41,L,e0fef893d26baae17a3e262951afad508996ae16f2f43fe107136aa1982b97d3,2,1,1,37,2560,1,7362,6596,209,557,825,1000,0.6957619190216064,0.7444551785786947,0.37111644448403686,2.43904185295105
41,L,e0fef893d26baae17a3e262951afad508996ae16f2f43fe107136aa1982b97d3,2,1,2,11,2560,1,7362,6596,209,557,600,850,1.0587483644485474,1.0400476455688477,0.42343893479781625,3.6278717517852783
41,L,e0fef893d26baae17a3e262951afad508996ae16f2f43fe107136aa1982b97d3,2,1,2,23,2560,1,7362,6596,209,557,875,1000,1.1837670654058456,1.2615545988082886,0.4750394249403197,5.769182205200195
41,L,e0fef893d26baae17a3e262951afad508996ae16f2f43fe107136aa1982b97d3,2,1,2,37,2560,1,7362,6596,209,557,775,1000,1.1171810626983643,1.1167081594467163,0.4410868441943744,4.787358283996582
41,L,e0fef893d26baae17a3e262951afad508996ae16f2f43fe107136aa1982b97d3,2,2,3,11,2560,1,7362,6596,209,557,900,1000,0.6951829195022583,0.6338162372509638,0.3118631252060552,2.868943929672241
41,L,e0fef893d26baae17a3e262951afad508996ae16f2f43fe107136aa1982b97d3,2,2,3,23,2560,1,7362,6596,209,557,450,700,0.5288068652153015,0.44599198301633197,0.3237169515226925,1.9937262535095215
41,L,e0fef893d26baae17a3e262951afad508996ae16f2f43fe107136aa1982b97d3,2,2,3,37,2560,1,7362,6596,209,557,900,1000,0.7113844156265259,0.6222827633221945,0.3102870198402458,2.953886032104492
41,L,e0fef893d26baae17a3e262951afad508996ae16f2f43fe107136aa1982b97d3,2,1,4,11,2560,1,7362,6596,209,557,975,1000,1.0337034314870834,-0.4225419759750366,2.0602040989947605,4.249513149261475
41,L,e0fef893d26baae17a3e262951afad508996ae16f2f43fe107136aa1982b97d3,2,1,4,23,2560,1,7362,6596,209,557,1000,1000,1.116351842880249,1.1396412750085194,0.23809658526153313,4.808664798736572
41,L,e0fef893d26baae17a3e262951afad508996ae16f2f43fe107136aa1982b97d3,2,1,4,37,2560,1,7362,6596,209,557,1000,1000,1.194780945777893,1.143912782271703,0.2624826807206948,4.669647216796875
41,L,e0fef893d26baae17a3e262951afad508996ae16f2f43fe107136aa1982b97d3,2,2,5,11,2560,1,7362,6596,209,557,800,1000,0.6754692643880844,0.6218189100424448,0.32793472168998417,2.243694305419922
41,L,e0fef893d26baae17a3e262951afad508996ae16f2f43fe107136aa1982b97d3,2,2,5,23,2560,1,7362,6596,209,557,950,1000,0.7371747493743896,0.7448192735513052,0.3611829696164523,2.5371627807617188
41,L,e0fef893d26baae17a3e262951afad508996ae16f2f43fe107136aa1982b97d3,2,2,5,37,2560,1,7362,6596,209,557,950,1000,0.7072612792253494,0.6485879123210907,0.38392640200244427,2.3112261295318604
41,L,e0fef893d26baae17a3e262951afad508996ae16f2f43fe107136aa1982b97d3,2,2,6,11,2560,1,7362,6596,209,557,850,1000,0.9742654263973236,0.9523156931002935,0.4031276271755591,4.042521953582764
41,L,e0fef893d26baae17a3e262951afad508996ae16f2f43fe107136aa1982b97d3,2,2,6,23,2560,1,7362,6596,209,557,1000,1000,0.9617314264178276,0.9272617151339849,0.4636093532255923,4.657087802886963
41,L,e0fef893d26baae17a3e262951afad508996ae16f2f43fe107136aa1982b97d3,2,2,6,37,2560,1,7362,6596,209,557,950,1000,0.9552813768386841,0.8949367503325144,0.4313948658029445,4.513676166534424
41,L,e0fef893d26baae17a3e262951afad508996ae16f2f43fe107136aa1982b97d3,2,3,7,11,2560,1,7362,6596,209,557,1000,1000,0.8233197331428528,0.6471996009349823,0.521733670560434,3.8311479091644287
41,L,e0fef893d26baae17a3e262951afad508996ae16f2f43fe107136aa1982b97d3,2,3,7,23,2560,1,7362,6596,209,557,975,1000,0.8531809598207474,0.8006328791379929,0.27784874494711137,4.293789386749268
41,L,e0fef893d26baae17a3e262951afad508996ae16f2f43fe107136aa1982b97d3,2,3,7,37,2560,1,7362,6596,209,557,975,1000,0.8890807628631592,0.7397274176279703,0.5116285471368879,4.363036155700684
41,L,e0fef893d26baae17a3e262951afad508996ae16f2f43fe107136aa1982b97d3,2,1,8,11,2560,1,7362,6596,209,557,950,1000,1.0037633180618286,1.040945013364156,0.17259749374470945,3.850165843963623
41,L,e0fef893d26baae17a3e262951afad508996ae16f2f43fe107136aa1982b97d3,2,1,8,23,2560,1,7362,6596,209,557,1000,1000,0.9677455425262451,1.023104468981425,0.1469530813238091,4.127876281738281
41,L,e0fef893d26baae17a3e262951afad508996ae16f2f43fe107136aa1982b97d3,2,1,8,37,2560,1,7362,6596,209,557,900,1000,0.8953909575939178,0.9392954111099243,0.16351189623291304,3.5644493103027344
41,L,e0fef893d26baae17a3e262951afad508996ae16f2f43fe107136aa1982b97d3,2,2,9,11,2560,1,7362,6596,209,557,925,1000,0.7138542532920837,0.7802216509977976,0.22669380942756281,3.1032795906066895
41,L,e0fef893d26baae17a3e262951afad508996ae16f2f43fe107136aa1982b97d3,2,2,9,23,2560,1,7362,6596,209,557,975,1000,0.7405073568224907,0.8066240896781286,0.2853605329146155,3.2323124408721924
41,L,e0fef893d26baae17a3e262951afad508996ae16f2f43fe107136aa1982b97d3,2,2,9,37,2560,1,7362,6596,209,557,975,1000,0.7410673648118973,0.76390008131663,0.20820973456674094,3.1099939346313477
41,L,e0fef893d26baae17a3e262951afad508996ae16f2f43fe107136aa1982b97d3,2,2,10,11,2560,1,7362,6596,209,557,925,1000,1.0950177907943726,0.8557742387056351,0.330978829490996,3.7114827632904053
41,L,e0fef893d26baae17a3e262951afad508996ae16f2f43fe107136aa1982b97d3,2,2,10,23,2560,1,7362,6596,209,557,925,1000,1.0294315740466118,0.8324609622359276,0.2981805748466553,3.796067476272583
41,L,e0fef893d26baae17a3e262951afad508996ae16f2f43fe107136aa1982b97d3,2,2,10,37,2560,1,7362,6596,209,557,1000,1000,1.1555800288915634,0.952902947862943,0.34283231479586573,4.525628089904785
41,L,e0fef893d26baae17a3e262951afad508996ae16f2f43fe107136aa1982b97d3,2,3,11,11,2560,1,7362,6596,209,557,700,950,0.9041938781738281,0.35406861702601117,0.4959903697282308,3.253974199295044
41,L,e0fef893d26baae17a3e262951afad508996ae16f2f43fe107136aa1982b97d3,2,3,11,23,2560,1,7362,6596,209,557,975,1000,1.128562331199646,-1.5227402846018474,2.247388344521586,4.3236284255981445
41,L,e0fef893d26baae17a3e262951afad508996ae16f2f43fe107136aa1982b97d3,2,3,11,37,2560,1,7362,6596,209,557,475,725,0.7027977705001831,0.5142701069513956,0.2030324241711904,2.217385768890381
41,L,e0fef893d26baae17a3e262951afad508996ae16f2f43fe107136aa1982b97d3,2,2,12,11,2560,1,7362,6596,209,557,975,1000,0.8946007192134857,0.926683376232783,0.1462638560960203,3.7742419242858887
41,L,e0fef893d26baae17a3e262951afad508996ae16f2f43fe107136aa1982b97d3,2,2,12,23,2560,1,7362,6596,209,557,850,1000,0.8026837855577469,0.8319250444571177,0.16993338995536778,3.358008623123169
41,L,e0fef893d26baae17a3e262951afad508996ae16f2f43fe107136aa1982b97d3,2,2,12,37,2560,1,7362,6596,209,557,900,1000,0.8606541156768799,0.8710097471872965,0.15138829899397335,3.424139976501465
41,L,e0fef893d26baae17a3e262951afad508996ae16f2f43fe107136aa1982b97d3,2,3,13,11,2560,1,7362,6596,209,557,925,1000,0.7722986936569214,0.7631033658981323,0.2742985662517381,2.8400096893310547
41,L,e0fef893d26baae17a3e262951afad508996ae16f2f43fe107136aa1982b97d3,2,3,13,23,2560,1,7362,6596,209,557,950,1000,0.779192678630352,0.7857583661874136,0.2789801489900854,2.9891374111175537
41,L,e0fef893d26baae17a3e262951afad508996ae16f2f43fe107136aa1982b97d3,2,3,13,37,2560,1,7362,6596,209,557,675,925,0.7497476786375046,0.5929325719674429,0.27680311933147184,2.2878835201263428
41,L,e0fef893d26baae17a3e262951afad508996ae16f2f43fe107136aa1982b97d3,2,3,14,11,2560,1,7362,6596,209,557,1000,1000,0.9816175699234009,0.9252192378044128,0.3657187228393195,5.153241157531738
41,L,e0fef893d26baae17a3e262951afad508996ae16f2f43fe107136aa1982b97d3,2,3,14,23,2560,1,7362,6596,209,557,1000,1000,0.998631477355957,0.8726629018783569,0.3267288537932488,5.041162490844727
41,L,e0fef893d26baae17a3e262951afad508996ae16f2f43fe107136aa1982b97d3,2,3,14,37,2560,1,7362,6596,209,557,925,1000,0.9642171859741211,0.9667304158210754,0.3408997172413713,4.497159481048584
41,L,e0fef893d26baae17a3e262951afad508996ae16f2f43fe107136aa1982b97d3,2,4,15,11,2560,1,7362,6596,209,557,975,1000,0.8486407548189163,0.612169106801351,0.34956872282869766,4.503660678863525
41,L,e0fef893d26baae17a3e262951afad508996ae16f2f43fe107136aa1982b97d3,2,4,15,23,2560,1,7362,6596,209,557,975,1000,0.8873696327209473,-0.1297252575556437,0.8497167057676458,4.2234721183776855
41,L,e0fef893d26baae17a3e262951afad508996ae16f2f43fe107136aa1982b97d3,2,4,15,37,2560,1,7362,6596,209,557,875,1000,0.8465878888964653,0.5645029495159785,0.4273759582631776,4.3736982345581055
41,L,e0fef893d26baae17a3e262951afad508996ae16f2f43fe107136aa1982b97d3,3,1,1,11,2560,1,7362,6596,209,557,875,1000,0.724327564239502,0.8247314691543579,0.46688015471304994,2.753683567047119
41,L,e0fef893d26baae17a3e262951afad508996ae16f2f43fe107136aa1982b97d3,3,1,1,23,2560,1,7362,6596,209,557,950,1000,0.7635318785905838,0.9284733533859253,0.43486370085776826,3.0326809883117676
41,L,e0fef893d26baae17a3e262951afad508996ae16f2f43fe107136aa1982b97d3,3,1,1,37,2560,1,7362,6596,209,557,975,1000,0.6948661804199219,0.7475409110387167,0.5103407310959099,2.8638434410095215
41,L,e0fef893d26baae17a3e262951afad508996ae16f2f43fe107136aa1982b97d3,3,1,2,11,2560,1,7362,6596,209,557,975,1000,1.0874956995248795,1.1426564852396648,0.45661447564954316,5.457391738891602
41,L,e0fef893d26baae17a3e262951afad508996ae16f2f43fe107136aa1982b97d3,3,1,2,23,2560,1,7362,6596,209,557,875,1000,1.1997915506362915,1.2417813936869304,0.44085079695013535,5.783912658691406
41,L,e0fef893d26baae17a3e262951afad508996ae16f2f43fe107136aa1982b97d3,3,1,2,37,2560,1,7362,6596,209,557,1000,1000,1.2094253301620483,1.2683813174565632,0.45381087505072704,6.259660243988037
41,L,e0fef893d26baae17a3e262951afad508996ae16f2f43fe107136aa1982b97d3,3,2,3,11,2560,1,7362,6596,209,557,675,925,0.7823172807693481,0.4600449800491333,0.7985188843945636,2.925189256668091
41,L,e0fef893d26baae17a3e262951afad508996ae16f2f43fe107136aa1982b97d3,3,2,3,23,2560,1,7362,6596,209,557,900,1000,0.829420804977417,0.4489296277364095,0.907131774624244,3.5826945304870605
41,L,e0fef893d26baae17a3e262951afad508996ae16f2f43fe107136aa1982b97d3,3,2,3,37,2560,1,7362,6596,209,557,900,1000,0.8309866935014725,0.7072798411051432,0.3341565967130901,3.3183341026306152
41,L,e0fef893d26baae17a3e262951afad508996ae16f2f43fe107136aa1982b97d3,3,1,4,11,2560,1,7362,6596,209,557,950,1000,1.1032457500696182,1.0273679494857788,0.23244167961709736,4.311871528625488
41,L,e0fef893d26baae17a3e262951afad508996ae16f2f43fe107136aa1982b97d3,3,1,4,23,2560,1,7362,6596,209,557,950,1000,1.1887699216604233,1.1411796013514202,0.241979453331572,4.521562099456787
41,L,e0fef893d26baae17a3e262951afad508996ae16f2f43fe107136aa1982b97d3,3,1,4,37,2560,1,7362,6596,209,557,925,1000,1.1189080327749252,0.7476410369078318,0.5634721746154048,4.696939468383789
41,L,e0fef893d26baae17a3e262951afad508996ae16f2f43fe107136aa1982b97d3,3,2,5,11,2560,1,7362,6596,209,557,950,1000,0.7564697191119194,0.7263836065928141,0.4023311498892397,2.538727045059204
41,L,e0fef893d26baae17a3e262951afad508996ae16f2f43fe107136aa1982b97d3,3,2,5,23,2560,1,7362,6596,209,557,950,1000,0.7396916151046753,0.7529967923959097,0.32885463582126717,2.4064829349517822
41,L,e0fef893d26baae17a3e262951afad508996ae16f2f43fe107136aa1982b97d3,3,2,5,37,2560,1,7362,6596,209,557,975,1000,0.7037224769592285,0.719934731721878,0.3474552930819343,2.524874687194824
41,L,e0fef893d26baae17a3e262951afad508996ae16f2f43fe107136aa1982b97d3,3,2,6,11,2560,1,7362,6596,209,557,950,1000,0.9955668449401855,1.0878098408381145,0.45928135291962685,4.361281871795654
41,L,e0fef893d26baae17a3e262951afad508996ae16f2f43fe107136aa1982b97d3,3,2,6,23,2560,1,7362,6596,209,557,950,1000,0.9788231924176216,1.015902837117513,0.44868652630097916,4.779473304748535
41,L,e0fef893d26baae17a3e262951afad508996ae16f2f43fe107136aa1982b97d3,3,2,6,37,2560,1,7362,6596,209,557,800,1000,1.004185438156128,0.9840039610862732,0.423407589751236,4.262258529663086
41,L,e0fef893d26baae17a3e262951afad508996ae16f2f43fe107136aa1982b97d3,3,3,7,11,2560,1,7362,6596,209,557,1000,1000,0.7831799909472466,0.40591656665007275,0.6424404107627082,3.5016491413116455
41,L,e0fef893d26baae17a3e262951afad508996ae16f2f43fe107136aa1982b97d3,3,3,7,23,2560,1,7362,6596,209,557,750,1000,0.737359531223774,0.6068444202343622,0.3541822483080897,3.1218085289001465
41,L,e0fef893d26baae17a3e262951afad508996ae16f2f43fe107136aa1982b97d3,3,3,7,37,2560,1,7362,6596,209,557,950,1000,0.7679756432771683,0.5608905504147211,0.44214193612218655,3.4301724433898926
41,L,e0fef893d26baae17a3e262951afad508996ae16f2f43fe107136aa1982b97d3,3,1,8,11,2560,1,7362,6596,209,557,900,1000,0.9437587261199951,0.9334489901860555,0.21645570590555138,3.832714080810547
41,L,e0fef893d26baae17a3e262951afad508996ae16f2f43fe107136aa1982b97d3,3,1,8,23,2560,1,7362,6596,209,557,1000,1000,0.9168238639831543,0.929659366607666,0.1596105871323527,4.118637561798096
41,L,e0fef893d26baae17a3e262951afad508996ae16f2f43fe107136aa1982b97d3,3,1,8,37,2560,1,7362,6596,209,557,900,1000,0.916034460067749,0.9307277599970499,0.1694398633025899,3.711298942565918
41,L,e0fef893d26baae17a3e262951afad508996ae16f2f43fe107136aa1982b97d3,3,2,9,11,2560,1,7362,6596,209,557,925,1000,0.7769931107759476,0.8161227305730184,0.2574734802918764,3.3208563327789307
41,L,e0fef893d26baae17a3e262951afad508996ae16f2f43fe107136aa1982b97d3,3,2,9,23,2560,1,7362,6596,209,557,975,1000,0.7646485567092896,0.7963676005601883,0.2888035549872015,3.4133570194244385
41,L,e0fef893d26baae17a3e262951afad508996ae16f2f43fe107136aa1982b97d3,3,2,9,37,2560,1,7362,6596,209,557,950,1000,0.8480568826198578,0.8262338240941366,0.27459809888572734,3.297485828399658
41,L,e0fef893d26baae17a3e262951afad508996ae16f2f43fe107136aa1982b97d3,3,2,10,11,2560,1,7362,6596,209,557,950,1000,1.1631557792425156,0.857765793800354,0.4715252614911368,4.1954345703125
41,L,e0fef893d26baae17a3e262951afad508996ae16f2f43fe107136aa1982b97d3,3,2,10,23,2560,1,7362,6596,209,557,925,1000,1.068468563258648,1.0436876267194748,0.31208053958110504,4.516890525817871
41,L,e0fef893d26baae17a3e262951afad508996ae16f2f43fe107136aa1982b97d3,3,2,10,37,2560,1,7362,6596,209,557,875,1000,1.145074501633644,0.9418129175901413,0.33157170052911095,4.797492504119873
41,L,e0fef893d26baae17a3e262951afad508996ae16f2f43fe107136aa1982b97d3,3,3,11,11,2560,1,7362,6596,209,557,950,1000,1.027735359966755,0.08801596363385518,0.779509210512327,3.8843178749084473
41,L,e0fef893d26baae17a3e262951afad508996ae16f2f43fe107136aa1982b97d3,3,3,11,23,2560,1,7362,6596,209,557,975,1000,1.018291488289833,-0.34808481733004254,1.697731710342815,3.948556661605835
41,L,e0fef893d26baae17a3e262951afad508996ae16f2f43fe107136aa1982b97d3,3,3,11,37,2560,1,7362,6596,209,557,925,1000,0.9965514987707138,0.04184273878733317,1.134201860484743,3.581871271133423
41,L,e0fef893d26baae17a3e262951afad508996ae16f2f43fe107136aa1982b97d3,3,2,12,11,2560,1,7362,6596,209,557,900,1000,0.8802156448364258,0.8672358194986979,0.2998285386166369,3.7232143878936768
41,L,e0fef893d26baae17a3e262951afad508996ae16f2f43fe107136aa1982b97d3,3,2,12,23,2560,1,7362,6596,209,557,900,1000,0.9013139009475708,0.9626539051532745,0.16637431008486644,3.928007125854492
41,L,e0fef893d26baae17a3e262951afad508996ae16f2f43fe107136aa1982b97d3,3,2,12,37,2560,1,7362,6596,209,557,900,1000,0.9673733413219452,1.0421159267425537,0.16687550166251136,4.099839687347412
41,L,e0fef893d26baae17a3e262951afad508996ae16f2f43fe107136aa1982b97d3,3,3,13,11,2560,1,7362,6596,209,557,950,1000,0.8186836242675781,0.6870271364847819,0.28182476275766366,2.849822998046875
41,L,e0fef893d26baae17a3e262951afad508996ae16f2f43fe107136aa1982b97d3,3,3,13,23,2560,1,7362,6596,209,557,925,1000,0.7797349691390991,0.6989399592081705,0.26888007769967803,2.8610219955444336
41,L,e0fef893d26baae17a3e262951afad508996ae16f2f43fe107136aa1982b97d3,3,3,13,37,2560,1,7362,6596,209,557,975,1000,0.7441449612379074,0.6831776599089304,0.2616531769068956,2.8127095699310303
41,L,e0fef893d26baae17a3e262951afad508996ae16f2f43fe107136aa1982b97d3,3,3,14,11,2560,1,7362,6596,209,557,950,1000,0.9796115159988403,1.059380571047465,0.35241400089749747,4.577637195587158
41,L,e0fef893d26baae17a3e262951afad508996ae16f2f43fe107136aa1982b97d3,3,3,14,23,2560,1,7362,6596,209,557,1000,1000,1.0138382986187935,1.0653619716564815,0.3948497516401976,5.162999153137207
41,L,e0fef893d26baae17a3e262951afad508996ae16f2f43fe107136aa1982b97d3,3,3,14,37,2560,1,7362,6596,209,557,950,1000,0.9374217912554741,1.0313869913419087,0.3316976422519583,4.718379974365234
41,L,e0fef893d26baae17a3e262951afad508996ae16f2f43fe107136aa1982b97d3,3,4,15,11,2560,1,7362,6596,209,557,1000,1000,0.790442943572998,0.4605770508448283,0.4522623530418744,4.780129909515381
41,L,e0fef893d26baae17a3e262951afad508996ae16f2f43fe107136aa1982b97d3,3,4,15,23,2560,1,7362,6596,209,557,975,1000,0.9396820068359375,0.48771074910958606,0.5513009748109192,4.372081279754639
41,L,e0fef893d26baae17a3e262951afad508996ae16f2f43fe107136aa1982b97d3,3,4,15,37,2560,1,7362,6596,209,557,900,1000,0.8504952192306519,0.6586239784955978,0.26336998590968236,4.283217906951904
41,L,e0fef893d26baae17a3e262951afad508996ae16f2f43fe107136aa1982b97d3,4,1,1,11,2560,1,7362,6596,209,557,875,1000,0.7624322921037674,0.8605817556381226,0.4937722658747598,2.8682785034179688
41,L,e0fef893d26baae17a3e262951afad508996ae16f2f43fe107136aa1982b97d3,4,1,1,23,2560,1,7362,6596,209,557,950,1000,0.7409032136201859,0.8887457450230917,0.425464263195307,2.948610782623291
41,L,e0fef893d26baae17a3e262951afad508996ae16f2f43fe107136aa1982b97d3,4,1,1,37,2560,1,7362,6596,209,557,875,1000,0.7376243323087692,0.8583312431971232,0.3748167954342955,2.7748074531555176
41,L,e0fef893d26baae17a3e262951afad508996ae16f2f43fe107136aa1982b97d3,4,1,2,11,2560,1,7362,6596,209,557,1000,1000,1.110806941986084,1.164891541004181,0.48538971158639005,5.385756969451904
41,L,e0fef893d26baae17a3e262951afad508996ae16f2f43fe107136aa1982b97d3,4,1,2,23,2560,1,7362,6596,209,557,800,1000,1.0664607286453247,1.1107861200968425,0.41180619202114255,4.899169921875
41,L,e0fef893d26baae17a3e262951afad508996ae16f2f43fe107136aa1982b97d3,4,1,2,37,2560,1,7362,6596,209,557,900,1000,1.1865354776382446,1.2141183614730835,0.4575986644721957,5.703673362731934
41,L,e0fef893d26baae17a3e262951afad508996ae16f2f43fe107136aa1982b97d3,4,2,3,11,2560,1,7362,6596,209,557,875,1000,0.8125138282775879,0.6010928948720297,0.6082891276310383,3.3303182125091553
41,L,e0fef893d26baae17a3e262951afad508996ae16f2f43fe107136aa1982b97d3,4,2,3,23,2560,1,7362,6596,209,557,900,1000,0.7868661433458328,0.2239653319120407,1.259295756195266,3.4950015544891357
41,L,e0fef893d26baae17a3e262951afad508996ae16f2f43fe107136aa1982b97d3,4,2,3,37,2560,1,7362,6596,209,557,925,1000,0.7836153507232666,0.5766579707463583,0.6030350673456313,3.360194206237793
41,L,e0fef893d26baae17a3e262951afad508996ae16f2f43fe107136aa1982b97d3,4,1,4,11,2560,1,7362,6596,209,557,950,1000,0.9853318929672241,0.8954631090164185,0.19169806284965568,3.9135241508483887
41,L,e0fef893d26baae17a3e262951afad508996ae16f2f43fe107136aa1982b97d3,4,1,4,23,2560,1,7362,6596,209,557,875,1000,0.9833842664957047,1.0207391778628032,0.2628549261739213,3.850090980529785
41,L,e0fef893d26baae17a3e262951afad508996ae16f2f43fe107136aa1982b97d3,4,1,4,37,2560,1,7362,6596,209,557,950,1000,0.985077828168869,1.0663270552953084,0.2447708080115646,4.079346179962158
41,L,e0fef893d26baae17a3e262951afad508996ae16f2f43fe107136aa1982b97d3,4,2,5,11,2560,1,7362,6596,209,557,900,1000,0.6881388872861862,0.6354416360457739,0.4014207713783516,2.3314576148986816
41,L,e0fef893d26baae17a3e262951afad508996ae16f2f43fe107136aa1982b97d3,4,2,5,23,2560,1,7362,6596,209,557,800,1000,0.7260000258684158,0.594048927227656,0.37191753171100006,1.9360454082489014
41,L,e0fef893d26baae17a3e262951afad508996ae16f2f43fe107136aa1982b97d3,4,2,5,37,2560,1,7362,6596,209,557,900,1000,0.6847014427185059,0.6531132459640503,0.3963920301272908,2.378965139389038
41,L,e0fef893d26baae17a3e262951afad508996ae16f2f43fe107136aa1982b97d3,4,2,6,11,2560,1,7362,6596,209,557,975,1000,0.9354032278060913,0.9550879498322805,0.4312199879687092,4.438933372497559
41,L,e0fef893d26baae17a3e262951afad508996ae16f2f43fe107136aa1982b97d3,4,2,6,23,2560,1,7362,6596,209,557,1000,1000,0.9332433864474297,0.9279971967140833,0.4233044348780412,4.724605560302734
41,L,e0fef893d26baae17a3e262951afad508996ae16f2f43fe107136aa1982b97d3,4,2,6,37,2560,1,7362,6596,209,557,925,1000,0.9770753681659698,0.9808481335639954,0.45874868008998626,4.614545822143555
41,L,e0fef893d26baae17a3e262951afad508996ae16f2f43fe107136aa1982b97d3,4,3,7,11,2560,1,7362,6596,209,557,825,1000,0.7418537139892578,0.5840260138114294,0.4769203142962479,3.0698399543762207
41,L,e0fef893d26baae17a3e262951afad508996ae16f2f43fe107136aa1982b97d3,4,3,7,23,2560,1,7362,6596,209,557,600,850,0.710350513458252,0.33618426819642383,0.7048050791344179,2.5710692405700684
41,L,e0fef893d26baae17a3e262951afad508996ae16f2f43fe107136aa1982b97d3,4,3,7,37,2560,1,7362,6596,209,557,975,1000,0.7562446668744087,0.4493682384490967,0.5268291294614305,3.236703395843506
41,L,e0fef893d26baae17a3e262951afad508996ae16f2f43fe107136aa1982b97d3,4,1,8,11,2560,1,7362,6596,209,557,1000,1000,1.1607941389083862,1.1154996951421101,0.22267413763492286,4.812544345855713
41,L,e0fef893d26baae17a3e262951afad508996ae16f2f43fe107136aa1982b97d3,4,1,8,23,2560,1,7362,6596,209,557,975,1000,1.0524626970291138,1.1017968555291493,0.1636126317756131,4.419126510620117
41,L,e0fef893d26baae17a3e262951afad508996ae16f2f43fe107136aa1982b97d3,4,1,8,37,2560,1,7362,6596,209,557,900,1000,0.9970319271087646,1.0596349239349365,0.2080021689536949,3.676750659942627
41,L,e0fef893d26baae17a3e262951afad508996ae16f2f43fe107136aa1982b97d3,4,2,9,11,2560,1,7362,6596,209,557,775,1000,0.8281393349170685,0.6456900934378306,0.27404895889860464,2.6870334148406982
41,L,e0fef893d26baae17a3e262951afad508996ae16f2f43fe107136aa1982b97d3,4,2,9,23,2560,1,7362,6596,209,557,925,1000,0.7628891170024872,0.7987618843714396,0.28636636595788645,3.28885555267334
41,L,e0fef893d26baae17a3e262951afad508996ae16f2f43fe107136aa1982b97d3,4,2,9,37,2560,1,7362,6596,209,557,800,1000,0.7632772624492645,0.8344650665918986,0.2648338246005679,3.2048797607421875
41,L,e0fef893d26baae17a3e262951afad508996ae16f2f43fe107136aa1982b97d3,4,2,10,11,2560,1,7362,6596,209,557,975,1000,1.2467326074838638,0.8634337385495504,0.6241496715872527,4.848724842071533
41,L,e0fef893d26baae17a3e262951afad508996ae16f2f43fe107136aa1982b97d3,4,2,10,23,2560,1,7362,6596,209,557,925,1000,1.1802878379821777,0.9826189627250036,0.34345091042764503,4.792726993560791
41,L,e0fef893d26baae17a3e262951afad508996ae16f2f43fe107136aa1982b97d3,4,2,10,37,2560,1,7362,6596,209,557,925,1000,1.207398071885109,1.0931379795074463,0.38849231410324153,5.100678443908691
41,L,e0fef893d26baae17a3e262951afad508996ae16f2f43fe107136aa1982b97d3,4,3,11,11,2560,1,7362,6596,209,557,625,875,0.8586916923522949,0.36417823533217114,0.38778270275291515,3.0875320434570312
41,L,e0fef893d26baae17a3e262951afad508996ae16f2f43fe107136aa1982b97d3,4,3,11,23,2560,1,7362,6596,209,557,1000,1000,0.9608113765716553,-0.1952716118345658,1.2221850408996484,4.198273181915283
41,L,e0fef893d26baae17a3e262951afad508996ae16f2f43fe107136aa1982b97d3,4,3,11,37,2560,1,7362,6596,209,557,825,1000,0.9249546527862549,-0.1454160213470459,1.2416236921109687,3.328810214996338
41,L,e0fef893d26baae17a3e262951afad508996ae16f2f43fe107136aa1982b97d3,4,2,12,11,2560,1,7362,6596,209,557,850,1000,0.8659661933779716,0.9592822790145874,0.2182657256093181,3.783493995666504
41,L,e0fef893d26baae17a3e262951afad508996ae16f2f43fe107136aa1982b97d3,4,2,12,23,2560,1,7362,6596,209,557,925,1000,0.9267956912517548,1.0081238945325215,0.20990254694807375,4.247512340545654
41,L,e0fef893d26baae17a3e262951afad508996ae16f2f43fe107136aa1982b97d3,4,2,12,37,2560,1,7362,6596,209,557,800,1000,0.9105069935321808,1.0064040819803874,0.24126381990530615,3.6990816593170166
41,L,e0fef893d26baae17a3e262951afad508996ae16f2f43fe107136aa1982b97d3,4,3,13,11,2560,1,7362,6596,209,557,1000,1000,0.7564109638333321,0.7491399794816971,0.2819284717844575,2.820148229598999
41,L,e0fef893d26baae17a3e262951afad508996ae16f2f43fe107136aa1982b97d3,4,3,13,23,2560,1,7362,6596,209,557,775,1000,0.7453556060791016,0.648370772600174,0.31293158661536563,2.47019100189209
41,L,e0fef893d26baae17a3e262951afad508996ae16f2f43fe107136aa1982b97d3,4,3,13,37,2560,1,7362,6596,209,557,975,1000,0.7309956550598145,0.5675900131464005,0.26113348095748445,2.6995046138763428
41,L,e0fef893d26baae17a3e262951afad508996ae16f2f43fe107136aa1982b97d3,4,3,14,11,2560,1,7362,6596,209,557,950,1000,1.0338896363973618,1.062473197778066,0.3621691479430511,4.721817970275879
41,L,e0fef893d26baae17a3e262951afad508996ae16f2f43fe107136aa1982b97d3,4,3,14,23,2560,1,7362,6596,209,557,1000,1000,1.0335133150219917,0.9783192674318949,0.33440335088927925,5.034248352050781
41,L,e0fef893d26baae17a3e262951afad508996ae16f2f43fe107136aa1982b97d3,4,3,14,37,2560,1,7362,6596,209,557,950,1000,1.0278302431106567,0.9875166217486063,0.3281458358648831,4.722470283508301
41,L,e0fef893d26baae17a3e262951afad508996ae16f2f43fe107136aa1982b97d3,4,4,15,11,2560,1,7362,6596,209,557,1000,1000,0.8109498098492622,0.6081833864251772,0.36977444039096263,4.383907794952393
41,L,e0fef893d26baae17a3e262951afad508996ae16f2f43fe107136aa1982b97d3,4,4,15,23,2560,1,7362,6596,209,557,650,900,0.7593875005841255,0.5945979754130045,0.22255278612464408,3.2512588500976562
41,L,e0fef893d26baae17a3e262951afad508996ae16f2f43fe107136aa1982b97d3,4,4,15,37,2560,1,7362,6596,209,557,1000,1000,0.8306140452623367,0.6169044176737467,0.635674409792315,4.854207992553711
41,L,e0fef893d26baae17a3e262951afad508996ae16f2f43fe107136aa1982b97d3,5,1,1,11,2560,1,7362,6596,209,557,975,1000,0.7192523032426834,0.7331272264321645,0.4351332622212165,2.8452374935150146
41,L,e0fef893d26baae17a3e262951afad508996ae16f2f43fe107136aa1982b97d3,5,1,1,23,2560,1,7362,6596,209,557,950,1000,0.8053009510040283,0.8812590837478638,0.4955245260883108,3.031435966491699
41,L,e0fef893d26baae17a3e262951afad508996ae16f2f43fe107136aa1982b97d3,5,1,1,37,2560,1,7362,6596,209,557,875,1000,0.7372806072235107,0.8215365012486776,0.3790266914580776,2.677100658416748
41,L,e0fef893d26baae17a3e262951afad508996ae16f2f43fe107136aa1982b97d3,5,1,2,11,2560,1,7362,6596,209,557,1000,1000,1.1495137214660645,1.2574503024419148,0.4740580427522765,5.327384948730469
41,L,e0fef893d26baae17a3e262951afad508996ae16f2f43fe107136aa1982b97d3,5,1,2,23,2560,1,7362,6596,209,557,1000,1000,1.0549651384353638,1.099283476670583,0.48048071693240074,5.701266765594482
41,L,e0fef893d26baae17a3e262951afad508996ae16f2f43fe107136aa1982b97d3,5,1,2,37,2560,1,7362,6596,209,557,1000,1000,1.1921253204345703,1.2141156196594238,0.41466440124971327,5.9727277755737305
41,L,e0fef893d26baae17a3e262951afad508996ae16f2f43fe107136aa1982b97d3,5,2,3,11,2560,1,7362,6596,209,557,975,1000,0.8106759041547775,0.760148823261261,0.3147923042248837,3.4340767860412598
41,L,e0fef893d26baae17a3e262951afad508996ae16f2f43fe107136aa1982b97d3,5,2,3,23,2560,1,7362,6596,209,557,1000,1000,0.8221324607729912,0.6413954595724741,0.46685839239969684,3.5703463554382324
41,L,e0fef893d26baae17a3e262951afad508996ae16f2f43fe107136aa1982b97d3,5,2,3,37,2560,1,7362,6596,209,557,1000,1000,0.8067511767148972,0.15171927213668823,1.6039180247414948,3.772740364074707
41,L,e0fef893d26baae17a3e262951afad508996ae16f2f43fe107136aa1982b97d3,5,1,4,11,2560,1,7362,6596,209,557,975,1000,1.0132635831832886,0.17470300197601318,1.0805474105792865,4.531835079193115
41,L,e0fef893d26baae17a3e262951afad508996ae16f2f43fe107136aa1982b97d3,5,1,4,23,2560,1,7362,6596,209,557,1000,1000,0.9684806764125824,1.052814245223999,0.2437931305707154,4.448225975036621
41,L,e0fef893d26baae17a3e262951afad508996ae16f2f43fe107136aa1982b97d3,5,1,4,37,2560,1,7362,6596,209,557,975,1000,1.0783214569091797,1.0529212554295857,0.19013777303507165,4.480500221252441
41,L,e0fef893d26baae17a3e262951afad508996ae16f2f43fe107136aa1982b97d3,5,2,5,11,2560,1,7362,6596,209,557,975,1000,0.7484090775251389,0.6802819569905599,0.36391596591386277,2.607357978820801
41,L,e0fef893d26baae17a3e262951afad508996ae16f2f43fe107136aa1982b97d3,5,2,5,23,2560,1,7362,6596,209,557,1000,1000,0.6997766941785812,0.668599953254064,0.36920030989879976,2.525916337966919
41,L,e0fef893d26baae17a3e262951afad508996ae16f2f43fe107136aa1982b97d3,5,2,5,37,2560,1,7362,6596,209,557,975,1000,0.7132718488574028,0.6319803694883982,0.3376100338802298,2.378896951675415
41,L,e0fef893d26baae17a3e262951afad508996ae16f2f43fe107136aa1982b97d3,5,2,6,11,2560,1,7362,6596,209,557,875,1000,0.9194306209683418,0.9257147759199142,0.4745087249306339,4.05838680267334
41,L,e0fef893d26baae17a3e262951afad508996ae16f2f43fe107136aa1982b97d3,5,2,6,23,2560,1,7362,6596,209,557,700,950,0.8658043071627617,0.8996041218439738,0.4443878887132841,3.526869297027588
41,L,e0fef893d26baae17a3e262951afad508996ae16f2f43fe107136aa1982b97d3,5,2,6,37,2560,1,7362,6596,209,557,950,1000,0.8691235780715942,0.9564998348553976,0.4569663340820039,4.119688034057617
41,L,e0fef893d26baae17a3e262951afad508996ae16f2f43fe107136aa1982b97d3,5,3,7,11,2560,1,7362,6596,209,557,950,1000,0.7266223356127739,0.7100356221199036,0.3297952509463719,3.277094602584839
41,L,e0fef893d26baae17a3e262951afad508996ae16f2f43fe107136aa1982b97d3,5,3,7,23,2560,1,7362,6596,209,557,775,1000,0.7611155435442924,0.5133326848347982,0.6129655294157635,2.8595528602600098
41,L,e0fef893d26baae17a3e262951afad508996ae16f2f43fe107136aa1982b97d3,5,3,7,37,2560,1,7362,6596,209,557,800,1000,0.7479194402694702,0.25562790036201477,0.7993841841311065,2.815716505050659
41,L,e0fef893d26baae17a3e262951afad508996ae16f2f43fe107136aa1982b97d3,5,1,8,11,2560,1,7362,6596,209,557,975,1000,0.9855599403381348,0.9764018853505453,0.15188694540550465,4.348299980163574
41,L,e0fef893d26baae17a3e262951afad508996ae16f2f43fe107136aa1982b97d3,5,1,8,23,2560,1,7362,6596,209,557,975,1000,1.1292942762374878,1.1017868916193645,0.21451193833722218,4.7754974365234375
41,L,e0fef893d26baae17a3e262951afad508996ae16f2f43fe107136aa1982b97d3,5,1,8,37,2560,1,7362,6596,209,557,925,1000,1.100438117980957,1.122764269510905,0.1837314926454291,4.464317321777344
41,L,e0fef893d26baae17a3e262951afad508996ae16f2f43fe107136aa1982b97d3,5,2,9,11,2560,1,7362,6596,209,557,875,1000,0.8597719371318817,0.8889929056167603,0.28978035350270664,3.284855365753174
41,L,e0fef893d26baae17a3e262951afad508996ae16f2f43fe107136aa1982b97d3,5,2,9,23,2560,1,7362,6596,209,557,925,1000,0.858023889362812,0.8050611019134521,0.26977387859796187,3.559429883956909
41,L,e0fef893d26baae17a3e262951afad508996ae16f2f43fe107136aa1982b97d3,5,2,9,37,2560,1,7362,6596,209,557,950,1000,0.7545503377914429,0.6855489810307821,0.31835780820454174,3.3608601093292236
41,L,e0fef893d26baae17a3e262951afad508996ae16f2f43fe107136aa1982b97d3,5,2,10,11,2560,1,7362,6596,209,557,925,1000,1.166585311293602,1.0523463487625122,0.3451826767719963,4.665406227111816
41,L,e0fef893d26baae17a3e262951afad508996ae16f2f43fe107136aa1982b97d3,5,2,10,23,2560,1,7362,6596,209,557,1000,1000,1.093442440032959,1.0260272373755772,0.297912847878481,5.169031620025635
41,L,e0fef893d26baae17a3e262951afad508996ae16f2f43fe107136aa1982b97d3,5,2,10,37,2560,1,7362,6596,209,557,800,1000,1.0913718938827515,0.8579729000727335,0.5104378486914637,4.284541130065918
41,L,e0fef893d26baae17a3e262951afad508996ae16f2f43fe107136aa1982b97d3,5,3,11,11,2560,1,7362,6596,209,557,1000,1000,0.9076379239559174,0.06101825833320618,1.1800225433479243,4.009920597076416
41,L,e0fef893d26baae17a3e262951afad508996ae16f2f43fe107136aa1982b97d3,5,3,11,23,2560,1,7362,6596,209,557,950,1000,1.0170298740267754,0.18567180633544922,0.8141582614737425,4.051517486572266
41,L,e0fef893d26baae17a3e262951afad508996ae16f2f43fe107136aa1982b97d3,5,3,11,37,2560,1,7362,6596,209,557,600,850,0.8422740697860718,0.5253298679987589,0.39395114139250154,2.890848159790039
41,L,e0fef893d26baae17a3e262951afad508996ae16f2f43fe107136aa1982b97d3,5,2,12,11,2560,1,7362,6596,209,557,825,1000,0.8760686665773392,0.8269296089808146,0.1447412681102236,3.981907367706299
41,L,e0fef893d26baae17a3e262951afad508996ae16f2f43fe107136aa1982b97d3,5,2,12,23,2560,1,7362,6596,209,557,925,1000,0.9683781564235687,1.0833487113316853,0.24152032678811325,4.376986503601074
41,L,e0fef893d26baae17a3e262951afad508996ae16f2f43fe107136aa1982b97d3,5,2,12,37,2560,1,7362,6596,209,557,875,1000,0.8570231199264526,0.9940376480420431,0.1560871094689274,4.191066741943359
41,L,e0fef893d26baae17a3e262951afad508996ae16f2f43fe107136aa1982b97d3,5,3,13,11,2560,1,7362,6596,209,557,1000,1000,0.7695073336362839,0.7375124345223109,0.31344539050571213,2.9934935569763184
41,L,e0fef893d26baae17a3e262951afad508996ae16f2f43fe107136aa1982b97d3,5,3,13,23,2560,1,7362,6596,209,557,625,875,0.7123972102999687,0.6830308338006338,0.27942267434347745,2.319377899169922
41,L,e0fef893d26baae17a3e262951afad508996ae16f2f43fe107136aa1982b97d3,5,3,13,37,2560,1,7362,6596,209,557,1000,1000,0.7317485213279724,0.6562551259994507,0.26086192381525897,3.041454792022705
41,L,e0fef893d26baae17a3e262951afad508996ae16f2f43fe107136aa1982b97d3,5,3,14,11,2560,1,7362,6596,209,557,1000,1000,1.0944340229034424,1.0380674252907436,0.4170351960761348,5.244603633880615
41,L,e0fef893d26baae17a3e262951afad508996ae16f2f43fe107136aa1982b97d3,5,3,14,23,2560,1,7362,6596,209,557,975,1000,1.032625436782837,1.0350919117530186,0.3490635225885213,4.792328834533691
41,L,e0fef893d26baae17a3e262951afad508996ae16f2f43fe107136aa1982b97d3,5,3,14,37,2560,1,7362,6596,209,557,975,1000,1.004365548491478,0.8917036553223928,0.3694445543221227,5.045187473297119
41,L,e0fef893d26baae17a3e262951afad508996ae16f2f43fe107136aa1982b97d3,5,4,15,11,2560,1,7362,6596,209,557,975,1000,0.8457138538360596,0.19083170096079508,0.7249518987726733,4.288364887237549
41,L,e0fef893d26baae17a3e262951afad508996ae16f2f43fe107136aa1982b97d3,5,4,15,23,2560,1,7362,6596,209,557,825,1000,0.8545199558138847,0.5583950777848562,0.3074712266544949,4.25481653213501
41,L,e0fef893d26baae17a3e262951afad508996ae16f2f43fe107136aa1982b97d3,5,4,15,37,2560,1,7362,6596,209,557,950,1000,0.8728230893611908,0.495879868666331,0.39739940244980165,4.198240756988525
41,L,e0fef893d26baae17a3e262951afad508996ae16f2f43fe107136aa1982b97d3,6,1,1,11,2560,1,7362,6596,209,557,975,1000,0.769860029220581,0.7670654058456421,0.39769328612972366,3.375431537628174
41,L,e0fef893d26baae17a3e262951afad508996ae16f2f43fe107136aa1982b97d3,6,1,1,23,2560,1,7362,6596,209,557,850,1000,0.7439231127500534,0.8625832796096802,0.41918971620219575,2.9032278060913086
41,L,e0fef893d26baae17a3e262951afad508996ae16f2f43fe107136aa1982b97d3,6,1,1,37,2560,1,7362,6596,209,557,725,975,0.7717818021774292,0.8757617870966593,0.42226852944035964,2.590599536895752
41,L,e0fef893d26baae17a3e262951afad508996ae16f2f43fe107136aa1982b97d3,6,1,2,11,2560,1,7362,6596,209,557,950,1000,1.146150827407837,1.1435965696970622,0.4391164159066205,5.572383880615234
41,L,e0fef893d26baae17a3e262951afad508996ae16f2f43fe107136aa1982b97d3,6,1,2,23,2560,1,7362,6596,209,557,825,1000,1.1133651733398438,1.1133464773495991,0.4284711653295904,5.3835577964782715
41,L,e0fef893d26baae17a3e262951afad508996ae16f2f43fe107136aa1982b97d3,6,1,2,37,2560,1,7362,6596,209,557,975,1000,1.1025186777114868,1.1960385243097942,0.44801762123170613,5.409148693084717
41,L,e0fef893d26baae17a3e262951afad508996ae16f2f43fe107136aa1982b97d3,6,2,3,11,2560,1,7362,6596,209,557,950,1000,0.8487241268157959,0.6055015424887339,0.5913468606773822,3.590085744857788
41,L,e0fef893d26baae17a3e262951afad508996ae16f2f43fe107136aa1982b97d3,6,2,3,23,2560,1,7362,6596,209,557,900,1000,0.8344920948147774,0.4584361712137858,0.8649392573768049,3.401973009109497
41,L,e0fef893d26baae17a3e262951afad508996ae16f2f43fe107136aa1982b97d3,6,2,3,37,2560,1,7362,6596,209,557,900,1000,0.8486379384994507,0.7758500973383585,0.32489792472896345,3.8100621700286865
41,L,e0fef893d26baae17a3e262951afad508996ae16f2f43fe107136aa1982b97d3,6,1,4,11,2560,1,7362,6596,209,557,825,1000,1.027093157172203,0.932244877020518,0.42402697752224094,4.031169414520264
41,L,e0fef893d26baae17a3e262951afad508996ae16f2f43fe107136aa1982b97d3,6,1,4,23,2560,1,7362,6596,209,557,950,1000,1.0982657670974731,0.97203262646993,0.2624741051320674,4.659780502319336
41,L,e0fef893d26baae17a3e262951afad508996ae16f2f43fe107136aa1982b97d3,6,1,4,37,2560,1,7362,6596,209,557,850,1000,1.095833659172058,0.997785727183024,0.310576020299196,4.561787128448486
41,L,e0fef893d26baae17a3e262951afad508996ae16f2f43fe107136aa1982b97d3,6,2,5,11,2560,1,7362,6596,209,557,900,1000,0.7491712644696236,0.7224454085032145,0.3882510156752264,2.5510826110839844
41,L,e0fef893d26baae17a3e262951afad508996ae16f2f43fe107136aa1982b97d3,6,2,5,23,2560,1,7362,6596,209,557,925,1000,0.7263349741697311,0.6832733452320099,0.3884144930450105,2.4669530391693115
41,L,e0fef893d26baae17a3e262951afad508996ae16f2f43fe107136aa1982b97d3,6,2,5,37,2560,1,7362,6596,209,557,950,1000,0.774782344698906,0.6935341656208038,0.35708402375834936,2.5044760704040527
41,L,e0fef893d26baae17a3e262951afad508996ae16f2f43fe107136aa1982b97d3,6,2,6,11,2560,1,7362,6596,209,557,925,1000,0.8866634294390678,1.019619459907214,0.4513776966349133,4.350914478302002
41,L,e0fef893d26baae17a3e262951afad508996ae16f2f43fe107136aa1982b97d3,6,2,6,23,2560,1,7362,6596,209,557,975,1000,0.9227654933929443,0.915729875365893,0.4348714849584617,4.786946773529053
41,L,e0fef893d26baae17a3e262951afad508996ae16f2f43fe107136aa1982b97d3,6,2,6,37,2560,1,7362,6596,209,557,925,1000,0.986365333199501,1.0133018096288045,0.4561018973486834,4.463255882263184
41,L,e0fef893d26baae17a3e262951afad508996ae16f2f43fe107136aa1982b97d3,6,3,7,11,2560,1,7362,6596,209,557,950,1000,0.7395490407943726,0.6782188614209493,0.35914045906609154,3.2924373149871826
41,L,e0fef893d26baae17a3e262951afad508996ae16f2f43fe107136aa1982b97d3,6,3,7,23,2560,1,7362,6596,209,557,925,1000,0.811534121632576,0.5712526639302572,0.4877304398531124,3.3872902393341064
41,L,e0fef893d26baae17a3e262951afad508996ae16f2f43fe107136aa1982b97d3,6,3,7,37,2560,1,7362,6596,209,557,975,1000,0.7888516113162041,0.5880789756774902,0.5059223106503976,3.124629020690918
41,L,e0fef893d26baae17a3e262951afad508996ae16f2f43fe107136aa1982b97d3,6,1,8,11,2560,1,7362,6596,209,557,1000,1000,1.0920920372009277,1.1701955795288086,0.24284929469508004,4.649374961853027
41,L,e0fef893d26baae17a3e262951afad508996ae16f2f43fe107136aa1982b97d3,6,1,8,23,2560,1,7362,6596,209,557,700,950,1.0367375612258911,1.045158584912618,0.1636895935018308,3.762308120727539
41,L,e0fef893d26baae17a3e262951afad508996ae16f2f43fe107136aa1982b97d3,6,1,8,37,2560,1,7362,6596,209,557,850,1000,1.1191599369049072,1.1060872475306194,0.19667631723679538,4.491472244262695
41,L,e0fef893d26baae17a3e262951afad508996ae16f2f43fe107136aa1982b97d3,6,2,9,11,2560,1,7362,6596,209,557,900,1000,0.8066726624965668,0.8531113068262736,0.2782550826704973,3.464482069015503
41,L,e0fef893d26baae17a3e262951afad508996ae16f2f43fe107136aa1982b97d3,6,2,9,23,2560,1,7362,6596,209,557,700,950,0.7923638820648193,0.8217190106709799,0.2620054822564731,2.722834825515747
41,L,e0fef893d26baae17a3e262951afad508996ae16f2f43fe107136aa1982b97d3,6,2,9,37,2560,1,7362,6596,209,557,1000,1000,0.7465254962444305,0.8605048259099325,0.2886177868189739,3.843015193939209
41,L,e0fef893d26baae17a3e262951afad508996ae16f2f43fe107136aa1982b97d3,6,2,10,11,2560,1,7362,6596,209,557,925,1000,1.1659215837717056,1.0865892668565114,0.3394907580006676,4.688807010650635
41,L,e0fef893d26baae17a3e262951afad508996ae16f2f43fe107136aa1982b97d3,6,2,10,23,2560,1,7362,6596,209,557,925,1000,1.158498875796795,1.0930917710065842,0.36830565865194015,4.904074192047119
41,L,e0fef893d26baae17a3e262951afad508996ae16f2f43fe107136aa1982b97d3,6,2,10,37,2560,1,7362,6596,209,557,750,1000,1.06743586063385,1.0280101299285889,0.299293383907906,4.081085205078125
41,L,e0fef893d26baae17a3e262951afad508996ae16f2f43fe107136aa1982b97d3,6,3,11,11,2560,1,7362,6596,209,557,975,1000,0.9592081308364868,0.4013804843028386,0.5070937171880109,3.898589611053467
41,L,e0fef893d26baae17a3e262951afad508996ae16f2f43fe107136aa1982b97d3,6,3,11,23,2560,1,7362,6596,209,557,800,1000,0.9110444486141205,0.5481608510017395,0.4562107020513192,3.8597543239593506
41,L,e0fef893d26baae17a3e262951afad508996ae16f2f43fe107136aa1982b97d3,6,3,11,37,2560,1,7362,6596,209,557,925,1000,0.9457050561904907,0.40239623188972473,0.45636993948708215,3.864764451980591
41,L,e0fef893d26baae17a3e262951afad508996ae16f2f43fe107136aa1982b97d3,6,2,12,11,2560,1,7362,6596,209,557,1000,1000,1.0338805615901947,1.1176311274369557,0.17925067993806032,4.612929821014404
41,L,e0fef893d26baae17a3e262951afad508996ae16f2f43fe107136aa1982b97d3,6,2,12,23,2560,1,7362,6596,209,557,925,1000,0.9753769934177399,0.989634116490682,0.17381444806371255,4.870884418487549
41,L,e0fef893d26baae17a3e262951afad508996ae16f2f43fe107136aa1982b97d3,6,2,12,37,2560,1,7362,6596,209,557,800,1000,0.9946922063827515,1.042089621225993,0.20839511797261576,3.9399287700653076
41,L,e0fef893d26baae17a3e262951afad508996ae16f2f43fe107136aa1982b97d3,6,3,13,11,2560,1,7362,6596,209,557,900,1000,0.7936777994036674,0.6902995506922404,0.2993621006097326,2.7990851402282715
41,L,e0fef893d26baae17a3e262951afad508996ae16f2f43fe107136aa1982b97d3,6,3,13,23,2560,1,7362,6596,209,557,1000,1000,0.8269685506820679,0.800597662727038,0.28455921270502404,3.0809082984924316
41,L,e0fef893d26baae17a3e262951afad508996ae16f2f43fe107136aa1982b97d3,6,3,13,37,2560,1,7362,6596,209,557,975,1000,0.728401780128479,0.621608684460322,0.2975079597210323,3.1338775157928467
41,L,e0fef893d26baae17a3e262951afad508996ae16f2f43fe107136aa1982b97d3,6,3,14,11,2560,1,7362,6596,209,557,950,1000,1.0146602392196655,1.0534004767735798,0.3769145807104339,5.049485683441162
41,L,e0fef893d26baae17a3e262951afad508996ae16f2f43fe107136aa1982b97d3,6,3,14,23,2560,1,7362,6596,209,557,975,1000,1.0474796444177628,1.0986427515745163,0.3545536468662001,5.038677215576172
41,L,e0fef893d26baae17a3e262951afad508996ae16f2f43fe107136aa1982b97d3,6,3,14,37,2560,1,7362,6596,209,557,950,1000,1.040565013885498,1.0517709056536357,0.31786019886860156,5.054920196533203
41,L,e0fef893d26baae17a3e262951afad508996ae16f2f43fe107136aa1982b97d3,6,4,15,11,2560,1,7362,6596,209,557,975,1000,0.8627231866121292,0.5927969391147295,0.3158293856895113,4.226819038391113
41,L,e0fef893d26baae17a3e262951afad508996ae16f2f43fe107136aa1982b97d3,6,4,15,23,2560,1,7362,6596,209,557,725,975,0.794391319155693,0.5934375301003456,0.287943814933837,3.5533981323242188
41,L,e0fef893d26baae17a3e262951afad508996ae16f2f43fe107136aa1982b97d3,6,4,15,37,2560,1,7362,6596,209,557,900,1000,0.7582572773098946,0.6149929165840149,0.39316616408105326,4.030813694000244
41,L,e0fef893d26baae17a3e262951afad508996ae16f2f43fe107136aa1982b97d3,7,1,1,11,2560,1,7362,6596,209,557,975,1000,0.7439628839492798,0.782745877901713,0.38306652035741057,2.895768642425537
41,L,e0fef893d26baae17a3e262951afad508996ae16f2f43fe107136aa1982b97d3,7,1,1,23,2560,1,7362,6596,209,557,950,1000,0.81134133040905,0.9691579739252726,0.454238458487808,3.2708191871643066
41,L,e0fef893d26baae17a3e262951afad508996ae16f2f43fe107136aa1982b97d3,7,1,1,37,2560,1,7362,6596,209,557,875,1000,0.8660337924957275,0.9059336185455322,0.42276006018338663,2.9860267639160156
41,L,e0fef893d26baae17a3e262951afad508996ae16f2f43fe107136aa1982b97d3,7,1,2,11,2560,1,7362,6596,209,557,925,1000,1.1108795404434204,1.2267536222934723,0.476353588283037,5.661562919616699
41,L,e0fef893d26baae17a3e262951afad508996ae16f2f43fe107136aa1982b97d3,7,1,2,23,2560,1,7362,6596,209,557,925,1000,1.132778748869896,1.2742248475551605,0.4659979135938077,5.7826642990112305
41,L,e0fef893d26baae17a3e262951afad508996ae16f2f43fe107136aa1982b97d3,7,1,2,37,2560,1,7362,6596,209,557,900,1000,1.2295280694961548,1.2040107250213623,0.4758953411769226,6.301557540893555
41,L,e0fef893d26baae17a3e262951afad508996ae16f2f43fe107136aa1982b97d3,7,2,3,11,2560,1,7362,6596,209,557,1000,1000,0.8938808366656303,0.8388817608356476,0.3528338105690645,3.7466769218444824
41,L,e0fef893d26baae17a3e262951afad508996ae16f2f43fe107136aa1982b97d3,7,2,3,23,2560,1,7362,6596,209,557,950,1000,0.8435864895582199,0.22861472765604654,1.4192781503125549,3.5060181617736816
41,L,e0fef893d26baae17a3e262951afad508996ae16f2f43fe107136aa1982b97d3,7,2,3,37,2560,1,7362,6596,209,557,975,1000,0.8326044082641602,0.7355324427286783,0.45332038789707463,3.938183307647705
41,L,e0fef893d26baae17a3e262951afad508996ae16f2f43fe107136aa1982b97d3,7,1,4,11,2560,1,7362,6596,209,557,900,1000,1.033882051706314,0.8951398134231567,0.3456274488979691,4.575438499450684
41,L,e0fef893d26baae17a3e262951afad508996ae16f2f43fe107136aa1982b97d3,7,1,4,23,2560,1,7362,6596,209,557,900,1000,1.0721827894449234,1.1436343987782795,0.24602544319846084,4.166048049926758
41,L,e0fef893d26baae17a3e262951afad508996ae16f2f43fe107136aa1982b97d3,7,1,4,37,2560,1,7362,6596,209,557,975,1000,1.0735859870910645,0.9595183928807577,0.5608446235533348,4.98893928527832
41,L,e0fef893d26baae17a3e262951afad508996ae16f2f43fe107136aa1982b97d3,7,2,5,11,2560,1,7362,6596,209,557,950,1000,0.7477500289678574,0.7371068298816681,0.4290319264254291,2.8561854362487793
41,L,e0fef893d26baae17a3e262951afad508996ae16f2f43fe107136aa1982b97d3,7,2,5,23,2560,1,7362,6596,209,557,650,900,0.7173476964235306,0.6116442928711573,0.37502558604590247,2.064598321914673
41,L,e0fef893d26baae17a3e262951afad508996ae16f2f43fe107136aa1982b97d3,7,2,5,37,2560,1,7362,6596,209,557,975,1000,0.7602242231369019,0.7579006850719452,0.3871302531023376,2.6556503772735596
41,L,e0fef893d26baae17a3e262951afad508996ae16f2f43fe107136aa1982b97d3,7,2,6,11,2560,1,7362,6596,209,557,900,1000,0.9571031033992767,1.0091169079144795,0.4241807834491624,4.580105304718018
41,L,e0fef893d26baae17a3e262951afad508996ae16f2f43fe107136aa1982b97d3,7,2,6,23,2560,1,7362,6596,209,557,1000,1000,1.043074131011963,1.01358300447464,0.44977867506117486,5.091280937194824
41,L,e0fef893d26baae17a3e262951afad508996ae16f2f43fe107136aa1982b97d3,7,2,6,37,2560,1,7362,6596,209,557,900,1000,0.9175078868865967,1.0463732481002808,0.4458644325576529,4.1395063400268555
41,L,e0fef893d26baae17a3e262951afad508996ae16f2f43fe107136aa1982b97d3,7,3,7,11,2560,1,7362,6596,209,557,875,1000,0.8151217773556709,0.3797274778286616,0.671506435509118,3.147953510284424
41,L,e0fef893d26baae17a3e262951afad508996ae16f2f43fe107136aa1982b97d3,7,3,7,23,2560,1,7362,6596,209,557,925,1000,0.813083503395319,0.6165089209874471,0.561924329743011,3.255855083465576
41,L,e0fef893d26baae17a3e262951afad508996ae16f2f43fe107136aa1982b97d3,7,3,7,37,2560,1,7362,6596,209,557,800,1000,0.7858452051877975,0.1808414856592814,0.9531821367263797,2.9848990440368652
41,L,e0fef893d26baae17a3e262951afad508996ae16f2f43fe107136aa1982b97d3,7,1,8,11,2560,1,7362,6596,209,557,975,1000,1.042959451675415,1.0378892819086711,0.21656166958742554,4.526347637176514
41,L,e0fef893d26baae17a3e262951afad508996ae16f2f43fe107136aa1982b97d3,7,1,8,23,2560,1,7362,6596,209,557,925,1000,1.1060631424188614,1.0918668905893962,0.22206637758861694,4.863580703735352
41,L,e0fef893d26baae17a3e262951afad508996ae16f2f43fe107136aa1982b97d3,7,1,8,37,2560,1,7362,6596,209,557,875,1000,1.0206269025802612,1.0979607899983723,0.15058931152651367,4.383856773376465
41,L,e0fef893d26baae17a3e262951afad508996ae16f2f43fe107136aa1982b97d3,7,2,9,11,2560,1,7362,6596,209,557,900,1000,0.8914800882339478,0.8845588763554891,0.2585214505873729,3.442962169647217
41,L,e0fef893d26baae17a3e262951afad508996ae16f2f43fe107136aa1982b97d3,7,2,9,23,2560,1,7362,6596,209,557,900,1000,0.7347049713134766,0.766803428530693,0.279079580688341,3.1495020389556885
41,L,e0fef893d26baae17a3e262951afad508996ae16f2f43fe107136aa1982b97d3,7,2,9,37,2560,1,7362,6596,209,557,1000,1000,0.7831398546695709,0.8518648544947306,0.29804040674785637,3.716557741165161
41,L,e0fef893d26baae17a3e262951afad508996ae16f2f43fe107136aa1982b97d3,7,2,10,11,2560,1,7362,6596,209,557,950,1000,1.069381132721901,0.8309490283330282,0.5446371080345469,5.119247913360596
41,L,e0fef893d26baae17a3e262951afad508996ae16f2f43fe107136aa1982b97d3,7,2,10,23,2560,1,7362,6596,209,557,975,1000,1.212946891784668,1.1468313932418823,0.30063298523636806,5.00856351852417
41,L,e0fef893d26baae17a3e262951afad508996ae16f2f43fe107136aa1982b97d3,7,2,10,37,2560,1,7362,6596,209,557,850,1000,1.0712412595748901,0.9550395806630453,0.3206308685399197,4.768511772155762
41,L,e0fef893d26baae17a3e262951afad508996ae16f2f43fe107136aa1982b97d3,7,3,11,11,2560,1,7362,6596,209,557,1000,1000,1.01125168800354,0.29994093875090283,0.9834760322991545,3.965327024459839
41,L,e0fef893d26baae17a3e262951afad508996ae16f2f43fe107136aa1982b97d3,7,3,11,23,2560,1,7362,6596,209,557,950,1000,1.1366533041000366,-0.22066893180211386,1.0948555905362363,4.238234519958496
41,L,e0fef893d26baae17a3e262951afad508996ae16f2f43fe107136aa1982b97d3,7,3,11,37,2560,1,7362,6596,209,557,900,1000,0.780180886387825,0.40970245997111004,0.4773104809197871,3.8422691822052
41,L,e0fef893d26baae17a3e262951afad508996ae16f2f43fe107136aa1982b97d3,7,2,12,11,2560,1,7362,6596,209,557,950,1000,0.8836671561002731,1.0386881828308105,0.11459504743332603,4.486338138580322
41,L,e0fef893d26baae17a3e262951afad508996ae16f2f43fe107136aa1982b97d3,7,2,12,23,2560,1,7362,6596,209,557,775,1000,0.8819879591464996,0.9464132785797119,0.1479896080303743,3.9404399394989014
41,L,e0fef893d26baae17a3e262951afad508996ae16f2f43fe107136aa1982b97d3,7,2,12,37,2560,1,7362,6596,209,557,875,1000,0.9331244230270386,1.0784348249435425,0.16900511968985707,4.518742084503174
41,L,e0fef893d26baae17a3e262951afad508996ae16f2f43fe107136aa1982b97d3,7,3,13,11,2560,1,7362,6596,209,557,1000,1000,0.7710342854261398,0.6293730239073435,0.27620591625077945,2.856506824493408
41,L,e0fef893d26baae17a3e262951afad508996ae16f2f43fe107136aa1982b97d3,7,3,13,23,2560,1,7362,6596,209,557,900,1000,0.6967831775546074,0.705184648434321,0.32138476249301706,2.8402488231658936
41,L,e0fef893d26baae17a3e262951afad508996ae16f2f43fe107136aa1982b97d3,7,3,13,37,2560,1,7362,6596,209,557,1000,1000,0.7328040301799774,0.7457005182902018,0.2980981106369754,3.430392265319824
41,L,e0fef893d26baae17a3e262951afad508996ae16f2f43fe107136aa1982b97d3,7,3,14,11,2560,1,7362,6596,209,557,675,925,0.9264899492263794,0.9767194390296936,0.3211155325239149,3.7694287300109863
41,L,e0fef893d26baae17a3e262951afad508996ae16f2f43fe107136aa1982b97d3,7,3,14,23,2560,1,7362,6596,209,557,975,1000,0.9848262146115303,1.0206089069445927,0.3545042235080932,4.928356170654297
41,L,e0fef893d26baae17a3e262951afad508996ae16f2f43fe107136aa1982b97d3,7,3,14,37,2560,1,7362,6596,209,557,1000,1000,1.0859385877847672,1.084739123781522,0.35220659603107624,5.283607006072998
41,L,e0fef893d26baae17a3e262951afad508996ae16f2f43fe107136aa1982b97d3,7,4,15,11,2560,1,7362,6596,209,557,875,1000,0.8635532855987549,0.5659496784210205,0.37039372833261214,3.905228614807129
41,L,e0fef893d26baae17a3e262951afad508996ae16f2f43fe107136aa1982b97d3,7,4,15,23,2560,1,7362,6596,209,557,975,1000,0.8163940906524658,0.628596305847168,0.42086711380627545,4.360895156860352
41,L,e0fef893d26baae17a3e262951afad508996ae16f2f43fe107136aa1982b97d3,7,4,15,37,2560,1,7362,6596,209,557,850,1000,0.7715850993990898,0.5784174650907516,0.3741167741313445,3.765962839126587
41,L,e0fef893d26baae17a3e262951afad508996ae16f2f43fe107136aa1982b97d3,8,1,1,11,2560,1,7362,6596,209,557,950,1000,0.7606596499681473,0.9046875635782877,0.4626225731210825,2.8405046463012695
41,L,e0fef893d26baae17a3e262951afad508996ae16f2f43fe107136aa1982b97d3,8,1,1,23,2560,1,7362,6596,209,557,1000,1000,0.7660568952560425,0.8631449143091837,0.4718913829957673,2.9444892406463623
41,L,e0fef893d26baae17a3e262951afad508996ae16f2f43fe107136aa1982b97d3,8,1,1,37,2560,1,7362,6596,209,557,650,900,0.6806051284074783,0.6685275634129842,0.42833066696066907,2.2827963829040527
41,L,e0fef893d26baae17a3e262951afad508996ae16f2f43fe107136aa1982b97d3,8,1,2,11,2560,1,7362,6596,209,557,775,1000,1.102538824081421,1.169217308362325,0.45949766791738567,4.939716815948486
41,L,e0fef893d26baae17a3e262951afad508996ae16f2f43fe107136aa1982b97d3,8,1,2,23,2560,1,7362,6596,209,557,900,1000,1.1491575241088867,1.2540936569372814,0.4484232523637224,5.429953098297119
41,L,e0fef893d26baae17a3e262951afad508996ae16f2f43fe107136aa1982b97d3,8,1,2,37,2560,1,7362,6596,209,557,925,1000,1.1498605012893677,1.2534298499425252,0.445546614192853,6.302797794342041
41,L,e0fef893d26baae17a3e262951afad508996ae16f2f43fe107136aa1982b97d3,8,2,3,11,2560,1,7362,6596,209,557,825,1000,0.8300704956054688,0.16784082849820456,0.9033667610755766,3.0470848083496094
41,L,e0fef893d26baae17a3e262951afad508996ae16f2f43fe107136aa1982b97d3,8,2,3,23,2560,1,7362,6596,209,557,900,1000,0.8935406133532524,0.4401304672161738,1.0074108569087334,3.972294807434082
41,L,e0fef893d26baae17a3e262951afad508996ae16f2f43fe107136aa1982b97d3,8,2,3,37,2560,1,7362,6596,209,557,950,1000,0.9339347928762436,0.5002978444099426,0.8926356807228999,4.14798641204834
41,L,e0fef893d26baae17a3e262951afad508996ae16f2f43fe107136aa1982b97d3,8,1,4,11,2560,1,7362,6596,209,557,975,1000,1.1212844848632812,-0.21947662035624185,1.6778114815900533,4.704775810241699
41,L,e0fef893d26baae17a3e262951afad508996ae16f2f43fe107136aa1982b97d3,8,1,4,23,2560,1,7362,6596,209,557,900,1000,1.0716023445129395,1.0814033448696136,0.22562640227991143,4.370668411254883
41,L,e0fef893d26baae17a3e262951afad508996ae16f2f43fe107136aa1982b97d3,8,1,4,37,2560,1,7362,6596,209,557,925,1000,0.9673396348953247,0.9678789377212524,0.30077074033775875,4.5460333824157715
41,L,e0fef893d26baae17a3e262951afad508996ae16f2f43fe107136aa1982b97d3,8,2,5,11,2560,1,7362,6596,209,557,975,1000,0.764264240860939,0.7351012726624807,0.43315466698774646,2.847456216812134
41,L,e0fef893d26baae17a3e262951afad508996ae16f2f43fe107136aa1982b97d3,8,2,5,23,2560,1,7362,6596,209,557,950,1000,0.8344657719135284,0.8148451248804728,0.3464974390557057,2.786250591278076
41,L,e0fef893d26baae17a3e262951afad508996ae16f2f43fe107136aa1982b97d3,8,2,5,37,2560,1,7362,6596,209,557,775,1000,0.7038319036364555,0.7163880318403244,0.3428607297784657,2.427377700805664
41,L,e0fef893d26baae17a3e262951afad508996ae16f2f43fe107136aa1982b97d3,8,2,6,11,2560,1,7362,6596,209,557,975,1000,1.0274193286895752,1.0968013803164165,0.4447299249460394,4.9768900871276855
41,L,e0fef893d26baae17a3e262951afad508996ae16f2f43fe107136aa1982b97d3,8,2,6,23,2560,1,7362,6596,209,557,1000,1000,0.9968694448471069,1.00278207163016,0.46400861381162245,5.019341468811035
41,L,e0fef893d26baae17a3e262951afad508996ae16f2f43fe107136aa1982b97d3,8,2,6,37,2560,1,7362,6596,209,557,1000,1000,0.9715622663497925,1.089068631331126,0.41151538949433586,5.001061916351318
41,L,e0fef893d26baae17a3e262951afad508996ae16f2f43fe107136aa1982b97d3,8,3,7,11,2560,1,7362,6596,209,557,825,1000,0.8358286917209625,0.7066168785095215,0.4094787295744261,3.30519437789917
41,L,e0fef893d26baae17a3e262951afad508996ae16f2f43fe107136aa1982b97d3,8,3,7,23,2560,1,7362,6596,209,557,950,1000,0.8572887182235718,0.6983882635831833,0.31244436862170294,3.642728567123413
41,L,e0fef893d26baae17a3e262951afad508996ae16f2f43fe107136aa1982b97d3,8,3,7,37,2560,1,7362,6596,209,557,975,1000,0.7363015413284302,0.4340413014094035,0.8388796013679354,3.5067899227142334
41,L,e0fef893d26baae17a3e262951afad508996ae16f2f43fe107136aa1982b97d3,8,1,8,11,2560,1,7362,6596,209,557,850,1000,0.9954863488674164,1.0724438428878784,0.18433895599208724,4.094025611877441
41,L,e0fef893d26baae17a3e262951afad508996ae16f2f43fe107136aa1982b97d3,8,1,8,23,2560,1,7362,6596,209,557,950,1000,1.1219048500061035,1.1008833646774292,0.16903038800646839,4.479596138000488
41,L,e0fef893d26baae17a3e262951afad508996ae16f2f43fe107136aa1982b97d3,8,1,8,37,2560,1,7362,6596,209,557,850,1000,1.0285279750823975,1.0965787967046101,0.20308309050245366,4.452634811401367
41,L,e0fef893d26baae17a3e262951afad508996ae16f2f43fe107136aa1982b97d3,8,2,9,11,2560,1,7362,6596,209,557,825,1000,0.8114370852708817,0.8429464101791382,0.3109870896680392,3.097912311553955
41,L,e0fef893d26baae17a3e262951afad508996ae16f2f43fe107136aa1982b97d3,8,2,9,23,2560,1,7362,6596,209,557,725,975,0.765626072883606,0.8023509979248047,0.23275473582988856,3.0382893085479736
41,L,e0fef893d26baae17a3e262951afad508996ae16f2f43fe107136aa1982b97d3,8,2,9,37,2560,1,7362,6596,209,557,825,1000,0.8900822401046753,0.9361128409703573,0.30024102706540473,3.3689401149749756
41,L,e0fef893d26baae17a3e262951afad508996ae16f2f43fe107136aa1982b97d3,8,2,10,11,2560,1,7362,6596,209,557,925,1000,1.2386927604675293,0.7566819190979004,0.7526713373978376,4.83225154876709
41,L,e0fef893d26baae17a3e262951afad508996ae16f2f43fe107136aa1982b97d3,8,2,10,23,2560,1,7362,6596,209,557,975,1000,1.0010033771395683,1.062145635485649,0.3498895944933531,4.6294097900390625
41,L,e0fef893d26baae17a3e262951afad508996ae16f2f43fe107136aa1982b97d3,8,2,10,37,2560,1,7362,6596,209,557,975,1000,1.173760175704956,1.0488093495368958,0.35154303531423053,5.139535427093506
41,L,e0fef893d26baae17a3e262951afad508996ae16f2f43fe107136aa1982b97d3,8,3,11,11,2560,1,7362,6596,209,557,1000,1000,0.9936278164386749,0.5304445003469785,0.3625089579788567,4.016866683959961
41,L,e0fef893d26baae17a3e262951afad508996ae16f2f43fe107136aa1982b97d3,8,3,11,23,2560,1,7362,6596,209,557,975,1000,1.0044625997543335,0.04912931223710378,1.402649853076787,4.192910671234131
41,L,e0fef893d26baae17a3e262951afad508996ae16f2f43fe107136aa1982b97d3,8,3,11,37,2560,1,7362,6596,209,557,950,1000,0.8412297666072845,0.34888339042663574,0.7631333775278576,3.9354286193847656
41,L,e0fef893d26baae17a3e262951afad508996ae16f2f43fe107136aa1982b97d3,8,2,12,11,2560,1,7362,6596,209,557,1000,1000,0.9139516353607178,1.0390137434005737,0.20586880665654417,4.503881931304932
41,L,e0fef893d26baae17a3e262951afad508996ae16f2f43fe107136aa1982b97d3,8,2,12,23,2560,1,7362,6596,209,557,825,1000,0.917866975069046,0.9757732252279917,0.16377270398724497,4.055076599121094
41,L,e0fef893d26baae17a3e262951afad508996ae16f2f43fe107136aa1982b97d3,8,2,12,37,2560,1,7362,6596,209,557,875,1000,0.9191863536834717,1.030669589837392,0.16819072383696249,4.2969746589660645
41,L,e0fef893d26baae17a3e262951afad508996ae16f2f43fe107136aa1982b97d3,8,3,13,11,2560,1,7362,6596,209,557,900,1000,0.7622205018997192,0.6707423031330109,0.3086434660796159,2.67488431930542
41,L,e0fef893d26baae17a3e262951afad508996ae16f2f43fe107136aa1982b97d3,8,3,13,23,2560,1,7362,6596,209,557,925,1000,0.7190358564257622,0.7573457509279251,0.2729788377862562,2.9382457733154297
41,L,e0fef893d26baae17a3e262951afad508996ae16f2f43fe107136aa1982b97d3,8,3,13,37,2560,1,7362,6596,209,557,900,1000,0.7721840143203735,0.722620278596878,0.28392129525153365,2.9997811317443848
41,L,e0fef893d26baae17a3e262951afad508996ae16f2f43fe107136aa1982b97d3,8,3,14,11,2560,1,7362,6596,209,557,975,1000,1.0371812582015991,1.0186988860368729,0.3747288546261856,5.029725551605225
41,L,e0fef893d26baae17a3e262951afad508996ae16f2f43fe107136aa1982b97d3,8,3,14,23,2560,1,7362,6596,209,557,850,1000,0.9855290800333023,0.8763733729720116,0.3840094622492896,4.687184810638428
41,L,e0fef893d26baae17a3e262951afad508996ae16f2f43fe107136aa1982b97d3,8,3,14,37,2560,1,7362,6596,209,557,975,1000,1.1226312965154648,0.9735235025485357,0.38598211074540717,4.897297382354736
41,L,e0fef893d26baae17a3e262951afad508996ae16f2f43fe107136aa1982b97d3,8,4,15,11,2560,1,7362,6596,209,557,975,1000,0.8802691698074341,0.12450854480266571,1.074405288790436,4.392082214355469
41,L,e0fef893d26baae17a3e262951afad508996ae16f2f43fe107136aa1982b97d3,8,4,15,23,2560,1,7362,6596,209,557,950,1000,0.8723311424255371,0.6648938159147898,0.3889510478000742,4.224884033203125
41,L,e0fef893d26baae17a3e262951afad508996ae16f2f43fe107136aa1982b97d3,8,4,15,37,2560,1,7362,6596,209,557,925,1000,0.8093181401491165,0.6144762436548868,0.32414453744854016,4.0909423828125
41,L,e0fef893d26baae17a3e262951afad508996ae16f2f43fe107136aa1982b97d3,9,1,1,11,2560,1,7362,6596,209,557,550,800,0.6715927124023438,0.7096805969874064,0.3882836513325747,1.8981101512908936
41,L,e0fef893d26baae17a3e262951afad508996ae16f2f43fe107136aa1982b97d3,9,1,1,23,2560,1,7362,6596,209,557,925,1000,0.7846889495849609,0.8759118318557739,0.5462196473873697,3.0436997413635254
41,L,e0fef893d26baae17a3e262951afad508996ae16f2f43fe107136aa1982b97d3,9,1,1,37,2560,1,7362,6596,209,557,875,1000,0.7109190225601196,0.7559837500254313,0.410886979290927,2.7749598026275635
41,L,e0fef893d26baae17a3e262951afad508996ae16f2f43fe107136aa1982b97d3,9,1,2,11,2560,1,7362,6596,209,557,875,1000,1.1507164388895035,1.189017415046692,0.46431317003671074,5.226256847381592
41,L,e0fef893d26baae17a3e262951afad508996ae16f2f43fe107136aa1982b97d3,9,1,2,23,2560,1,7362,6596,209,557,875,1000,1.13052536547184,1.2102502981821697,0.4696830935365811,5.581661224365234
41,L,e0fef893d26baae17a3e262951afad508996ae16f2f43fe107136aa1982b97d3,9,1,2,37,2560,1,7362,6596,209,557,925,1000,1.146494746208191,1.2714602947235107,0.49505402554914546,5.705899238586426
41,L,e0fef893d26baae17a3e262951afad508996ae16f2f43fe107136aa1982b97d3,9,2,3,11,2560,1,7362,6596,209,557,850,1000,0.9049699455499649,0.7769127289454142,0.4051396143984381,3.7316031455993652
41,L,e0fef893d26baae17a3e262951afad508996ae16f2f43fe107136aa1982b97d3,9,2,3,23,2560,1,7362,6596,209,557,900,1000,0.8684785291552544,0.04012233018875122,1.632951381905464,3.613311767578125
41,L,e0fef893d26baae17a3e262951afad508996ae16f2f43fe107136aa1982b97d3,9,2,3,37,2560,1,7362,6596,209,557,950,1000,0.862140104174614,0.8274470567703247,0.3319362951135071,3.631962299346924
41,L,e0fef893d26baae17a3e262951afad508996ae16f2f43fe107136aa1982b97d3,9,1,4,11,2560,1,7362,6596,209,557,875,1000,1.090495228767395,0.8920588493347168,0.4079546234412369,4.643949508666992
41,L,e0fef893d26baae17a3e262951afad508996ae16f2f43fe107136aa1982b97d3,9,1,4,23,2560,1,7362,6596,209,557,1000,1000,1.0611307621002197,1.0612309376398723,0.22971341069497275,4.678767681121826
41,L,e0fef893d26baae17a3e262951afad508996ae16f2f43fe107136aa1982b97d3,9,1,4,37,2560,1,7362,6596,209,557,975,1000,1.1599798202514648,1.1410879492759705,0.23480083710207683,4.659046173095703
41,L,e0fef893d26baae17a3e262951afad508996ae16f2f43fe107136aa1982b97d3,9,2,5,11,2560,1,7362,6596,209,557,750,1000,0.7684158161282539,0.597749282916387,0.32631875491076356,2.3292157649993896
41,L,e0fef893d26baae17a3e262951afad508996ae16f2f43fe107136aa1982b97d3,9,2,5,23,2560,1,7362,6596,209,557,925,1000,0.7484167814254761,0.7992895444234213,0.38963226794074857,2.9325594902038574
41,L,e0fef893d26baae17a3e262951afad508996ae16f2f43fe107136aa1982b97d3,9,2,5,37,2560,1,7362,6596,209,557,675,925,0.7385186403989792,0.6838274796803793,0.3547576883772796,2.181156635284424
41,L,e0fef893d26baae17a3e262951afad508996ae16f2f43fe107136aa1982b97d3,9,2,6,11,2560,1,7362,6596,209,557,900,1000,0.977297306060791,1.03194655974706,0.4487413584911931,4.53806734085083
41,L,e0fef893d26baae17a3e262951afad508996ae16f2f43fe107136aa1982b97d3,9,2,6,23,2560,1,7362,6596,209,557,1000,1000,1.0239224433898926,1.050111969312032,0.451647847455286,5.178467273712158
41,L,e0fef893d26baae17a3e262951afad508996ae16f2f43fe107136aa1982b97d3,9,2,6,37,2560,1,7362,6596,209,557,925,1000,1.0383246093988419,1.0482691923777263,0.4481996105921099,4.518404960632324
41,L,e0fef893d26baae17a3e262951afad508996ae16f2f43fe107136aa1982b97d3,9,3,7,11,2560,1,7362,6596,209,557,825,1000,0.8212777674198151,0.6858367497722307,0.3431960983570136,3.0792667865753174
41,L,e0fef893d26baae17a3e262951afad508996ae16f2f43fe107136aa1982b97d3,9,3,7,23,2560,1,7362,6596,209,557,950,1000,0.8729428052902222,0.6986137231191,0.3158897142870917,3.6174368858337402
41,L,e0fef893d26baae17a3e262951afad508996ae16f2f43fe107136aa1982b97d3,9,3,7,37,2560,1,7362,6596,209,557,975,1000,0.7904260158538818,0.6730515360832214,0.4743050548254817,3.425123691558838
41,L,e0fef893d26baae17a3e262951afad508996ae16f2f43fe107136aa1982b97d3,9,1,8,11,2560,1,7362,6596,209,557,975,1000,1.1628891229629517,1.115288496017456,0.19496961243298572,4.753924369812012
41,L,e0fef893d26baae17a3e262951afad508996ae16f2f43fe107136aa1982b97d3,9,1,8,23,2560,1,7362,6596,209,557,975,1000,1.1271876096725464,1.1385977665583293,0.16717761387755767,4.621580600738525
41,L,e0fef893d26baae17a3e262951afad508996ae16f2f43fe107136aa1982b97d3,9,1,8,37,2560,1,7362,6596,209,557,925,1000,1.118773102760315,1.1294069687525432,0.15113521981179537,4.642859935760498
41,L,e0fef893d26baae17a3e262951afad508996ae16f2f43fe107136aa1982b97d3,9,2,9,11,2560,1,7362,6596,209,557,1000,1000,0.8355704843997955,0.9328303734461466,0.30255155108131393,3.624105930328369
41,L,e0fef893d26baae17a3e262951afad508996ae16f2f43fe107136aa1982b97d3,9,2,9,23,2560,1,7362,6596,209,557,925,1000,0.7677605450153351,0.7658696174621582,0.28876976631177126,3.593416452407837
41,L,e0fef893d26baae17a3e262951afad508996ae16f2f43fe107136aa1982b97d3,9,2,9,37,2560,1,7362,6596,209,557,800,1000,0.7761963605880737,0.8365142742792765,0.29137196097868306,3.223245143890381
41,L,e0fef893d26baae17a3e262951afad508996ae16f2f43fe107136aa1982b97d3,9,2,10,11,2560,1,7362,6596,209,557,925,1000,1.280560240149498,0.8885149359703064,0.6902343276667764,5.301823139190674
41,L,e0fef893d26baae17a3e262951afad508996ae16f2f43fe107136aa1982b97d3,9,2,10,23,2560,1,7362,6596,209,557,825,1000,1.1453849151730537,1.0157163093487422,0.335676153178802,4.846918106079102
41,L,e0fef893d26baae17a3e262951afad508996ae16f2f43fe107136aa1982b97d3,9,2,10,37,2560,1,7362,6596,209,557,975,1000,1.2372629642486572,1.1735113561153412,0.3460847454712056,5.135664939880371
41,L,e0fef893d26baae17a3e262951afad508996ae16f2f43fe107136aa1982b97d3,9,3,11,11,2560,1,7362,6596,209,557,1000,1000,1.0690555647015572,0.15988879402478537,1.1624583721270665,4.534199237823486
41,L,e0fef893d26baae17a3e262951afad508996ae16f2f43fe107136aa1982b97d3,9,3,11,23,2560,1,7362,6596,209,557,950,1000,0.9602952897548676,0.6557892560958862,0.27593850356126726,3.8877859115600586
41,L,e0fef893d26baae17a3e262951afad508996ae16f2f43fe107136aa1982b97d3,9,3,11,37,2560,1,7362,6596,209,557,900,1000,0.9139327853918076,0.6255815525849661,0.45089002537995126,4.1772661209106445
41,L,e0fef893d26baae17a3e262951afad508996ae16f2f43fe107136aa1982b97d3,9,2,12,11,2560,1,7362,6596,209,557,975,1000,0.9781219661235809,1.1621335744857788,0.2458201744049741,4.4961957931518555
41,L,e0fef893d26baae17a3e262951afad508996ae16f2f43fe107136aa1982b97d3,9,2,12,23,2560,1,7362,6596,209,557,650,900,0.8217416554689407,0.9857149124145508,0.17841403764939684,3.376410484313965
41,L,e0fef893d26baae17a3e262951afad508996ae16f2f43fe107136aa1982b97d3,9,2,12,37,2560,1,7362,6596,209,557,925,1000,0.9790103137493134,0.9580054680506388,0.3045929107930811,4.557938575744629
41,L,e0fef893d26baae17a3e262951afad508996ae16f2f43fe107136aa1982b97d3,9,3,13,11,2560,1,7362,6596,209,557,700,950,0.715271532535553,0.5960668623447418,0.2878500149251944,2.353318691253662
41,L,e0fef893d26baae17a3e262951afad508996ae16f2f43fe107136aa1982b97d3,9,3,13,23,2560,1,7362,6596,209,557,950,1000,0.8120164424180984,0.6188994670907656,0.308366024362864,3.07887864112854
41,L,e0fef893d26baae17a3e262951afad508996ae16f2f43fe107136aa1982b97d3,9,3,13,37,2560,1,7362,6596,209,557,900,1000,0.8086527585983276,0.8085438708464304,0.2790828957042937,3.1429455280303955
41,L,e0fef893d26baae17a3e262951afad508996ae16f2f43fe107136aa1982b97d3,9,3,14,11,2560,1,7362,6596,209,557,1000,1000,1.0616730451583862,0.9885362585385641,0.4152874297772664,5.716342449188232
41,L,e0fef893d26baae17a3e262951afad508996ae16f2f43fe107136aa1982b97d3,9,3,14,23,2560,1,7362,6596,209,557,975,1000,1.0959103107452393,1.1366026401519775,0.3487499137057745,5.445148468017578
41,L,e0fef893d26baae17a3e262951afad508996ae16f2f43fe107136aa1982b97d3,9,3,14,37,2560,1,7362,6596,209,557,975,1000,1.0256243795156479,1.0390331794818242,0.4109737247738217,5.115072250366211
41,L,e0fef893d26baae17a3e262951afad508996ae16f2f43fe107136aa1982b97d3,9,4,15,11,2560,1,7362,6596,209,557,975,1000,0.9351059198379517,0.29663563271363574,0.917559426300237,4.446681022644043
41,L,e0fef893d26baae17a3e262951afad508996ae16f2f43fe107136aa1982b97d3,9,4,15,23,2560,1,7362,6596,209,557,875,1000,0.9790394157171249,0.3931448459625244,0.6712919145283447,4.168715476989746
41,L,e0fef893d26baae17a3e262951afad508996ae16f2f43fe107136aa1982b97d3,9,4,15,37,2560,1,7362,6596,209,557,550,800,0.7479817420244217,0.2785450915495555,0.7090573702399883,2.7508888244628906
41,L,e0fef893d26baae17a3e262951afad508996ae16f2f43fe107136aa1982b97d3,10,1,1,11,2560,1,7362,6596,209,557,1000,1000,0.7880793809890747,0.8670138120651245,0.4603394041060792,3.002026081085205
41,L,e0fef893d26baae17a3e262951afad508996ae16f2f43fe107136aa1982b97d3,10,1,1,23,2560,1,7362,6596,209,557,850,1000,0.7359839677810669,0.7854012250900269,0.4343659787476878,2.705260992050171
41,L,e0fef893d26baae17a3e262951afad508996ae16f2f43fe107136aa1982b97d3,10,1,1,37,2560,1,7362,6596,209,557,975,1000,0.8872122764587402,0.9105823834737142,0.498118457416067,3.236372470855713
41,L,e0fef893d26baae17a3e262951afad508996ae16f2f43fe107136aa1982b97d3,10,1,2,11,2560,1,7362,6596,209,557,1000,1000,1.1467326879501343,1.1891072789827983,0.514757194481523,6.103862762451172
41,L,e0fef893d26baae17a3e262951afad508996ae16f2f43fe107136aa1982b97d3,10,1,2,23,2560,1,7362,6596,209,557,875,1000,1.2273750305175781,1.2147103150685628,0.47267067145162167,5.87623405456543
41,L,e0fef893d26baae17a3e262951afad508996ae16f2f43fe107136aa1982b97d3,10,1,2,37,2560,1,7362,6596,209,557,850,1000,1.075054407119751,1.0608803431193035,0.40972043396659397,5.402544975280762
41,L,e0fef893d26baae17a3e262951afad508996ae16f2f43fe107136aa1982b97d3,10,2,3,11,2560,1,7362,6596,209,557,975,1000,0.9165352880954742,0.8541618684927622,0.3844164666033237,4.077785968780518
41,L,e0fef893d26baae17a3e262951afad508996ae16f2f43fe107136aa1982b97d3,10,2,3,23,2560,1,7362,6596,209,557,950,1000,0.8746840208768845,0.8206538756688436,0.3056865448507759,3.693146228790283
41,L,e0fef893d26baae17a3e262951afad508996ae16f2f43fe107136aa1982b97d3,10,2,3,37,2560,1,7362,6596,209,557,900,1000,0.8414137363433838,0.7336545785268148,0.5383532092613094,3.878021478652954
41,L,e0fef893d26baae17a3e262951afad508996ae16f2f43fe107136aa1982b97d3,10,1,4,11,2560,1,7362,6596,209,557,800,1000,1.0748894065618515,0.6359957059224447,0.6196408874583412,4.215163707733154
41,L,e0fef893d26baae17a3e262951afad508996ae16f2f43fe107136aa1982b97d3,10,1,4,23,2560,1,7362,6596,209,557,1000,1000,1.0896795988082886,1.000881512959798,0.37076164342597256,4.5717573165893555
41,L,e0fef893d26baae17a3e262951afad508996ae16f2f43fe107136aa1982b97d3,10,1,4,37,2560,1,7362,6596,209,557,975,1000,1.095886453986168,1.0736501812934875,0.2551864571187622,4.835110664367676
41,L,e0fef893d26baae17a3e262951afad508996ae16f2f43fe107136aa1982b97d3,10,2,5,11,2560,1,7362,6596,209,557,950,1000,0.8401848152279854,0.8190053304036459,0.4026245985436872,3.1038637161254883
41,L,e0fef893d26baae17a3e262951afad508996ae16f2f43fe107136aa1982b97d3,10,2,5,23,2560,1,7362,6596,209,557,850,1000,0.821816474199295,0.8057242631912231,0.4061356523687578,2.9366321563720703
41,L,e0fef893d26baae17a3e262951afad508996ae16f2f43fe107136aa1982b97d3,10,2,5,37,2560,1,7362,6596,209,557,950,1000,0.8561452627182007,0.7724570433298746,0.34915899090037655,3.1267426013946533
41,L,e0fef893d26baae17a3e262951afad508996ae16f2f43fe107136aa1982b97d3,10,2,6,11,2560,1,7362,6596,209,557,1000,1000,1.007311463356018,1.035688042640686,0.45937221181538457,5.247164249420166
41,L,e0fef893d26baae17a3e262951afad508996ae16f2f43fe107136aa1982b97d3,10,2,6,23,2560,1,7362,6596,209,557,1000,1000,1.0461397022008896,1.106827696164449,0.42620696723877055,5.361096382141113
41,L,e0fef893d26baae17a3e262951afad508996ae16f2f43fe107136aa1982b97d3,10,2,6,37,2560,1,7362,6596,209,557,900,1000,1.0919683128595352,1.159994125366211,0.47948194867891497,4.749833106994629
41,L,e0fef893d26baae17a3e262951afad508996ae16f2f43fe107136aa1982b97d3,10,3,7,11,2560,1,7362,6596,209,557,950,1000,0.8539351150393486,0.6965169310569763,0.36545206452075724,3.6227846145629883
41,L,e0fef893d26baae17a3e262951afad508996ae16f2f43fe107136aa1982b97d3,10,3,7,23,2560,1,7362,6596,209,557,900,1000,0.8303627967834473,0.764907126625379,0.3537241243494166,3.393441677093506
41,L,e0fef893d26baae17a3e262951afad508996ae16f2f43fe107136aa1982b97d3,10,3,7,37,2560,1,7362,6596,209,557,1000,1000,0.843794196844101,0.08396138747533162,1.3310751341983247,3.9330148696899414
41,L,e0fef893d26baae17a3e262951afad508996ae16f2f43fe107136aa1982b97d3,10,1,8,11,2560,1,7362,6596,209,557,850,1000,1.1126738786697388,1.0956707398096721,0.1697376661046288,4.606186389923096
41,L,e0fef893d26baae17a3e262951afad508996ae16f2f43fe107136aa1982b97d3,10,1,8,23,2560,1,7362,6596,209,557,925,1000,1.0806828737258911,1.1760170459747314,0.21809672701836147,4.736685752868652
41,L,e0fef893d26baae17a3e262951afad508996ae16f2f43fe107136aa1982b97d3,10,1,8,37,2560,1,7362,6596,209,557,925,1000,1.0136185884475708,0.9636781215667725,0.15481623264734212,4.512091636657715
41,L,e0fef893d26baae17a3e262951afad508996ae16f2f43fe107136aa1982b97d3,10,2,9,11,2560,1,7362,6596,209,557,900,1000,0.8010410517454147,0.7604497224092484,0.2598769007692077,3.360375165939331
41,L,e0fef893d26baae17a3e262951afad508996ae16f2f43fe107136aa1982b97d3,10,2,9,23,2560,1,7362,6596,209,557,975,1000,0.7915707752108574,0.782888854543368,0.24195812773645128,3.1824967861175537
41,L,e0fef893d26baae17a3e262951afad508996ae16f2f43fe107136aa1982b97d3,10,2,9,37,2560,1,7362,6596,209,557,825,1000,0.7849149405956268,0.7747747500737509,0.24422147787660273,3.020693063735962
41,L,e0fef893d26baae17a3e262951afad508996ae16f2f43fe107136aa1982b97d3,10,2,10,11,2560,1,7362,6596,209,557,925,1000,1.2814327329397202,1.0181527336438496,0.40201753964486886,5.061710834503174
41,L,e0fef893d26baae17a3e262951afad508996ae16f2f43fe107136aa1982b97d3,10,2,10,23,2560,1,7362,6596,209,557,825,1000,1.1498289108276367,0.9565795759359995,0.42990079446031154,4.846238613128662
41,L,e0fef893d26baae17a3e262951afad508996ae16f2f43fe107136aa1982b97d3,10,2,10,37,2560,1,7362,6596,209,557,975,1000,1.1789163425564766,1.1282267620166142,0.3587149730362573,5.617547512054443
41,L,e0fef893d26baae17a3e262951afad508996ae16f2f43fe107136aa1982b97d3,10,3,11,11,2560,1,7362,6596,209,557,975,1000,1.0019713565707207,0.07960046331087749,0.9354124422765967,3.915123462677002
41,L,e0fef893d26baae17a3e262951afad508996ae16f2f43fe107136aa1982b97d3,10,3,11,23,2560,1,7362,6596,209,557,975,1000,0.981094241142273,-1.147716797888279,1.9286541703450317,4.045886993408203
41,L,e0fef893d26baae17a3e262951afad508996ae16f2f43fe107136aa1982b97d3,10,3,11,37,2560,1,7362,6596,209,557,900,1000,0.9543113857507706,0.503311018149058,0.5737195064698033,3.695028781890869
41,L,e0fef893d26baae17a3e262951afad508996ae16f2f43fe107136aa1982b97d3,10,2,12,11,2560,1,7362,6596,209,557,950,1000,0.9511012881994247,0.9941065907478333,0.15828073551124902,4.309736251831055
41,L,e0fef893d26baae17a3e262951afad508996ae16f2f43fe107136aa1982b97d3,10,2,12,23,2560,1,7362,6596,209,557,925,1000,0.9664047062397003,1.0618065198262532,0.19453769681702382,4.32956075668335
41,L,e0fef893d26baae17a3e262951afad508996ae16f2f43fe107136aa1982b97d3,10,2,12,37,2560,1,7362,6596,209,557,875,1000,0.9133652001619339,1.1172559261322021,0.15282057647490224,4.48362922668457
41,L,e0fef893d26baae17a3e262951afad508996ae16f2f43fe107136aa1982b97d3,10,3,13,11,2560,1,7362,6596,209,557,950,1000,0.834104984998703,0.7990825921297073,0.2597386906335071,3.240408182144165
41,L,e0fef893d26baae17a3e262951afad508996ae16f2f43fe107136aa1982b97d3,10,3,13,23,2560,1,7362,6596,209,557,950,1000,0.8098036125302315,0.7243715822696686,0.2789041819736863,3.235175371170044
41,L,e0fef893d26baae17a3e262951afad508996ae16f2f43fe107136aa1982b97d3,10,3,13,37,2560,1,7362,6596,209,557,900,1000,0.8053956031799316,0.8174327611923218,0.2836229534670538,3.2890677452087402
41,L,e0fef893d26baae17a3e262951afad508996ae16f2f43fe107136aa1982b97d3,10,3,14,11,2560,1,7362,6596,209,557,950,1000,1.0630967691540718,1.071920747558276,0.3769731489568991,5.265151500701904
41,L,e0fef893d26baae17a3e262951afad508996ae16f2f43fe107136aa1982b97d3,10,3,14,23,2560,1,7362,6596,209,557,900,1000,0.9739064052700996,1.0213720450798671,0.4350662295567424,5.060481071472168
41,L,e0fef893d26baae17a3e262951afad508996ae16f2f43fe107136aa1982b97d3,10,3,14,37,2560,1,7362,6596,209,557,975,1000,1.077226772904396,1.0276397864023845,0.4217477196439608,5.133455753326416
41,L,e0fef893d26baae17a3e262951afad508996ae16f2f43fe107136aa1982b97d3,10,4,15,11,2560,1,7362,6596,209,557,975,1000,0.9336608648300171,0.43067483107248944,0.6121598246127602,4.251039981842041
41,L,e0fef893d26baae17a3e262951afad508996ae16f2f43fe107136aa1982b97d3,10,4,15,23,2560,1,7362,6596,209,557,975,1000,0.9098763912916183,0.4586173991362254,0.8114012862703154,4.474710941314697
41,L,e0fef893d26baae17a3e262951afad508996ae16f2f43fe107136aa1982b97d3,10,4,15,37,2560,1,7362,6596,209,557,900,1000,0.8471155166625977,0.5756338238716125,0.3042504244411088,4.128356456756592
41,L,e0fef893d26baae17a3e262951afad508996ae16f2f43fe107136aa1982b97d3,11,1,1,11,2560,1,7362,6596,209,557,975,1000,0.771733283996582,0.7893713315327963,0.37170401242056084,3.1581432819366455
41,L,e0fef893d26baae17a3e262951afad508996ae16f2f43fe107136aa1982b97d3,11,1,1,23,2560,1,7362,6596,209,557,850,1000,0.7925568372011185,0.8591384092966715,0.4404293971929312,2.9303345680236816
41,L,e0fef893d26baae17a3e262951afad508996ae16f2f43fe107136aa1982b97d3,11,1,1,37,2560,1,7362,6596,209,557,975,1000,0.747974157333374,0.8484638134638468,0.43182165388000526,2.948956251144409
41,L,e0fef893d26baae17a3e262951afad508996ae16f2f43fe107136aa1982b97d3,11,1,2,11,2560,1,7362,6596,209,557,925,1000,1.1962445974349976,1.324954589207967,0.4801065587473829,5.999759674072266
41,L,e0fef893d26baae17a3e262951afad508996ae16f2f43fe107136aa1982b97d3,11,1,2,23,2560,1,7362,6596,209,557,900,1000,1.1713974475860596,1.3106718460718791,0.4732692280751577,5.825709819793701
41,L,e0fef893d26baae17a3e262951afad508996ae16f2f43fe107136aa1982b97d3,11,1,2,37,2560,1,7362,6596,209,557,900,1000,1.1936842203140259,1.2656975984573364,0.4622968071221762,5.552857875823975
41,L,e0fef893d26baae17a3e262951afad508996ae16f2f43fe107136aa1982b97d3,11,2,3,11,2560,1,7362,6596,209,557,900,1000,0.8953589200973511,0.813774029413859,0.3497669521733385,3.6944589614868164
41,L,e0fef893d26baae17a3e262951afad508996ae16f2f43fe107136aa1982b97d3,11,2,3,23,2560,1,7362,6596,209,557,575,825,0.7687426880002022,0.4909863422314326,0.5787727439590252,2.823237657546997
41,L,e0fef893d26baae17a3e262951afad508996ae16f2f43fe107136aa1982b97d3,11,2,3,37,2560,1,7362,6596,209,557,925,1000,1.002641186118126,0.8102439045906067,0.48772927339688765,3.824591636657715
41,L,e0fef893d26baae17a3e262951afad508996ae16f2f43fe107136aa1982b97d3,11,1,4,11,2560,1,7362,6596,209,557,625,875,1.055891141295433,0.9410795072714487,0.26786102437314147,3.5263988971710205
41,L,e0fef893d26baae17a3e262951afad508996ae16f2f43fe107136aa1982b97d3,11,1,4,23,2560,1,7362,6596,209,557,975,1000,1.1307575702667236,1.0635769963264465,0.26045458362190727,5.111861228942871
41,L,e0fef893d26baae17a3e262951afad508996ae16f2f43fe107136aa1982b97d3,11,1,4,37,2560,1,7362,6596,209,557,950,1000,1.0725423246622086,1.0752988755702972,0.19697366512132877,5.153406143188477
41,L,e0fef893d26baae17a3e262951afad508996ae16f2f43fe107136aa1982b97d3,11,2,5,11,2560,1,7362,6596,209,557,900,1000,0.8370294570922852,0.790561114748319,0.38605924916098233,2.7407243251800537
41,L,e0fef893d26baae17a3e262951afad508996ae16f2f43fe107136aa1982b97d3,11,2,5,23,2560,1,7362,6596,209,557,850,1000,0.8307924345135689,0.8244029680887858,0.3776870829531762,2.8153157234191895
41,L,e0fef893d26baae17a3e262951afad508996ae16f2f43fe107136aa1982b97d3,11,2,5,37,2560,1,7362,6596,209,557,775,1000,0.7732917070388794,0.7732061843077341,0.3620800137567538,2.7116317749023438
41,L,e0fef893d26baae17a3e262951afad508996ae16f2f43fe107136aa1982b97d3,11,2,6,11,2560,1,7362,6596,209,557,900,1000,1.0503877252340317,1.1235355337460835,0.434423709149525,4.567420959472656
41,L,e0fef893d26baae17a3e262951afad508996ae16f2f43fe107136aa1982b97d3,11,2,6,23,2560,1,7362,6596,209,557,1000,1000,0.9507440254092216,1.0023502856492996,0.4118777423933248,5.243172645568848
41,L,e0fef893d26baae17a3e262951afad508996ae16f2f43fe107136aa1982b97d3,11,2,6,37,2560,1,7362,6596,209,557,950,1000,0.9330232217907906,0.9645986159642538,0.4415871642126896,5.431715488433838
41,L,e0fef893d26baae17a3e262951afad508996ae16f2f43fe107136aa1982b97d3,11,3,7,11,2560,1,7362,6596,209,557,950,1000,0.8417753055691719,0.6692581176757812,0.4862251427029306,3.637657880783081
41,L,e0fef893d26baae17a3e262951afad508996ae16f2f43fe107136aa1982b97d3,11,3,7,23,2560,1,7362,6596,209,557,900,1000,0.8765758201479912,0.7390925387541453,0.4468715504867338,3.409604072570801
41,L,e0fef893d26baae17a3e262951afad508996ae16f2f43fe107136aa1982b97d3,11,3,7,37,2560,1,7362,6596,209,557,1000,1000,0.8484703600406647,0.13561410705248514,1.3020722579976036,3.864058494567871
41,L,e0fef893d26baae17a3e262951afad508996ae16f2f43fe107136aa1982b97d3,11,1,8,11,2560,1,7362,6596,209,557,1000,1000,1.139719843864441,1.2103657722473145,0.20458958976828512,5.132853031158447
41,L,e0fef893d26baae17a3e262951afad508996ae16f2f43fe107136aa1982b97d3,11,1,8,23,2560,1,7362,6596,209,557,975,1000,1.1112103462219238,1.1680228312810261,0.17042564918878228,5.046295642852783
41,L,e0fef893d26baae17a3e262951afad508996ae16f2f43fe107136aa1982b97d3,11,1,8,37,2560,1,7362,6596,209,557,925,1000,1.0798206329345703,1.1282178958257039,0.16339917919946734,4.381064414978027
41,L,e0fef893d26baae17a3e262951afad508996ae16f2f43fe107136aa1982b97d3,11,2,9,11,2560,1,7362,6596,209,557,975,1000,0.8272086083889008,0.940959652264913,0.24440657365195845,3.7393438816070557
41,L,e0fef893d26baae17a3e262951afad508996ae16f2f43fe107136aa1982b97d3,11,2,9,23,2560,1,7362,6596,209,557,750,1000,0.8156006336212158,0.814970850944519,0.2479059859883042,3.109226942062378
41,L,e0fef893d26baae17a3e262951afad508996ae16f2f43fe107136aa1982b97d3,11,2,9,37,2560,1,7362,6596,209,557,850,1000,0.7697612047195435,0.8354788223902384,0.2875948114984454,3.221639633178711
41,L,e0fef893d26baae17a3e262951afad508996ae16f2f43fe107136aa1982b97d3,11,2,10,11,2560,1,7362,6596,209,557,825,1000,1.2193444967269897,1.1987112363179524,0.35966140080150577,4.761497497558594
41,L,e0fef893d26baae17a3e262951afad508996ae16f2f43fe107136aa1982b97d3,11,2,10,23,2560,1,7362,6596,209,557,925,1000,1.0979031324386597,0.973673423131307,0.32437883329999223,4.895990371704102
41,L,e0fef893d26baae17a3e262951afad508996ae16f2f43fe107136aa1982b97d3,11,2,10,37,2560,1,7362,6596,209,557,975,1000,1.2292248010635376,1.1352983713150024,0.3262770068421416,5.069436550140381
41,L,e0fef893d26baae17a3e262951afad508996ae16f2f43fe107136aa1982b97d3,11,3,11,11,2560,1,7362,6596,209,557,1000,1000,1.0925543308258057,0.1850629448890686,1.2459974657039725,3.9852380752563477
41,L,e0fef893d26baae17a3e262951afad508996ae16f2f43fe107136aa1982b97d3,11,3,11,23,2560,1,7362,6596,209,557,950,1000,1.078880786895752,0.3532218436400096,0.7896877321210654,4.0709662437438965
41,L,e0fef893d26baae17a3e262951afad508996ae16f2f43fe107136aa1982b97d3,11,3,11,37,2560,1,7362,6596,209,557,550,800,0.7965303659439087,0.35043015082677204,0.43844351982757174,2.607996702194214
41,L,e0fef893d26baae17a3e262951afad508996ae16f2f43fe107136aa1982b97d3,11,2,12,11,2560,1,7362,6596,209,557,950,1000,0.956558108329773,1.0383026599884033,0.1128647475456898,4.1043500900268555
41,L,e0fef893d26baae17a3e262951afad508996ae16f2f43fe107136aa1982b97d3,11,2,12,23,2560,1,7362,6596,209,557,650,900,0.8386569321155548,0.9455988804499308,0.16022605934565204,3.5787763595581055
41,L,e0fef893d26baae17a3e262951afad508996ae16f2f43fe107136aa1982b97d3,11,2,12,37,2560,1,7362,6596,209,557,975,1000,0.9608203172683716,1.1240069071451824,0.2870563816735346,4.956960678100586
41,L,e0fef893d26baae17a3e262951afad508996ae16f2f43fe107136aa1982b97d3,11,3,13,11,2560,1,7362,6596,209,557,875,1000,0.8355942964553833,0.8262058844168981,0.26875705714046905,2.940626621246338
41,L,e0fef893d26baae17a3e262951afad508996ae16f2f43fe107136aa1982b97d3,11,3,13,23,2560,1,7362,6596,209,557,775,1000,0.8420815765857697,0.7428072591622671,0.2614108249232829,3.003139019012451
41,L,e0fef893d26baae17a3e262951afad508996ae16f2f43fe107136aa1982b97d3,11,3,13,37,2560,1,7362,6596,209,557,975,1000,0.7791756391525269,0.7698523700237274,0.3031043780134648,3.3127074241638184
41,L,e0fef893d26baae17a3e262951afad508996ae16f2f43fe107136aa1982b97d3,11,3,14,11,2560,1,7362,6596,209,557,975,1000,1.1166905015707016,1.0338258296251297,0.36282954701840364,5.348941326141357
41,L,e0fef893d26baae17a3e262951afad508996ae16f2f43fe107136aa1982b97d3,11,3,14,23,2560,1,7362,6596,209,557,825,1000,1.0248060151934624,1.0307655682166417,0.3580648972584519,4.7533278465271
41,L,e0fef893d26baae17a3e262951afad508996ae16f2f43fe107136aa1982b97d3,11,3,14,37,2560,1,7362,6596,209,557,975,1000,1.1757071167230606,1.0858112573623657,0.4141545548037959,5.53483247756958
41,L,e0fef893d26baae17a3e262951afad508996ae16f2f43fe107136aa1982b97d3,11,4,15,11,2560,1,7362,6596,209,557,875,1000,0.9310518503189087,0.4365282853444417,0.5787583190340669,3.9871909618377686
41,L,e0fef893d26baae17a3e262951afad508996ae16f2f43fe107136aa1982b97d3,11,4,15,23,2560,1,7362,6596,209,557,900,1000,0.9583113193511963,0.21122589707374573,1.191448902756836,4.310439586639404
41,L,e0fef893d26baae17a3e262951afad508996ae16f2f43fe107136aa1982b97d3,11,4,15,37,2560,1,7362,6596,209,557,925,1000,0.9259099662303925,0.4251834998528163,0.7753358576837268,4.3566060066223145
41,L,e0fef893d26baae17a3e262951afad508996ae16f2f43fe107136aa1982b97d3,12,1,1,11,2560,1,7362,6596,209,557,625,875,0.7312082052230835,0.7109193404515585,0.3483193339786905,2.1658544540405273
41,L,e0fef893d26baae17a3e262951afad508996ae16f2f43fe107136aa1982b97d3,12,1,1,23,2560,1,7362,6596,209,557,950,1000,0.7760249376296997,0.910575270652771,0.43585004629356683,3.325138568878174
41,L,e0fef893d26baae17a3e262951afad508996ae16f2f43fe107136aa1982b97d3,12,1,1,37,2560,1,7362,6596,209,557,975,1000,0.7475117892026901,0.8478740851084391,0.4134121154765023,3.237488031387329
41,L,e0fef893d26baae17a3e262951afad508996ae16f2f43fe107136aa1982b97d3,12,1,2,11,2560,1,7362,6596,209,557,925,1000,1.1870703846216202,1.1476608117421467,0.4366037457058749,5.709631443023682
41,L,e0fef893d26baae17a3e262951afad508996ae16f2f43fe107136aa1982b97d3,12,1,2,23,2560,1,7362,6596,209,557,950,1000,1.1338541507720947,1.176895836989085,0.4555151514903846,6.060510635375977
41,L,e0fef893d26baae17a3e262951afad508996ae16f2f43fe107136aa1982b97d3,12,1,2,37,2560,1,7362,6596,209,557,925,1000,1.17387056350708,1.2478762070337932,0.4847774636651713,6.13045072555542
41,L,e0fef893d26baae17a3e262951afad508996ae16f2f43fe107136aa1982b97d3,12,2,3,11,2560,1,7362,6596,209,557,900,1000,0.9503175914287567,0.8825200796127319,0.32625733326115786,3.6855955123901367
41,L,e0fef893d26baae17a3e262951afad508996ae16f2f43fe107136aa1982b97d3,12,2,3,23,2560,1,7362,6596,209,557,875,1000,0.9143796861171722,0.1340359648068746,1.3947371754613964,3.81601881980896
41,L,e0fef893d26baae17a3e262951afad508996ae16f2f43fe107136aa1982b97d3,12,2,3,37,2560,1,7362,6596,209,557,950,1000,0.884570837020874,0.7373335063457489,0.3034164187273344,4.116268157958984
41,L,e0fef893d26baae17a3e262951afad508996ae16f2f43fe107136aa1982b97d3,12,1,4,11,2560,1,7362,6596,209,557,900,1000,1.1430158615112305,1.0242981910705566,0.2662693958102076,4.475659370422363
41,L,e0fef893d26baae17a3e262951afad508996ae16f2f43fe107136aa1982b97d3,12,1,4,23,2560,1,7362,6596,209,557,975,1000,1.2261554151773453,1.1382907430330913,0.2799873885112512,5.184755325317383
41,L,e0fef893d26baae17a3e262951afad508996ae16f2f43fe107136aa1982b97d3,12,1,4,37,2560,1,7362,6596,209,557,975,1000,1.1813798993825912,1.1718964179356892,0.23967039829243578,4.7555670738220215
41,L,e0fef893d26baae17a3e262951afad508996ae16f2f43fe107136aa1982b97d3,12,2,5,11,2560,1,7362,6596,209,557,950,1000,0.8099069595336914,0.7622188280026118,0.44872975676713467,3.0781538486480713
41,L,e0fef893d26baae17a3e262951afad508996ae16f2f43fe107136aa1982b97d3,12,2,5,23,2560,1,7362,6596,209,557,1000,1000,0.8014067485928535,0.8412468383709589,0.37510762762525823,3.1093883514404297
41,L,e0fef893d26baae17a3e262951afad508996ae16f2f43fe107136aa1982b97d3,12,2,5,37,2560,1,7362,6596,209,557,675,925,0.7555561065673828,0.7135290751854578,0.3551685989093331,2.3221616744995117
41,L,e0fef893d26baae17a3e262951afad508996ae16f2f43fe107136aa1982b97d3,12,2,6,11,2560,1,7362,6596,209,557,875,1000,0.9798532575368881,0.9936576733986536,0.4300727977503902,4.414735794067383
41,L,e0fef893d26baae17a3e262951afad508996ae16f2f43fe107136aa1982b97d3,12,2,6,23,2560,1,7362,6596,209,557,950,1000,1.008202664554119,1.0382219552993774,0.41901808655431433,4.935168266296387
41,L,e0fef893d26baae17a3e262951afad508996ae16f2f43fe107136aa1982b97d3,12,2,6,37,2560,1,7362,6596,209,557,925,1000,1.0287002325057983,1.0582112669944763,0.4902788920923373,5.267070293426514
41,L,e0fef893d26baae17a3e262951afad508996ae16f2f43fe107136aa1982b97d3,12,3,7,11,2560,1,7362,6596,209,557,925,1000,0.8583540469408035,0.7786176999409994,0.37422721967646594,3.6396656036376953
41,L,e0fef893d26baae17a3e262951afad508996ae16f2f43fe107136aa1982b97d3,12,3,7,23,2560,1,7362,6596,209,557,1000,1000,0.8677218854427338,0.7071625093619028,0.4377800912252286,3.828272819519043
41,L,e0fef893d26baae17a3e262951afad508996ae16f2f43fe107136aa1982b97d3,12,3,7,37,2560,1,7362,6596,209,557,950,1000,0.7776539772748947,0.6504046122233073,0.3710568495218267,3.6555752754211426
41,L,e0fef893d26baae17a3e262951afad508996ae16f2f43fe107136aa1982b97d3,12,1,8,11,2560,1,7362,6596,209,557,875,1000,1.0236594676971436,1.0202473004659016,0.2924663922319649,4.533802032470703
41,L,e0fef893d26baae17a3e262951afad508996ae16f2f43fe107136aa1982b97d3,12,1,8,23,2560,1,7362,6596,209,557,925,1000,1.1031593084335327,1.1571089029312134,0.2169084778203151,4.87024450302124
41,L,e0fef893d26baae17a3e262951afad508996ae16f2f43fe107136aa1982b97d3,12,1,8,37,2560,1,7362,6596,209,557,850,1000,1.133075475692749,1.1720348199208577,0.19190747264874253,4.728438377380371
41,L,e0fef893d26baae17a3e262951afad508996ae16f2f43fe107136aa1982b97d3,12,2,9,11,2560,1,7362,6596,209,557,925,1000,0.7832316234707832,0.8611704111099243,0.2440841764960594,3.6498236656188965
41,L,e0fef893d26baae17a3e262951afad508996ae16f2f43fe107136aa1982b97d3,12,2,9,23,2560,1,7362,6596,209,557,1000,1000,0.7729149162769318,0.8172853340705236,0.2513540917307875,3.5370705127716064
41,L,e0fef893d26baae17a3e262951afad508996ae16f2f43fe107136aa1982b97d3,12,2,9,37,2560,1,7362,6596,209,557,850,1000,0.812886506319046,0.8229455550511678,0.28186711885943017,3.187675952911377
41,L,e0fef893d26baae17a3e262951afad508996ae16f2f43fe107136aa1982b97d3,12,2,10,11,2560,1,7362,6596,209,557,925,1000,1.1621696949005127,0.8687073290348053,0.36333847336098485,4.998523712158203
41,L,e0fef893d26baae17a3e262951afad508996ae16f2f43fe107136aa1982b97d3,12,2,10,23,2560,1,7362,6596,209,557,800,1000,1.075387954711914,1.081404685974121,0.3282064304660815,4.53269100189209
41,L,e0fef893d26baae17a3e262951afad508996ae16f2f43fe107136aa1982b97d3,12,2,10,37,2560,1,7362,6596,209,557,875,1000,1.0509398132562637,1.1352604925632477,0.3626342651780392,5.086615562438965
41,L,e0fef893d26baae17a3e262951afad508996ae16f2f43fe107136aa1982b97d3,12,3,11,11,2560,1,7362,6596,209,557,950,1000,0.9645398855209351,0.1685208280881246,1.0540452319759883,3.554286479949951
41,L,e0fef893d26baae17a3e262951afad508996ae16f2f43fe107136aa1982b97d3,12,3,11,23,2560,1,7362,6596,209,557,950,1000,0.9705661535263062,-1.88889741897583,2.344736412793267,3.573678493499756
41,L,e0fef893d26baae17a3e262951afad508996ae16f2f43fe107136aa1982b97d3,12,3,11,37,2560,1,7362,6596,209,557,600,850,0.7539619207382202,0.3818841775258382,0.40182102065296876,3.0177667140960693
41,L,e0fef893d26baae17a3e262951afad508996ae16f2f43fe107136aa1982b97d3,12,2,12,11,2560,1,7362,6596,209,557,950,1000,0.9416944980621338,1.1026557981967926,0.14397133309771679,4.159173011779785
41,L,e0fef893d26baae17a3e262951afad508996ae16f2f43fe107136aa1982b97d3,12,2,12,23,2560,1,7362,6596,209,557,975,1000,0.9787863492965698,1.0362764298915863,0.23822669036388522,4.605254173278809
41,L,e0fef893d26baae17a3e262951afad508996ae16f2f43fe107136aa1982b97d3,12,2,12,37,2560,1,7362,6596,209,557,975,1000,1.019840121269226,1.120247721672058,0.20573465810998268,4.682092189788818
41,L,e0fef893d26baae17a3e262951afad508996ae16f2f43fe107136aa1982b97d3,12,3,13,11,2560,1,7362,6596,209,557,975,1000,0.8619401156902313,0.7593075831731161,0.23742039372355758,3.1006736755371094
41,L,e0fef893d26baae17a3e262951afad508996ae16f2f43fe107136aa1982b97d3,12,3,13,23,2560,1,7362,6596,209,557,900,1000,0.8206522539258003,0.6895073304573694,0.3175591519566863,3.0409748554229736
41,L,e0fef893d26baae17a3e262951afad508996ae16f2f43fe107136aa1982b97d3,12,3,13,37,2560,1,7362,6596,209,557,875,1000,0.7424526959657669,0.6657831271489462,0.2731434707148114,2.813934803009033
41,L,e0fef893d26baae17a3e262951afad508996ae16f2f43fe107136aa1982b97d3,12,3,14,11,2560,1,7362,6596,209,557,900,1000,0.981666088104248,0.9782497932513555,0.3672993503426748,4.393763542175293
41,L,e0fef893d26baae17a3e262951afad508996ae16f2f43fe107136aa1982b97d3,12,3,14,23,2560,1,7362,6596,209,557,675,925,0.8938635885715485,0.9303629373510679,0.3314223047866242,3.7421622276306152
41,L,e0fef893d26baae17a3e262951afad508996ae16f2f43fe107136aa1982b97d3,12,3,14,37,2560,1,7362,6596,209,557,975,1000,1.0659520626068115,1.076507717370987,0.40342939492605384,5.077157497406006
41,L,e0fef893d26baae17a3e262951afad508996ae16f2f43fe107136aa1982b97d3,12,4,15,11,2560,1,7362,6596,209,557,875,1000,0.97220179438591,0.2930437723795573,0.7532325404915333,4.160618782043457
41,L,e0fef893d26baae17a3e262951afad508996ae16f2f43fe107136aa1982b97d3,12,4,15,23,2560,1,7362,6596,209,557,1000,1000,0.9430090188980103,0.2920516828695933,0.9538013594997515,4.9673380851745605
41,L,e0fef893d26baae17a3e262951afad508996ae16f2f43fe107136aa1982b97d3,12,4,15,37,2560,1,7362,6596,209,557,950,1000,0.8616382628679276,0.5151290794213613,0.427811071463596,4.358566761016846
41,L,e0fef893d26baae17a3e262951afad508996ae16f2f43fe107136aa1982b97d3,13,1,1,11,2560,1,7362,6596,209,557,950,1000,0.7516143321990967,0.8621280590693156,0.4133148281782967,3.3506274223327637
41,L,e0fef893d26baae17a3e262951afad508996ae16f2f43fe107136aa1982b97d3,13,1,1,23,2560,1,7362,6596,209,557,950,1000,0.7929161712527275,0.9417747259140015,0.4391895592000215,3.266036033630371
41,L,e0fef893d26baae17a3e262951afad508996ae16f2f43fe107136aa1982b97d3,13,1,1,37,2560,1,7362,6596,209,557,575,825,0.6323312520980835,0.7095784743626913,0.4208063213026101,2.028238534927368
41,L,e0fef893d26baae17a3e262951afad508996ae16f2f43fe107136aa1982b97d3,13,1,2,11,2560,1,7362,6596,209,557,925,1000,1.1968722343444824,1.1870095829168956,0.44185821096158295,5.946987152099609
41,L,e0fef893d26baae17a3e262951afad508996ae16f2f43fe107136aa1982b97d3,13,1,2,23,2560,1,7362,6596,209,557,850,1000,1.1394719034433365,1.1508875886599224,0.42088924040297954,5.348788261413574
41,L,e0fef893d26baae17a3e262951afad508996ae16f2f43fe107136aa1982b97d3,13,1,2,37,2560,1,7362,6596,209,557,925,1000,1.2444747686386108,1.3040111859639485,0.4947053061472918,6.227756023406982
41,L,e0fef893d26baae17a3e262951afad508996ae16f2f43fe107136aa1982b97d3,13,2,3,11,2560,1,7362,6596,209,557,950,1000,0.8735253810882568,0.7644339402516683,0.33775941048633007,3.896674871444702
41,L,e0fef893d26baae17a3e262951afad508996ae16f2f43fe107136aa1982b97d3,13,2,3,23,2560,1,7362,6596,209,557,600,850,0.8060146570205688,0.1394267479578654,1.1159202215121837,2.9766135215759277
41,L,e0fef893d26baae17a3e262951afad508996ae16f2f43fe107136aa1982b97d3,13,2,3,37,2560,1,7362,6596,209,557,925,1000,0.9252476841211319,0.7224209705988566,0.658736428331009,4.103515625
41,L,e0fef893d26baae17a3e262951afad508996ae16f2f43fe107136aa1982b97d3,13,1,4,11,2560,1,7362,6596,209,557,900,1000,1.1455020904541016,0.948588490486145,0.5205719860373623,4.468389511108398
41,L,e0fef893d26baae17a3e262951afad508996ae16f2f43fe107136aa1982b97d3,13,1,4,23,2560,1,7362,6596,209,557,950,1000,1.155446544289589,1.0931727488835652,0.2618785010896555,4.386202812194824
41,L,e0fef893d26baae17a3e262951afad508996ae16f2f43fe107136aa1982b97d3,13,1,4,37,2560,1,7362,6596,209,557,975,1000,1.1856193542480469,1.1477971474329631,0.2763223058410374,4.667957782745361
41,L,e0fef893d26baae17a3e262951afad508996ae16f2f43fe107136aa1982b97d3,13,2,5,11,2560,1,7362,6596,209,557,925,1000,0.8347262218594551,0.6749791006247202,0.4019808708336973,2.841463804244995
41,L,e0fef893d26baae17a3e262951afad508996ae16f2f43fe107136aa1982b97d3,13,2,5,23,2560,1,7362,6596,209,557,800,1000,0.8451380655169487,0.7968666851520538,0.39020436575542244,2.7299649715423584
41,L,e0fef893d26baae17a3e262951afad508996ae16f2f43fe107136aa1982b97d3,13,2,5,37,2560,1,7362,6596,209,557,775,1000,0.7679177522659302,0.769266794125239,0.33854626879252114,2.7780380249023438
41,L,e0fef893d26baae17a3e262951afad508996ae16f2f43fe107136aa1982b97d3,13,2,6,11,2560,1,7362,6596,209,557,875,1000,1.0086003541946411,1.0199697017669678,0.43142653744619397,4.680876731872559
41,L,e0fef893d26baae17a3e262951afad508996ae16f2f43fe107136aa1982b97d3,13,2,6,23,2560,1,7362,6596,209,557,1000,1000,0.9998171031475067,1.0334019710620244,0.4595725488553812,5.5298051834106445
41,L,e0fef893d26baae17a3e262951afad508996ae16f2f43fe107136aa1982b97d3,13,2,6,37,2560,1,7362,6596,209,557,975,1000,1.065034493803978,1.1197803020477295,0.4670522538309443,5.492428779602051
41,L,e0fef893d26baae17a3e262951afad508996ae16f2f43fe107136aa1982b97d3,13,3,7,11,2560,1,7362,6596,209,557,875,1000,0.8707257509231567,0.1638028621673584,1.147098155855314,3.383819580078125
41,L,e0fef893d26baae17a3e262951afad508996ae16f2f43fe107136aa1982b97d3,13,3,7,23,2560,1,7362,6596,209,557,950,1000,0.9538502395153046,0.7463808357715607,0.40550474649451035,3.8179574012756348
41,L,e0fef893d26baae17a3e262951afad508996ae16f2f43fe107136aa1982b97d3,13,3,7,37,2560,1,7362,6596,209,557,950,1000,0.8543956279754639,0.4831734895706177,0.7694978056329246,3.6298418045043945
41,L,e0fef893d26baae17a3e262951afad508996ae16f2f43fe107136aa1982b97d3,13,1,8,11,2560,1,7362,6596,209,557,1000,1000,0.9830586910247803,1.1205650568008423,0.21935665680987906,4.770509719848633
41,L,e0fef893d26baae17a3e262951afad508996ae16f2f43fe107136aa1982b97d3,13,1,8,23,2560,1,7362,6596,209,557,975,1000,1.1335333585739136,1.2132647037506104,0.2042600977607057,4.6364359855651855
41,L,e0fef893d26baae17a3e262951afad508996ae16f2f43fe107136aa1982b97d3,13,1,8,37,2560,1,7362,6596,209,557,925,1000,1.1047286987304688,1.1126465797424316,0.16545370498922446,4.619742393493652
41,L,e0fef893d26baae17a3e262951afad508996ae16f2f43fe107136aa1982b97d3,13,2,9,11,2560,1,7362,6596,209,557,975,1000,0.8228801488876343,0.8649923801422119,0.2668611602856794,3.60977840423584
41,L,e0fef893d26baae17a3e262951afad508996ae16f2f43fe107136aa1982b97d3,13,2,9,23,2560,1,7362,6596,209,557,975,1000,0.789675235748291,0.8430107037226359,0.2769569812555049,3.585219621658325
41,L,e0fef893d26baae17a3e262951afad508996ae16f2f43fe107136aa1982b97d3,13,2,9,37,2560,1,7362,6596,209,557,825,1000,0.7911889553070068,0.8227854172388712,0.28753776160235633,3.223623752593994
41,L,e0fef893d26baae17a3e262951afad508996ae16f2f43fe107136aa1982b97d3,13,2,10,11,2560,1,7362,6596,209,557,925,1000,1.2054888010025024,1.0818737248579662,0.33090047206867695,4.9667253494262695
41,L,e0fef893d26baae17a3e262951afad508996ae16f2f43fe107136aa1982b97d3,13,2,10,23,2560,1,7362,6596,209,557,625,875,1.0463258028030396,0.8509136339028677,0.35344734895087865,3.3720781803131104
41,L,e0fef893d26baae17a3e262951afad508996ae16f2f43fe107136aa1982b97d3,13,2,10,37,2560,1,7362,6596,209,557,875,1000,1.1792711019515991,1.0564154187838237,0.30894604432368666,4.742268085479736
41,L,e0fef893d26baae17a3e262951afad508996ae16f2f43fe107136aa1982b97d3,13,3,11,11,2560,1,7362,6596,209,557,1000,1000,1.0400114059448242,0.22516655921936035,1.1367293896674369,3.7324211597442627
41,L,e0fef893d26baae17a3e262951afad508996ae16f2f43fe107136aa1982b97d3,13,3,11,23,2560,1,7362,6596,209,557,950,1000,1.0636065155267715,-0.8603939414024353,1.2989978985544155,3.7303924560546875
41,L,e0fef893d26baae17a3e262951afad508996ae16f2f43fe107136aa1982b97d3,13,3,11,37,2560,1,7362,6596,209,557,950,1000,0.8483524471521378,0.6716205726067225,0.32929837413592106,3.969012498855591
41,L,e0fef893d26baae17a3e262951afad508996ae16f2f43fe107136aa1982b97d3,13,2,12,11,2560,1,7362,6596,209,557,1000,1000,0.90614053606987,0.9259547789891561,0.21076121359712993,4.580097198486328
41,L,e0fef893d26baae17a3e262951afad508996ae16f2f43fe107136aa1982b97d3,13,2,12,23,2560,1,7362,6596,209,557,875,1000,0.9616734087467194,1.0375685493151348,0.2578358159992012,4.229525566101074
41,L,e0fef893d26baae17a3e262951afad508996ae16f2f43fe107136aa1982b97d3,13,2,12,37,2560,1,7362,6596,209,557,950,1000,0.8757349252700806,1.034156322479248,0.2771359981149964,4.596188545227051
41,L,e0fef893d26baae17a3e262951afad508996ae16f2f43fe107136aa1982b97d3,13,3,13,11,2560,1,7362,6596,209,557,975,1000,0.9058672189712524,0.7806413223346075,0.25810979498302633,3.11342453956604
41,L,e0fef893d26baae17a3e262951afad508996ae16f2f43fe107136aa1982b97d3,13,3,13,23,2560,1,7362,6596,209,557,775,1000,0.8493425846099854,0.7379138867060343,0.260391653064098,2.7960920333862305
41,L,e0fef893d26baae17a3e262951afad508996ae16f2f43fe107136aa1982b97d3,13,3,13,37,2560,1,7362,6596,209,557,675,925,0.7587708309292793,0.7574728379646937,0.25005126325878635,2.4981119632720947
41,L,e0fef893d26baae17a3e262951afad508996ae16f2f43fe107136aa1982b97d3,13,3,14,11,2560,1,7362,6596,209,557,1000,1000,1.048836812376976,0.9835330645243326,0.39856201776446293,5.489319801330566
41,L,e0fef893d26baae17a3e262951afad508996ae16f2f43fe107136aa1982b97d3,13,3,14,23,2560,1,7362,6596,209,557,975,1000,1.105366587638855,0.9252164711554846,0.32791957740104133,5.115056037902832
41,L,e0fef893d26baae17a3e262951afad508996ae16f2f43fe107136aa1982b97d3,13,3,14,37,2560,1,7362,6596,209,557,1000,1000,1.0784991979599,1.0467278609673183,0.38997500134591156,5.0484185218811035
41,L,e0fef893d26baae17a3e262951afad508996ae16f2f43fe107136aa1982b97d3,13,4,15,11,2560,1,7362,6596,209,557,875,1000,0.9144119024276733,0.33281517028808594,0.7078069756382643,4.030693054199219
41,L,e0fef893d26baae17a3e262951afad508996ae16f2f43fe107136aa1982b97d3,13,4,15,23,2560,1,7362,6596,209,557,675,925,0.8439111709594727,0.4028459886709849,0.40768446873364617,3.318419933319092
41,L,e0fef893d26baae17a3e262951afad508996ae16f2f43fe107136aa1982b97d3,13,4,15,37,2560,1,7362,6596,209,557,625,875,0.7510446310043335,0.6847771455844244,0.23554700905456938,3.1252756118774414
41,L,e0fef893d26baae17a3e262951afad508996ae16f2f43fe107136aa1982b97d3,14,1,1,11,2560,1,7362,6596,209,557,975,1000,0.8228733092546463,0.9254451990127563,0.4357755664622192,3.215808868408203
41,L,e0fef893d26baae17a3e262951afad508996ae16f2f43fe107136aa1982b97d3,14,1,1,23,2560,1,7362,6596,209,557,925,1000,0.7885196655988693,0.8231043020884196,0.3884416864049586,2.9629459381103516
41,L,e0fef893d26baae17a3e262951afad508996ae16f2f43fe107136aa1982b97d3,14,1,1,37,2560,1,7362,6596,209,557,975,1000,0.8562825918197632,0.9396583636601766,0.47529821432951636,3.19580078125
41,L,e0fef893d26baae17a3e262951afad508996ae16f2f43fe107136aa1982b97d3,14,1,2,11,2560,1,7362,6596,209,557,925,1000,1.1782894283533096,1.2049176792303722,0.48093876845916184,5.805648326873779
41,L,e0fef893d26baae17a3e262951afad508996ae16f2f43fe107136aa1982b97d3,14,1,2,23,2560,1,7362,6596,209,557,875,1000,1.1087131351232529,1.1860063672065735,0.4383192778008112,5.346067905426025
41,L,e0fef893d26baae17a3e262951afad508996ae16f2f43fe107136aa1982b97d3,14,1,2,37,2560,1,7362,6596,209,557,950,1000,1.185698390007019,1.1880205074946086,0.4517918347620338,6.0927557945251465
41,L,e0fef893d26baae17a3e262951afad508996ae16f2f43fe107136aa1982b97d3,14,2,3,11,2560,1,7362,6596,209,557,900,1000,0.8961333110928535,0.7666959265867869,0.37920931006755304,3.5590929985046387
41,L,e0fef893d26baae17a3e262951afad508996ae16f2f43fe107136aa1982b97d3,14,2,3,23,2560,1,7362,6596,209,557,950,1000,0.9949056953191757,0.8146926561991373,0.5322062051111293,3.69877028465271
41,L,e0fef893d26baae17a3e262951afad508996ae16f2f43fe107136aa1982b97d3,14,2,3,37,2560,1,7362,6596,209,557,650,900,0.8719985485076904,0.7745148340861002,0.3357478522068885,3.6202402114868164
41,L,e0fef893d26baae17a3e262951afad508996ae16f2f43fe107136aa1982b97d3,14,1,4,11,2560,1,7362,6596,209,557,900,1000,1.0550067573785782,0.8517024219036102,0.36514559508537353,4.5135178565979
41,L,e0fef893d26baae17a3e262951afad508996ae16f2f43fe107136aa1982b97d3,14,1,4,23,2560,1,7362,6596,209,557,950,1000,1.2202478796243668,1.108781635761261,0.26313674574915236,4.81628942489624
41,L,e0fef893d26baae17a3e262951afad508996ae16f2f43fe107136aa1982b97d3,14,1,4,37,2560,1,7362,6596,209,557,875,1000,1.0950777679681778,1.1175642013549805,0.2165744663184161,4.203579902648926
41,L,e0fef893d26baae17a3e262951afad508996ae16f2f43fe107136aa1982b97d3,14,2,5,11,2560,1,7362,6596,209,557,950,1000,0.7857572957873344,0.740641862154007,0.3888035035293619,2.9705631732940674
41,L,e0fef893d26baae17a3e262951afad508996ae16f2f43fe107136aa1982b97d3,14,2,5,23,2560,1,7362,6596,209,557,800,1000,0.8564829900860786,0.787905732790629,0.42229000442168046,2.747978687286377
41,L,e0fef893d26baae17a3e262951afad508996ae16f2f43fe107136aa1982b97d3,14,2,5,37,2560,1,7362,6596,209,557,1000,1000,0.8549095392227173,0.881918470064799,0.36859678847125416,3.280019760131836
41,L,e0fef893d26baae17a3e262951afad508996ae16f2f43fe107136aa1982b97d3,14,2,6,11,2560,1,7362,6596,209,557,875,1000,0.9782578945159912,0.9778200387954712,0.4191536824161544,4.474198818206787
41,L,e0fef893d26baae17a3e262951afad508996ae16f2f43fe107136aa1982b97d3,14,2,6,23,2560,1,7362,6596,209,557,875,1000,1.0373369380831718,1.0773130307594936,0.44981359522456565,4.964365005493164
41,L,e0fef893d26baae17a3e262951afad508996ae16f2f43fe107136aa1982b97d3,14,2,6,37,2560,1,7362,6596,209,557,975,1000,0.9803491830825806,0.9860258599122366,0.4457025063443362,4.769749164581299
41,L,e0fef893d26baae17a3e262951afad508996ae16f2f43fe107136aa1982b97d3,14,3,7,11,2560,1,7362,6596,209,557,450,700,0.5883548185229301,0.4996579388777415,0.3493605395269471,1.9928956031799316
41,L,e0fef893d26baae17a3e262951afad508996ae16f2f43fe107136aa1982b97d3,14,3,7,23,2560,1,7362,6596,209,557,950,1000,0.9391469955444336,0.766363282998403,0.3769886479850965,3.9846932888031006
41,L,e0fef893d26baae17a3e262951afad508996ae16f2f43fe107136aa1982b97d3,14,3,7,37,2560,1,7362,6596,209,557,975,1000,0.8226796090602875,0.6829424748818079,0.42475853312986267,3.5214474201202393
41,L,e0fef893d26baae17a3e262951afad508996ae16f2f43fe107136aa1982b97d3,14,1,8,11,2560,1,7362,6596,209,557,950,1000,1.077752709388733,1.1360269288221996,0.18750176399427004,4.276763439178467
41,L,e0fef893d26baae17a3e262951afad508996ae16f2f43fe107136aa1982b97d3,14,1,8,23,2560,1,7362,6596,209,557,800,1000,1.0379738807678223,1.0874300003051758,0.1986610980099273,4.062954902648926
41,L,e0fef893d26baae17a3e262951afad508996ae16f2f43fe107136aa1982b97d3,14,1,8,37,2560,1,7362,6596,209,557,925,1000,1.0548655986785889,1.0583395560582478,0.2073591338444492,4.769865036010742
41,L,e0fef893d26baae17a3e262951afad508996ae16f2f43fe107136aa1982b97d3,14,2,9,11,2560,1,7362,6596,209,557,900,1000,0.773685097694397,0.8093004177014033,0.2587804121895151,3.5518181324005127
41,L,e0fef893d26baae17a3e262951afad508996ae16f2f43fe107136aa1982b97d3,14,2,9,23,2560,1,7362,6596,209,557,750,1000,0.7779951989650726,0.863051692644755,0.2506012536533181,3.116415023803711
41,L,e0fef893d26baae17a3e262951afad508996ae16f2f43fe107136aa1982b97d3,14,2,9,37,2560,1,7362,6596,209,557,900,1000,0.7154614999890327,0.8016469478607178,0.2668388998658984,3.2459614276885986
41,L,e0fef893d26baae17a3e262951afad508996ae16f2f43fe107136aa1982b97d3,14,2,10,11,2560,1,7362,6596,209,557,925,1000,1.0864826440811157,0.8966022829214731,0.34499330588262483,4.957985877990723
41,L,e0fef893d26baae17a3e262951afad508996ae16f2f43fe107136aa1982b97d3,14,2,10,23,2560,1,7362,6596,209,557,950,1000,1.1267119795084,1.1151148478190105,0.3412609439899673,5.179633140563965
41,L,e0fef893d26baae17a3e262951afad508996ae16f2f43fe107136aa1982b97d3,14,2,10,37,2560,1,7362,6596,209,557,850,1000,1.1263252645730972,1.0625866651535034,0.336800504261231,4.678083419799805
41,L,e0fef893d26baae17a3e262951afad508996ae16f2f43fe107136aa1982b97d3,14,3,11,11,2560,1,7362,6596,209,557,950,1000,0.9831060171127319,0.2066651980082194,0.6495379039800472,3.5839085578918457
41,L,e0fef893d26baae17a3e262951afad508996ae16f2f43fe107136aa1982b97d3,14,3,11,23,2560,1,7362,6596,209,557,950,1000,1.0148089826107025,-0.05587292710940043,0.9871255836394792,3.6415634155273438
41,L,e0fef893d26baae17a3e262951afad508996ae16f2f43fe107136aa1982b97d3,14,3,11,37,2560,1,7362,6596,209,557,550,800,0.7462766617536545,0.5953365763028463,0.27545906493123606,2.7119922637939453
41,L,e0fef893d26baae17a3e262951afad508996ae16f2f43fe107136aa1982b97d3,14,2,12,11,2560,1,7362,6596,209,557,650,900,0.8888172209262848,1.0135615468025208,0.19538978259593923,3.377856969833374
41,L,e0fef893d26baae17a3e262951afad508996ae16f2f43fe107136aa1982b97d3,14,2,12,23,2560,1,7362,6596,209,557,650,900,0.8160905838012695,0.871441920598348,0.140725028021247,3.315875291824341
41,L,e0fef893d26baae17a3e262951afad508996ae16f2f43fe107136aa1982b97d3,14,2,12,37,2560,1,7362,6596,209,557,725,975,0.8815769255161285,1.0127703348795574,0.22247014477448515,3.507514476776123
41,L,e0fef893d26baae17a3e262951afad508996ae16f2f43fe107136aa1982b97d3,14,3,13,11,2560,1,7362,6596,209,557,900,1000,0.7972500398755074,0.6823061605294546,0.2504070738953263,3.0468733310699463
41,L,e0fef893d26baae17a3e262951afad508996ae16f2f43fe107136aa1982b97d3,14,3,13,23,2560,1,7362,6596,209,557,825,1000,0.8346025943756104,0.6408316791057587,0.30832544120215577,2.864487886428833
41,L,e0fef893d26baae17a3e262951afad508996ae16f2f43fe107136aa1982b97d3,14,3,13,37,2560,1,7362,6596,209,557,850,1000,0.7374008819460869,0.7202911774317423,0.28639916524180903,2.8306336402893066
41,L,e0fef893d26baae17a3e262951afad508996ae16f2f43fe107136aa1982b97d3,14,3,14,11,2560,1,7362,6596,209,557,950,1000,0.9992087036371231,1.0871874491373699,0.37040016778808815,5.3676557540893555
41,L,e0fef893d26baae17a3e262951afad508996ae16f2f43fe107136aa1982b97d3,14,3,14,23,2560,1,7362,6596,209,557,850,1000,1.0409692600369453,1.050166442990303,0.33174723926098343,4.594101905822754
41,L,e0fef893d26baae17a3e262951afad508996ae16f2f43fe107136aa1982b97d3,14,3,14,37,2560,1,7362,6596,209,557,1000,1000,1.117666482925415,1.0519485870997112,0.3693260030746034,5.087139129638672
41,L,e0fef893d26baae17a3e262951afad508996ae16f2f43fe107136aa1982b97d3,14,4,15,11,2560,1,7362,6596,209,557,925,1000,0.8808341026306152,0.5351357161998749,0.5139913762614166,4.496981143951416
41,L,e0fef893d26baae17a3e262951afad508996ae16f2f43fe107136aa1982b97d3,14,4,15,23,2560,1,7362,6596,209,557,900,1000,0.9210229367017746,0.26994868119557697,0.9100921126573025,4.22997522354126
41,L,e0fef893d26baae17a3e262951afad508996ae16f2f43fe107136aa1982b97d3,14,4,15,37,2560,1,7362,6596,209,557,950,1000,0.8647464066743851,0.566148042678833,0.3755164095250857,4.604428768157959
41,L,e0fef893d26baae17a3e262951afad508996ae16f2f43fe107136aa1982b97d3,15,1,1,11,2560,1,7362,6596,209,557,1000,1000,0.8073590099811554,0.8120462894439697,0.4522696851172513,3.148411273956299
41,L,e0fef893d26baae17a3e262951afad508996ae16f2f43fe107136aa1982b97d3,15,1,1,23,2560,1,7362,6596,209,557,750,1000,0.7101035565137863,0.7403178612391154,0.4503492709141194,2.465737819671631
41,L,e0fef893d26baae17a3e262951afad508996ae16f2f43fe107136aa1982b97d3,15,1,1,37,2560,1,7362,6596,209,557,900,1000,0.7603340893983841,0.8908193111419678,0.4155386618151749,2.766127586364746
41,L,e0fef893d26baae17a3e262951afad508996ae16f2f43fe107136aa1982b97d3,15,1,2,11,2560,1,7362,6596,209,557,1000,1000,1.1324478387832642,1.2298132578531902,0.47809269052198344,5.919647693634033
41,L,e0fef893d26baae17a3e262951afad508996ae16f2f43fe107136aa1982b97d3,15,1,2,23,2560,1,7362,6596,209,557,975,1000,1.1484410911798477,1.323968807856242,0.4951329907110587,6.427703857421875
41,L,e0fef893d26baae17a3e262951afad508996ae16f2f43fe107136aa1982b97d3,15,1,2,37,2560,1,7362,6596,209,557,975,1000,1.1214483976364136,1.1634263197580974,0.4542773461100657,5.542451858520508
41,L,e0fef893d26baae17a3e262951afad508996ae16f2f43fe107136aa1982b97d3,15,2,3,11,2560,1,7362,6596,209,557,900,1000,0.9179714620113373,0.8464165131251017,0.3348070162727429,3.7413742542266846
41,L,e0fef893d26baae17a3e262951afad508996ae16f2f43fe107136aa1982b97d3,15,2,3,23,2560,1,7362,6596,209,557,950,1000,0.9307205379009247,0.8531075716018677,0.3288703482888608,3.9389212131500244
41,L,e0fef893d26baae17a3e262951afad508996ae16f2f43fe107136aa1982b97d3,15,2,3,37,2560,1,7362,6596,209,557,975,1000,0.9326246976852417,0.7939804097016653,0.39795476426551823,4.319667339324951
41,L,e0fef893d26baae17a3e262951afad508996ae16f2f43fe107136aa1982b97d3,15,1,4,11,2560,1,7362,6596,209,557,1000,1000,1.0849965810775757,0.8514585892359415,0.4899079197224452,4.6018900871276855
41,L,e0fef893d26baae17a3e262951afad508996ae16f2f43fe107136aa1982b97d3,15,1,4,23,2560,1,7362,6596,209,557,1000,1000,1.1604087352752686,1.0620567599932353,0.34840219016091006,4.8076701164245605
41,L,e0fef893d26baae17a3e262951afad508996ae16f2f43fe107136aa1982b97d3,15,1,4,37,2560,1,7362,6596,209,557,975,1000,1.1904572248458862,1.0219487349192302,0.27754025695532536,4.342767715454102
41,L,e0fef893d26baae17a3e262951afad508996ae16f2f43fe107136aa1982b97d3,15,2,5,11,2560,1,7362,6596,209,557,625,875,0.7286868169903755,0.6262740592161814,0.3394750800368706,2.2226054668426514
41,L,e0fef893d26baae17a3e262951afad508996ae16f2f43fe107136aa1982b97d3,15,2,5,23,2560,1,7362,6596,209,557,1000,1000,0.8750178888440132,0.8872082283099493,0.3843199443701321,3.31929087638855
41,L,e0fef893d26baae17a3e262951afad508996ae16f2f43fe107136aa1982b97d3,15,2,5,37,2560,1,7362,6596,209,557,1000,1000,0.8112741708755493,0.8346883058547974,0.4053768846258422,3.240028142929077
41,L,e0fef893d26baae17a3e262951afad508996ae16f2f43fe107136aa1982b97d3,15,2,6,11,2560,1,7362,6596,209,557,1000,1000,1.030169129371643,1.061838448047638,0.45533477571312514,4.9013471603393555
41,L,e0fef893d26baae17a3e262951afad508996ae16f2f43fe107136aa1982b97d3,15,2,6,23,2560,1,7362,6596,209,557,875,1000,1.0312458276748657,1.0134124159812927,0.4392225988762548,4.9495930671691895
41,L,e0fef893d26baae17a3e262951afad508996ae16f2f43fe107136aa1982b97d3,15,2,6,37,2560,1,7362,6596,209,557,900,1000,1.0223233625292778,1.1142630229393642,0.46491523792000694,4.7663726806640625
41,L,e0fef893d26baae17a3e262951afad508996ae16f2f43fe107136aa1982b97d3,15,3,7,11,2560,1,7362,6596,209,557,925,1000,0.8144981786608696,0.5804084340731303,0.5119869024546353,3.5526299476623535
41,L,e0fef893d26baae17a3e262951afad508996ae16f2f43fe107136aa1982b97d3,15,3,7,23,2560,1,7362,6596,209,557,925,1000,0.8548176363110542,0.4944070180257161,0.8580472236769098,3.563093900680542
41,L,e0fef893d26baae17a3e262951afad508996ae16f2f43fe107136aa1982b97d3,15,3,7,37,2560,1,7362,6596,209,557,950,1000,0.8596950769424438,0.6534013549486796,0.4798836093895311,3.760258436203003
41,L,e0fef893d26baae17a3e262951afad508996ae16f2f43fe107136aa1982b97d3,15,1,8,11,2560,1,7362,6596,209,557,1000,1000,1.0689435005187988,1.1650646527608235,0.23725834410575475,4.951805114746094
41,L,e0fef893d26baae17a3e262951afad508996ae16f2f43fe107136aa1982b97d3,15,1,8,23,2560,1,7362,6596,209,557,825,1000,1.0554081201553345,0.9861450592676798,0.1579888014678705,4.100313663482666
41,L,e0fef893d26baae17a3e262951afad508996ae16f2f43fe107136aa1982b97d3,15,1,8,37,2560,1,7362,6596,209,557,975,1000,1.085432767868042,1.0412236054738362,0.18142520425769193,4.41340446472168
41,L,e0fef893d26baae17a3e262951afad508996ae16f2f43fe107136aa1982b97d3,15,2,9,11,2560,1,7362,6596,209,557,875,1000,0.7987591102719307,0.8406699101130167,0.2731813626573253,3.3551816940307617
41,L,e0fef893d26baae17a3e262951afad508996ae16f2f43fe107136aa1982b97d3,15,2,9,23,2560,1,7362,6596,209,557,900,1000,0.8144303262233734,0.878139058748881,0.308041011945109,3.537482261657715
41,L,e0fef893d26baae17a3e262951afad508996ae16f2f43fe107136aa1982b97d3,15,2,9,37,2560,1,7362,6596,209,557,900,1000,0.7567088603973389,0.8130317131678263,0.2427353044069339,3.4484822750091553
41,L,e0fef893d26baae17a3e262951afad508996ae16f2f43fe107136aa1982b97d3,15,2,10,11,2560,1,7362,6596,209,557,975,1000,1.2232959270477295,1.0457199017206829,0.4464036718314084,5.080256462097168
41,L,e0fef893d26baae17a3e262951afad508996ae16f2f43fe107136aa1982b97d3,15,2,10,23,2560,1,7362,6596,209,557,625,875,1.0135784149169922,0.8830101191997528,0.27778059761371837,3.408550977706909
41,L,e0fef893d26baae17a3e262951afad508996ae16f2f43fe107136aa1982b97d3,15,2,10,37,2560,1,7362,6596,209,557,850,1000,1.1426802724599838,1.0789768298467,0.34880367172688426,4.440213203430176
41,L,e0fef893d26baae17a3e262951afad508996ae16f2f43fe107136aa1982b97d3,15,3,11,11,2560,1,7362,6596,209,557,950,1000,1.076095461845398,0.36052826046943665,0.7571601007394414,3.636615037918091
41,L,e0fef893d26baae17a3e262951afad508996ae16f2f43fe107136aa1982b97d3,15,3,11,23,2560,1,7362,6596,209,557,950,1000,1.0074374675750732,-0.17003138860066733,1.0329477052488365,3.6290738582611084
41,L,e0fef893d26baae17a3e262951afad508996ae16f2f43fe107136aa1982b97d3,15,3,11,37,2560,1,7362,6596,209,557,925,1000,0.9759584814310074,0.2349789539972941,0.9663199355134715,4.010758399963379
41,L,e0fef893d26baae17a3e262951afad508996ae16f2f43fe107136aa1982b97d3,15,2,12,11,2560,1,7362,6596,209,557,1000,1000,1.0622029155492783,0.9870186646779379,0.17509427166738392,5.106096267700195
41,L,e0fef893d26baae17a3e262951afad508996ae16f2f43fe107136aa1982b97d3,15,2,12,23,2560,1,7362,6596,209,557,1000,1000,1.0148018598556519,1.06722891330719,0.24061175418287464,4.944674968719482
41,L,e0fef893d26baae17a3e262951afad508996ae16f2f43fe107136aa1982b97d3,15,2,12,37,2560,1,7362,6596,209,557,975,1000,0.9232753813266754,1.016968309879303,0.20341080023922406,4.480859279632568
41,L,e0fef893d26baae17a3e262951afad508996ae16f2f43fe107136aa1982b97d3,15,3,13,11,2560,1,7362,6596,209,557,700,950,0.8212560340762138,0.7543915460507075,0.26237404112697693,2.422198534011841
41,L,e0fef893d26baae17a3e262951afad508996ae16f2f43fe107136aa1982b97d3,15,3,13,23,2560,1,7362,6596,209,557,800,1000,0.8134050294756889,0.7482897490262985,0.2946366141018177,2.9385576248168945
41,L,e0fef893d26baae17a3e262951afad508996ae16f2f43fe107136aa1982b97d3,15,3,13,37,2560,1,7362,6596,209,557,925,1000,0.8026964664459229,0.7325003941853842,0.2768570227862483,3.2445013523101807
41,L,e0fef893d26baae17a3e262951afad508996ae16f2f43fe107136aa1982b97d3,15,3,14,11,2560,1,7362,6596,209,557,700,950,1.04295514523983,0.9159073630968729,0.3797607757563622,3.963209390640259
41,L,e0fef893d26baae17a3e262951afad508996ae16f2f43fe107136aa1982b97d3,15,3,14,23,2560,1,7362,6596,209,557,800,1000,1.0090233087539673,0.9540938884019852,0.3957803752840179,4.154258728027344
41,L,e0fef893d26baae17a3e262951afad508996ae16f2f43fe107136aa1982b97d3,15,3,14,37,2560,1,7362,6596,209,557,1000,1000,1.0700891017913818,1.054842193921407,0.37842480894389313,5.11534309387207
41,L,e0fef893d26baae17a3e262951afad508996ae16f2f43fe107136aa1982b97d3,15,4,15,11,2560,1,7362,6596,209,557,975,1000,0.8649792671203613,0.2810182174046834,0.9459593302581744,4.573665618896484
41,L,e0fef893d26baae17a3e262951afad508996ae16f2f43fe107136aa1982b97d3,15,4,15,23,2560,1,7362,6596,209,557,925,1000,0.852895013988018,0.5734377404054006,0.507035207387045,4.270574569702148
41,L,e0fef893d26baae17a3e262951afad508996ae16f2f43fe107136aa1982b97d3,15,4,15,37,2560,1,7362,6596,209,557,825,1000,0.7205412462353706,0.3452470401922862,0.47429016410134334,3.711768388748169
41,L,e0fef893d26baae17a3e262951afad508996ae16f2f43fe107136aa1982b97d3,16,1,1,11,2560,1,7362,6596,209,557,950,1000,0.7067914754152298,0.8154658079147339,0.42361709908396517,2.959912061691284
41,L,e0fef893d26baae17a3e262951afad508996ae16f2f43fe107136aa1982b97d3,16,1,1,23,2560,1,7362,6596,209,557,800,1000,0.685294859111309,0.8021696011225382,0.3764270628896806,2.4959380626678467
41,L,e0fef893d26baae17a3e262951afad508996ae16f2f43fe107136aa1982b97d3,16,1,1,37,2560,1,7362,6596,209,557,975,1000,0.7693885564804077,0.8933612108230591,0.45893866319953147,2.871868848800659
41,L,e0fef893d26baae17a3e262951afad508996ae16f2f43fe107136aa1982b97d3,16,1,2,11,2560,1,7362,6596,209,557,750,1000,1.1120874881744385,1.1325977047284443,0.4336324917128759,5.10781192779541
41,L,e0fef893d26baae17a3e262951afad508996ae16f2f43fe107136aa1982b97d3,16,1,2,23,2560,1,7362,6596,209,557,1000,1000,1.1448202282190323,1.0772680441538494,0.46157913739333795,5.694733619689941
41,L,e0fef893d26baae17a3e262951afad508996ae16f2f43fe107136aa1982b97d3,16,1,2,37,2560,1,7362,6596,209,557,650,900,1.0847179889678955,1.1758098602294922,0.43209542966390924,4.208066940307617
41,L,e0fef893d26baae17a3e262951afad508996ae16f2f43fe107136aa1982b97d3,16,2,3,11,2560,1,7362,6596,209,557,1000,1000,0.9479293972253799,0.7915170689423879,0.4327115841782078,4.150503635406494
41,L,e0fef893d26baae17a3e262951afad508996ae16f2f43fe107136aa1982b97d3,16,2,3,23,2560,1,7362,6596,209,557,900,1000,0.8728551790118217,-0.15752781430880228,1.6512261849022165,3.878270387649536
41,L,e0fef893d26baae17a3e262951afad508996ae16f2f43fe107136aa1982b97d3,16,2,3,37,2560,1,7362,6596,209,557,950,1000,0.8575390875339508,0.6576919953028361,0.4406529419515366,4.108254432678223
41,L,e0fef893d26baae17a3e262951afad508996ae16f2f43fe107136aa1982b97d3,16,1,4,11,2560,1,7362,6596,209,557,975,1000,1.0659829676151276,0.19411305586496988,1.3157263208506889,4.36107063293457
41,L,e0fef893d26baae17a3e262951afad508996ae16f2f43fe107136aa1982b97d3,16,1,4,23,2560,1,7362,6596,209,557,825,1000,1.1118786334991455,0.7764460643132528,0.6399416241558495,4.0885701179504395
41,L,e0fef893d26baae17a3e262951afad508996ae16f2f43fe107136aa1982b97d3,16,1,4,37,2560,1,7362,6596,209,557,1000,1000,1.1242327690124512,0.989983598391215,0.4947557927548897,4.640966415405273
41,L,e0fef893d26baae17a3e262951afad508996ae16f2f43fe107136aa1982b97d3,16,2,5,11,2560,1,7362,6596,209,557,700,950,0.771911971271038,0.706609641512235,0.3485325468970273,2.282728672027588
41,L,e0fef893d26baae17a3e262951afad508996ae16f2f43fe107136aa1982b97d3,16,2,5,23,2560,1,7362,6596,209,557,850,1000,0.7937424257397652,0.7827229450146357,0.4098895741196091,2.762972116470337
41,L,e0fef893d26baae17a3e262951afad508996ae16f2f43fe107136aa1982b97d3,16,2,5,37,2560,1,7362,6596,209,557,800,1000,0.7091155052185059,0.7491842408974966,0.3950535061962159,2.4794023036956787
41,L,e0fef893d26baae17a3e262951afad508996ae16f2f43fe107136aa1982b97d3,16,2,6,11,2560,1,7362,6596,209,557,900,1000,1.0396532863378525,1.030400276184082,0.41765968256498986,4.421105861663818
41,L,e0fef893d26baae17a3e262951afad508996ae16f2f43fe107136aa1982b97d3,16,2,6,23,2560,1,7362,6596,209,557,925,1000,1.010586529970169,1.106009801228841,0.43140488266961274,4.750651836395264
41,L,e0fef893d26baae17a3e262951afad508996ae16f2f43fe107136aa1982b97d3,16,2,6,37,2560,1,7362,6596,209,557,925,1000,1.011374369263649,1.091805140177409,0.46670081866126667,4.715814590454102
41,L,e0fef893d26baae17a3e262951afad508996ae16f2f43fe107136aa1982b97d3,16,3,7,11,2560,1,7362,6596,209,557,875,1000,0.8643183633685112,0.6115844820936521,0.38816826667547033,3.3657174110412598
41,L,e0fef893d26baae17a3e262951afad508996ae16f2f43fe107136aa1982b97d3,16,3,7,23,2560,1,7362,6596,209,557,925,1000,0.8326718509197235,0.4823395808537801,0.9187112207274962,3.5617053508758545
41,L,e0fef893d26baae17a3e262951afad508996ae16f2f43fe107136aa1982b97d3,16,3,7,37,2560,1,7362,6596,209,557,950,1000,0.7328792810440063,0.514463946223259,0.44667286250243154,3.2798256874084473
41,L,e0fef893d26baae17a3e262951afad508996ae16f2f43fe107136aa1982b97d3,16,1,8,11,2560,1,7362,6596,209,557,975,1000,0.9936554431915283,1.0391461451848347,0.21765196030291512,4.589333534240723
41,L,e0fef893d26baae17a3e262951afad508996ae16f2f43fe107136aa1982b97d3,16,1,8,23,2560,1,7362,6596,209,557,925,1000,1.0643316507339478,1.0508229335149128,0.2288911328527683,4.6660075187683105
41,L,e0fef893d26baae17a3e262951afad508996ae16f2f43fe107136aa1982b97d3,16,1,8,37,2560,1,7362,6596,209,557,975,1000,1.1608272790908813,1.1354248523712158,0.19362818295800535,4.917627334594727
41,L,e0fef893d26baae17a3e262951afad508996ae16f2f43fe107136aa1982b97d3,16,2,9,11,2560,1,7362,6596,209,557,950,1000,0.7865962982177734,0.8831012646357218,0.2684228325261064,3.3066511154174805
41,L,e0fef893d26baae17a3e262951afad508996ae16f2f43fe107136aa1982b97d3,16,2,9,23,2560,1,7362,6596,209,557,925,1000,0.7311250045895576,0.791841983795166,0.24286350855298197,3.3719210624694824
41,L,e0fef893d26baae17a3e262951afad508996ae16f2f43fe107136aa1982b97d3,16,2,9,37,2560,1,7362,6596,209,557,950,1000,0.6825191080570221,0.8873817523320516,0.2959982592869118,3.5951778888702393
41,L,e0fef893d26baae17a3e262951afad508996ae16f2f43fe107136aa1982b97d3,16,2,10,11,2560,1,7362,6596,209,557,900,1000,1.153561219573021,1.0559016515811284,0.28409456437071384,4.192272186279297
41,L,e0fef893d26baae17a3e262951afad508996ae16f2f43fe107136aa1982b97d3,16,2,10,23,2560,1,7362,6596,209,557,925,1000,1.175310268998146,1.113463560740153,0.33233293283739745,4.897113800048828
41,L,e0fef893d26baae17a3e262951afad508996ae16f2f43fe107136aa1982b97d3,16,2,10,37,2560,1,7362,6596,209,557,925,1000,1.1832436472177505,1.0980370144049327,0.3523689759137685,5.2208757400512695
41,L,e0fef893d26baae17a3e262951afad508996ae16f2f43fe107136aa1982b97d3,16,3,11,11,2560,1,7362,6596,209,557,775,1000,0.9657866954803467,0.3418219933907191,0.8524396493697919,3.45314884185791
41,L,e0fef893d26baae17a3e262951afad508996ae16f2f43fe107136aa1982b97d3,16,3,11,23,2560,1,7362,6596,209,557,950,1000,1.0857208967208862,-0.5820078154404958,1.6440444191901329,3.8006114959716797
41,L,e0fef893d26baae17a3e262951afad508996ae16f2f43fe107136aa1982b97d3,16,3,11,37,2560,1,7362,6596,209,557,500,750,0.7608388662338257,0.21991570790608725,0.40971644490810805,2.2386317253112793
41,L,e0fef893d26baae17a3e262951afad508996ae16f2f43fe107136aa1982b97d3,16,2,12,11,2560,1,7362,6596,209,557,1000,1000,1.014070987701416,1.0453299283981323,0.1752043907697518,4.689090728759766
41,L,e0fef893d26baae17a3e262951afad508996ae16f2f43fe107136aa1982b97d3,16,2,12,23,2560,1,7362,6596,209,557,825,1000,0.9020987749099731,0.9233142137527466,0.1768748380954619,4.065918922424316
41,L,e0fef893d26baae17a3e262951afad508996ae16f2f43fe107136aa1982b97d3,16,2,12,37,2560,1,7362,6596,209,557,900,1000,0.9518951177597046,1.0185892581939697,0.15767402525122748,4.258206844329834
41,L,e0fef893d26baae17a3e262951afad508996ae16f2f43fe107136aa1982b97d3,16,3,13,11,2560,1,7362,6596,209,557,950,1000,0.8829158544540405,0.8509371678034464,0.28120667218930884,3.2593295574188232
41,L,e0fef893d26baae17a3e262951afad508996ae16f2f43fe107136aa1982b97d3,16,3,13,23,2560,1,7362,6596,209,557,775,1000,0.809254415333271,0.6363992691040039,0.2704404415911463,2.589510440826416
41,L,e0fef893d26baae17a3e262951afad508996ae16f2f43fe107136aa1982b97d3,16,3,13,37,2560,1,7362,6596,209,557,750,1000,0.7515508681535721,0.6186168690522512,0.2594080748628454,2.526818037033081
41,L,e0fef893d26baae17a3e262951afad508996ae16f2f43fe107136aa1982b97d3,16,3,14,11,2560,1,7362,6596,209,557,925,1000,1.0675101280212402,1.0624146858851116,0.39467177926496844,4.869696140289307
41,L,e0fef893d26baae17a3e262951afad508996ae16f2f43fe107136aa1982b97d3,16,3,14,23,2560,1,7362,6596,209,557,1000,1000,1.0224886983633041,1.0241588751475017,0.36454938353878513,5.480008125305176
41,L,e0fef893d26baae17a3e262951afad508996ae16f2f43fe107136aa1982b97d3,16,3,14,37,2560,1,7362,6596,209,557,975,1000,1.1188712269067764,1.1121233701705933,0.38824830075385564,5.229096412658691
41,L,e0fef893d26baae17a3e262951afad508996ae16f2f43fe107136aa1982b97d3,16,4,15,11,2560,1,7362,6596,209,557,875,1000,0.801360122859478,0.5887288252512614,0.36133290260777473,3.903639554977417
41,L,e0fef893d26baae17a3e262951afad508996ae16f2f43fe107136aa1982b97d3,16,4,15,23,2560,1,7362,6596,209,557,725,975,0.8049273490905762,0.6476652026176453,0.31839112111431184,3.323024272918701
41,L,e0fef893d26baae17a3e262951afad508996ae16f2f43fe107136aa1982b97d3,16,4,15,37,2560,1,7362,6596,209,557,950,1000,0.8279738500714302,0.6450203657150269,0.3218209899645877,4.106799602508545
41,L,e0fef893d26baae17a3e262951afad508996ae16f2f43fe107136aa1982b97d3,17,1,1,11,2560,1,7362,6596,209,557,975,1000,0.7342976331710815,0.8655416568120321,0.36227154202683537,2.833813190460205
41,L,e0fef893d26baae17a3e262951afad508996ae16f2f43fe107136aa1982b97d3,17,1,1,23,2560,1,7362,6596,209,557,925,1000,0.7420827224850655,0.7472429970900217,0.3600846563096574,2.4858205318450928
41,L,e0fef893d26baae17a3e262951afad508996ae16f2f43fe107136aa1982b97d3,17,1,1,37,2560,1,7362,6596,209,557,1000,1000,0.7470807582139969,0.8690538803736368,0.4197033131651035,2.907891273498535
41,L,e0fef893d26baae17a3e262951afad508996ae16f2f43fe107136aa1982b97d3,17,1,2,11,2560,1,7362,6596,209,557,900,1000,1.111228957772255,1.1743595401446025,0.4591031121448121,5.595391273498535
41,L,e0fef893d26baae17a3e262951afad508996ae16f2f43fe107136aa1982b97d3,17,1,2,23,2560,1,7362,6596,209,557,950,1000,1.1728880405426025,1.2225371301174164,0.4701369011213688,5.477720737457275
41,L,e0fef893d26baae17a3e262951afad508996ae16f2f43fe107136aa1982b97d3,17,1,2,37,2560,1,7362,6596,209,557,925,1000,1.100745677947998,1.2015770276387532,0.46974949078261546,5.344873905181885
41,L,e0fef893d26baae17a3e262951afad508996ae16f2f43fe107136aa1982b97d3,17,2,3,11,2560,1,7362,6596,209,557,675,925,0.8342018127441406,0.6832847893238068,0.42366735546408174,3.2032620906829834
41,L,e0fef893d26baae17a3e262951afad508996ae16f2f43fe107136aa1982b97d3,17,2,3,23,2560,1,7362,6596,209,557,900,1000,0.8418364524841309,0.5408520698547363,0.733634767097863,3.7068700790405273
41,L,e0fef893d26baae17a3e262951afad508996ae16f2f43fe107136aa1982b97d3,17,2,3,37,2560,1,7362,6596,209,557,1000,1000,0.7855913937091827,0.1699847380320231,1.360393818787748,4.001233100891113
41,L,e0fef893d26baae17a3e262951afad508996ae16f2f43fe107136aa1982b97d3,17,1,4,11,2560,1,7362,6596,209,557,1000,1000,1.0944159030914307,0.8368487159411112,0.6671693122285206,4.621927738189697
41,L,e0fef893d26baae17a3e262951afad508996ae16f2f43fe107136aa1982b97d3,17,1,4,23,2560,1,7362,6596,209,557,1000,1000,1.076709508895874,1.035876750946045,0.2908808730634204,4.587026596069336
41,L,e0fef893d26baae17a3e262951afad508996ae16f2f43fe107136aa1982b97d3,17,1,4,37,2560,1,7362,6596,209,557,1000,1000,1.0901880115270615,1.0461578766504924,0.2424298023633828,4.413183212280273
41,L,e0fef893d26baae17a3e262951afad508996ae16f2f43fe107136aa1982b97d3,17,2,5,11,2560,1,7362,6596,209,557,975,1000,0.7829435169696808,0.6685372292995453,0.3943690045310931,2.7429916858673096
41,L,e0fef893d26baae17a3e262951afad508996ae16f2f43fe107136aa1982b97d3,17,2,5,23,2560,1,7362,6596,209,557,950,1000,0.7863295152783394,0.7229997366666794,0.3628520279004202,2.6481199264526367
41,L,e0fef893d26baae17a3e262951afad508996ae16f2f43fe107136aa1982b97d3,17,2,5,37,2560,1,7362,6596,209,557,875,1000,0.7020069360733032,0.68013267715772,0.3829504531623438,2.844130754470825
41,L,e0fef893d26baae17a3e262951afad508996ae16f2f43fe107136aa1982b97d3,17,2,6,11,2560,1,7362,6596,209,557,1000,1000,0.9459375143051147,0.9959984223047892,0.44952991614796445,4.997857570648193
41,L,e0fef893d26baae17a3e262951afad508996ae16f2f43fe107136aa1982b97d3,17,2,6,23,2560,1,7362,6596,209,557,875,1000,0.9188983514904976,1.0673647100726764,0.4588857968817357,4.551199913024902
41,L,e0fef893d26baae17a3e262951afad508996ae16f2f43fe107136aa1982b97d3,17,2,6,37,2560,1,7362,6596,209,557,850,1000,1.0348331928253174,1.0644716223080952,0.4539833408535254,4.539658546447754
41,L,e0fef893d26baae17a3e262951afad508996ae16f2f43fe107136aa1982b97d3,17,3,7,11,2560,1,7362,6596,209,557,725,975,0.7965271398425102,0.6076029936472574,0.3956190680895434,2.9984078407287598
41,L,e0fef893d26baae17a3e262951afad508996ae16f2f43fe107136aa1982b97d3,17,3,7,23,2560,1,7362,6596,209,557,850,1000,0.805145613849163,0.46745868523915607,0.8596962335408577,3.5772101879119873
41,L,e0fef893d26baae17a3e262951afad508996ae16f2f43fe107136aa1982b97d3,17,3,7,37,2560,1,7362,6596,209,557,625,875,0.6723509281873703,0.46712855497996014,0.4711708858665133,2.688185214996338
41,L,e0fef893d26baae17a3e262951afad508996ae16f2f43fe107136aa1982b97d3,17,1,8,11,2560,1,7362,6596,209,557,625,875,0.962639331817627,0.9755517641703287,0.14900812687534715,3.1075809001922607
41,L,e0fef893d26baae17a3e262951afad508996ae16f2f43fe107136aa1982b97d3,17,1,8,23,2560,1,7362,6596,209,557,950,1000,1.0262740701436996,1.058835208415985,0.22782511647835235,4.67299222946167
41,L,e0fef893d26baae17a3e262951afad508996ae16f2f43fe107136aa1982b97d3,17,1,8,37,2560,1,7362,6596,209,557,975,1000,1.1149343252182007,1.1763493220011394,0.21781550563414898,5.006980895996094
41,L,e0fef893d26baae17a3e262951afad508996ae16f2f43fe107136aa1982b97d3,17,2,9,11,2560,1,7362,6596,209,557,975,1000,0.7523932456970215,0.9492126703262329,0.24338958281621714,3.352888584136963
41,L,e0fef893d26baae17a3e262951afad508996ae16f2f43fe107136aa1982b97d3,17,2,9,23,2560,1,7362,6596,209,557,925,1000,0.7797381803393364,0.7919160922368368,0.25432423222738504,3.4697320461273193
41,L,e0fef893d26baae17a3e262951afad508996ae16f2f43fe107136aa1982b97d3,17,2,9,37,2560,1,7362,6596,209,557,925,1000,0.79997518658638,0.8602473338445028,0.2792039909089569,3.3392984867095947
41,L,e0fef893d26baae17a3e262951afad508996ae16f2f43fe107136aa1982b97d3,17,2,10,11,2560,1,7362,6596,209,557,650,900,1.039013847708702,0.8735354294379553,0.28515683219611815,3.712122678756714
41,L,e0fef893d26baae17a3e262951afad508996ae16f2f43fe107136aa1982b97d3,17,2,10,23,2560,1,7362,6596,209,557,825,1000,1.1140501499176025,1.0386438568433125,0.3537467584820945,4.639163970947266
41,L,e0fef893d26baae17a3e262951afad508996ae16f2f43fe107136aa1982b97d3,17,2,10,37,2560,1,7362,6596,209,557,900,1000,1.1107748746871948,1.047257939974467,0.3475195277657353,4.841673851013184
41,L,e0fef893d26baae17a3e262951afad508996ae16f2f43fe107136aa1982b97d3,17,3,11,11,2560,1,7362,6596,209,557,1000,1000,0.9880020543932915,0.49743616829315823,0.311721533001703,3.9660744667053223
41,L,e0fef893d26baae17a3e262951afad508996ae16f2f43fe107136aa1982b97d3,17,3,11,23,2560,1,7362,6596,209,557,950,1000,0.9621568918228149,0.260922372341156,0.6245150699369659,3.8008124828338623
41,L,e0fef893d26baae17a3e262951afad508996ae16f2f43fe107136aa1982b97d3,17,3,11,37,2560,1,7362,6596,209,557,500,750,0.713155210018158,0.4284717837969462,0.24299411689285236,2.4590983390808105
41,L,e0fef893d26baae17a3e262951afad508996ae16f2f43fe107136aa1982b97d3,17,2,12,11,2560,1,7362,6596,209,557,775,1000,0.8608428239822388,0.9385466972986857,0.19275838374539822,3.774758815765381
41,L,e0fef893d26baae17a3e262951afad508996ae16f2f43fe107136aa1982b97d3,17,2,12,23,2560,1,7362,6596,209,557,725,975,0.8862080574035645,0.909488171339035,0.12687377069023825,3.907256841659546
41,L,e0fef893d26baae17a3e262951afad508996ae16f2f43fe107136aa1982b97d3,17,2,12,37,2560,1,7362,6596,209,557,900,1000,0.9215488433837891,1.0734377801418304,0.15392831037319873,4.114254474639893
41,L,e0fef893d26baae17a3e262951afad508996ae16f2f43fe107136aa1982b97d3,17,3,13,11,2560,1,7362,6596,209,557,1000,1000,0.7614174634218216,0.6872421205043793,0.27001660447451653,3.11151385307312
41,L,e0fef893d26baae17a3e262951afad508996ae16f2f43fe107136aa1982b97d3,17,3,13,23,2560,1,7362,6596,209,557,775,1000,0.8285293653607368,0.5925656457742056,0.28434910298523064,2.6538963317871094
41,L,e0fef893d26baae17a3e262951afad508996ae16f2f43fe107136aa1982b97d3,17,3,13,37,2560,1,7362,6596,209,557,950,1000,0.7576471492648125,0.6876121709744135,0.25676248656987344,3.2177040576934814
41,L,e0fef893d26baae17a3e262951afad508996ae16f2f43fe107136aa1982b97d3,17,3,14,11,2560,1,7362,6596,209,557,975,1000,1.0402269512414932,1.0080442031224568,0.4007641321892773,4.988082408905029
41,L,e0fef893d26baae17a3e262951afad508996ae16f2f43fe107136aa1982b97d3,17,3,14,23,2560,1,7362,6596,209,557,975,1000,1.1022779792547226,0.9785429040590922,0.3829958799712569,4.966699123382568
41,L,e0fef893d26baae17a3e262951afad508996ae16f2f43fe107136aa1982b97d3,17,3,14,37,2560,1,7362,6596,209,557,1000,1000,1.0484573692083359,0.9695718288421631,0.3902013785465677,5.109755516052246
41,L,e0fef893d26baae17a3e262951afad508996ae16f2f43fe107136aa1982b97d3,17,4,15,11,2560,1,7362,6596,209,557,975,1000,0.8842827528715134,0.4236874630053838,0.5668504880751617,4.127317905426025
41,L,e0fef893d26baae17a3e262951afad508996ae16f2f43fe107136aa1982b97d3,17,4,15,23,2560,1,7362,6596,209,557,925,1000,0.845654085278511,0.7285736749569575,0.33204629987038103,4.498589515686035
41,L,e0fef893d26baae17a3e262951afad508996ae16f2f43fe107136aa1982b97d3,17,4,15,37,2560,1,7362,6596,209,557,975,1000,0.778739333152771,0.5796720584233602,0.48920133981978176,4.239271640777588
41,L,e0fef893d26baae17a3e262951afad508996ae16f2f43fe107136aa1982b97d3,18,1,1,11,2560,1,7362,6596,209,557,800,1000,0.6798615902662277,0.7869246403376261,0.3651728461225318,2.2582335472106934
41,L,e0fef893d26baae17a3e262951afad508996ae16f2f43fe107136aa1982b97d3,18,1,1,23,2560,1,7362,6596,209,557,850,1000,0.7161346226930618,0.8598490953445435,0.4598050987945939,2.7275633811950684
41,L,e0fef893d26baae17a3e262951afad508996ae16f2f43fe107136aa1982b97d3,18,1,1,37,2560,1,7362,6596,209,557,900,1000,0.7682818174362183,0.8529338439305624,0.37840055184711346,2.6555819511413574
41,L,e0fef893d26baae17a3e262951afad508996ae16f2f43fe107136aa1982b97d3,18,1,2,11,2560,1,7362,6596,209,557,925,1000,1.1510097980499268,1.2853699922561646,0.46732045305310566,5.339015960693359
41,L,e0fef893d26baae17a3e262951afad508996ae16f2f43fe107136aa1982b97d3,18,1,2,23,2560,1,7362,6596,209,557,850,1000,1.113944411277771,1.168474833170573,0.44642942027489546,5.470315933227539
41,L,e0fef893d26baae17a3e262951afad508996ae16f2f43fe107136aa1982b97d3,18,1,2,37,2560,1,7362,6596,209,557,925,1000,1.0782475471496582,1.2409905989964802,0.42465810647819857,5.4799933433532715
41,L,e0fef893d26baae17a3e262951afad508996ae16f2f43fe107136aa1982b97d3,18,2,3,11,2560,1,7362,6596,209,557,975,1000,0.8822580501437187,0.7936448752880096,0.33812703113364806,3.972925901412964
41,L,e0fef893d26baae17a3e262951afad508996ae16f2f43fe107136aa1982b97d3,18,2,3,23,2560,1,7362,6596,209,557,975,1000,0.8581730425357819,0.48650333285331726,0.8335124597219317,3.650143623352051
41,L,e0fef893d26baae17a3e262951afad508996ae16f2f43fe107136aa1982b97d3,18,2,3,37,2560,1,7362,6596,209,557,700,950,0.7947768419981003,0.6625734468301138,0.3813968704887209,3.0474653244018555
41,L,e0fef893d26baae17a3e262951afad508996ae16f2f43fe107136aa1982b97d3,18,1,4,11,2560,1,7362,6596,209,557,975,1000,1.117772102355957,0.20769294102986655,1.3222118529675484,4.611581802368164
41,L,e0fef893d26baae17a3e262951afad508996ae16f2f43fe107136aa1982b97d3,18,1,4,23,2560,1,7362,6596,209,557,950,1000,1.0735436826944351,1.0288099845250447,0.27572184520593906,4.612678050994873
41,L,e0fef893d26baae17a3e262951afad508996ae16f2f43fe107136aa1982b97d3,18,1,4,37,2560,1,7362,6596,209,557,975,1000,1.155978336930275,1.1484304368495941,0.2548113706421935,4.612973690032959
41,L,e0fef893d26baae17a3e262951afad508996ae16f2f43fe107136aa1982b97d3,18,2,5,11,2560,1,7362,6596,209,557,900,1000,0.7491200044751167,0.66908531387647,0.41224903649941125,2.6266350746154785
41,L,e0fef893d26baae17a3e262951afad508996ae16f2f43fe107136aa1982b97d3,18,2,5,23,2560,1,7362,6596,209,557,950,1000,0.8336004316806793,0.7926763296127319,0.3764604831763195,2.6363983154296875
41,L,e0fef893d26baae17a3e262951afad508996ae16f2f43fe107136aa1982b97d3,18,2,5,37,2560,1,7362,6596,209,557,750,1000,0.7144828587770462,0.7152853012084961,0.3930522903990635,2.3628439903259277
41,L,e0fef893d26baae17a3e262951afad508996ae16f2f43fe107136aa1982b97d3,18,2,6,11,2560,1,7362,6596,209,557,950,1000,0.9710870981216431,1.022080938021342,0.46462249895099567,4.686971187591553
41,L,e0fef893d26baae17a3e262951afad508996ae16f2f43fe107136aa1982b97d3,18,2,6,23,2560,1,7362,6596,209,557,875,1000,0.9690617322921753,1.04226919511954,0.4163122131557464,4.6152849197387695
41,L,e0fef893d26baae17a3e262951afad508996ae16f2f43fe107136aa1982b97d3,18,2,6,37,2560,1,7362,6596,209,557,925,1000,0.9757957383990288,1.0319054921468098,0.45043930709819574,4.597407817840576
41,L,e0fef893d26baae17a3e262951afad508996ae16f2f43fe107136aa1982b97d3,18,3,7,11,2560,1,7362,6596,209,557,875,1000,0.8774353265762329,0.5956019510825475,0.4135168646641222,3.4155328273773193
41,L,e0fef893d26baae17a3e262951afad508996ae16f2f43fe107136aa1982b97d3,18,3,7,23,2560,1,7362,6596,209,557,925,1000,0.8229340240359306,0.5542884469032288,0.6676911091948271,3.2773311138153076
41,L,e0fef893d26baae17a3e262951afad508996ae16f2f43fe107136aa1982b97d3,18,3,7,37,2560,1,7362,6596,209,557,975,1000,0.7474785596132278,0.6248097767432531,0.4415744023430955,3.345710277557373
41,L,e0fef893d26baae17a3e262951afad508996ae16f2f43fe107136aa1982b97d3,18,1,8,11,2560,1,7362,6596,209,557,925,1000,1.0330661535263062,1.0527458190917969,0.25035027275612687,4.212506294250488
41,L,e0fef893d26baae17a3e262951afad508996ae16f2f43fe107136aa1982b97d3,18,1,8,23,2560,1,7362,6596,209,557,875,1000,1.0050032138824463,1.1211233933766682,0.20896235833573648,4.5399370193481445
41,L,e0fef893d26baae17a3e262951afad508996ae16f2f43fe107136aa1982b97d3,18,1,8,37,2560,1,7362,6596,209,557,900,1000,1.039894461631775,1.099675138791402,0.17742862121210032,3.845449447631836
41,L,e0fef893d26baae17a3e262951afad508996ae16f2f43fe107136aa1982b97d3,18,2,9,11,2560,1,7362,6596,209,557,825,1000,0.7394982501864433,0.8356449951728185,0.2784537343937693,3.2657763957977295
41,L,e0fef893d26baae17a3e262951afad508996ae16f2f43fe107136aa1982b97d3,18,2,9,23,2560,1,7362,6596,209,557,875,1000,0.7802658155560493,0.8454076051712036,0.24745483420325082,3.2230069637298584
41,L,e0fef893d26baae17a3e262951afad508996ae16f2f43fe107136aa1982b97d3,18,2,9,37,2560,1,7362,6596,209,557,825,1000,0.7297030985355377,0.7803438901901245,0.25774197237122526,3.019073486328125
41,L,e0fef893d26baae17a3e262951afad508996ae16f2f43fe107136aa1982b97d3,18,2,10,11,2560,1,7362,6596,209,557,925,1000,1.10287606716156,0.9009856979052225,0.41364667639861247,4.6383891105651855
41,L,e0fef893d26baae17a3e262951afad508996ae16f2f43fe107136aa1982b97d3,18,2,10,23,2560,1,7362,6596,209,557,950,1000,1.1276472806930542,1.0912379374106724,0.33521596573326523,4.905683517456055
41,L,e0fef893d26baae17a3e262951afad508996ae16f2f43fe107136aa1982b97d3,18,2,10,37,2560,1,7362,6596,209,557,775,1000,1.1194516271352768,1.0118751923243205,0.3173969071387438,4.141768932342529
41,L,e0fef893d26baae17a3e262951afad508996ae16f2f43fe107136aa1982b97d3,18,3,11,11,2560,1,7362,6596,209,557,950,1000,0.9156120717525482,0.4621357060968876,0.30552727730201334,3.823350429534912
41,L,e0fef893d26baae17a3e262951afad508996ae16f2f43fe107136aa1982b97d3,18,3,11,23,2560,1,7362,6596,209,557,975,1000,1.0681631490588188,-0.6256010333697001,1.5414898878181071,4.11082124710083
41,L,e0fef893d26baae17a3e262951afad508996ae16f2f43fe107136aa1982b97d3,18,3,11,37,2560,1,7362,6596,209,557,900,1000,0.9753475040197372,0.5796688199043274,0.3387355462021351,3.849132776260376
41,L,e0fef893d26baae17a3e262951afad508996ae16f2f43fe107136aa1982b97d3,18,2,12,11,2560,1,7362,6596,209,557,925,1000,0.9115146696567535,0.8569706082344055,0.14821602055892527,4.147620677947998
41,L,e0fef893d26baae17a3e262951afad508996ae16f2f43fe107136aa1982b97d3,18,2,12,23,2560,1,7362,6596,209,557,900,1000,0.9874313026666641,0.9730306764443716,0.22901948790393437,4.309048652648926
41,L,e0fef893d26baae17a3e262951afad508996ae16f2f43fe107136aa1982b97d3,18,2,12,37,2560,1,7362,6596,209,557,900,1000,0.9412167370319366,1.0454227924346924,0.19610416320359128,4.224673271179199
41,L,e0fef893d26baae17a3e262951afad508996ae16f2f43fe107136aa1982b97d3,18,3,13,11,2560,1,7362,6596,209,557,900,1000,0.7803725004196167,0.7121153175830841,0.2896493206232418,2.9643423557281494
41,L,e0fef893d26baae17a3e262951afad508996ae16f2f43fe107136aa1982b97d3,18,3,13,23,2560,1,7362,6596,209,557,900,1000,0.7555077522993088,0.7281200885772705,0.32441787601234773,2.9200212955474854
41,L,e0fef893d26baae17a3e262951afad508996ae16f2f43fe107136aa1982b97d3,18,3,13,37,2560,1,7362,6596,209,557,875,1000,0.7592105865478516,0.7641435464223226,0.2782293659566914,2.9596924781799316
41,L,e0fef893d26baae17a3e262951afad508996ae16f2f43fe107136aa1982b97d3,18,3,14,11,2560,1,7362,6596,209,557,725,975,0.9556159898638725,0.8846526890993118,0.3638747000088581,3.608870506286621
41,L,e0fef893d26baae17a3e262951afad508996ae16f2f43fe107136aa1982b97d3,18,3,14,23,2560,1,7362,6596,209,557,975,1000,1.022566795349121,0.9860019286473592,0.3830541838904054,4.869903564453125
41,L,e0fef893d26baae17a3e262951afad508996ae16f2f43fe107136aa1982b97d3,18,3,14,37,2560,1,7362,6596,209,557,975,1000,1.040558084845543,1.0622122883796692,0.40093855178753623,5.059934616088867
41,L,e0fef893d26baae17a3e262951afad508996ae16f2f43fe107136aa1982b97d3,18,4,15,11,2560,1,7362,6596,209,557,950,1000,0.8582254722714424,0.5518735951433579,0.2951036551672305,3.791987895965576
41,L,e0fef893d26baae17a3e262951afad508996ae16f2f43fe107136aa1982b97d3,18,4,15,23,2560,1,7362,6596,209,557,925,1000,0.8270128518342972,0.6855815649032593,0.3675290187098093,4.319953441619873
41,L,e0fef893d26baae17a3e262951afad508996ae16f2f43fe107136aa1982b97d3,18,4,15,37,2560,1,7362,6596,209,557,950,1000,0.8362717628479004,0.6371635595957438,0.4641881367039985,4.215868949890137
41,L,e0fef893d26baae17a3e262951afad508996ae16f2f43fe107136aa1982b97d3,19,1,1,11,2560,1,7362,6596,209,557,650,900,0.5889548063278198,0.6537458499272665,0.3468583445743813,1.71580171585083
41,L,e0fef893d26baae17a3e262951afad508996ae16f2f43fe107136aa1982b97d3,19,1,1,23,2560,1,7362,6596,209,557,800,1000,0.7298869639635086,0.8256324132283529,0.393208130096274,2.5729472637176514
41,L,e0fef893d26baae17a3e262951afad508996ae16f2f43fe107136aa1982b97d3,19,1,1,37,2560,1,7362,6596,209,557,975,1000,0.7246372699737549,0.748581329981486,0.4206091617938208,2.4389374256134033
41,L,e0fef893d26baae17a3e262951afad508996ae16f2f43fe107136aa1982b97d3,19,1,2,11,2560,1,7362,6596,209,557,1000,1000,1.0954437255859375,1.2494324445724487,0.4952511811763141,5.706882953643799
41,L,e0fef893d26baae17a3e262951afad508996ae16f2f43fe107136aa1982b97d3,19,1,2,23,2560,1,7362,6596,209,557,875,1000,1.1096950769424438,1.2286003331343334,0.4393792555863252,5.339925765991211
41,L,e0fef893d26baae17a3e262951afad508996ae16f2f43fe107136aa1982b97d3,19,1,2,37,2560,1,7362,6596,209,557,900,1000,1.0958174467086792,1.1567195653915405,0.47009603658674254,5.7251739501953125
41,L,e0fef893d26baae17a3e262951afad508996ae16f2f43fe107136aa1982b97d3,19,2,3,11,2560,1,7362,6596,209,557,1000,1000,0.8445692136883736,0.7768307874600092,0.35395887877386484,3.9916832447052
41,L,e0fef893d26baae17a3e262951afad508996ae16f2f43fe107136aa1982b97d3,19,2,3,23,2560,1,7362,6596,209,557,975,1000,0.8882811963558197,0.6486832698186239,0.5066763442913671,3.667442798614502
41,L,e0fef893d26baae17a3e262951afad508996ae16f2f43fe107136aa1982b97d3,19,2,3,37,2560,1,7362,6596,209,557,750,1000,0.8494805097579956,0.6790961821873983,0.521236750518503,3.4393410682678223
41,L,e0fef893d26baae17a3e262951afad508996ae16f2f43fe107136aa1982b97d3,19,1,4,11,2560,1,7362,6596,209,557,975,1000,1.045445442199707,0.2572285334269206,1.1469229455514636,4.467037200927734
41,L,e0fef893d26baae17a3e262951afad508996ae16f2f43fe107136aa1982b97d3,19,1,4,23,2560,1,7362,6596,209,557,950,1000,1.2061043977737427,1.1330494185288746,0.2550712239269441,4.60190486907959
41,L,e0fef893d26baae17a3e262951afad508996ae16f2f43fe107136aa1982b97d3,19,1,4,37,2560,1,7362,6596,209,557,925,1000,1.192670464515686,0.9665383895238241,0.49155756429494,4.702886581420898
41,L,e0fef893d26baae17a3e262951afad508996ae16f2f43fe107136aa1982b97d3,19,2,5,11,2560,1,7362,6596,209,557,900,1000,0.7731096744537354,0.735946923494339,0.4232812118569272,2.6175405979156494
41,L,e0fef893d26baae17a3e262951afad508996ae16f2f43fe107136aa1982b97d3,19,2,5,23,2560,1,7362,6596,209,557,875,1000,0.7698065787553787,0.7408133347829183,0.38503837318517636,2.6167261600494385
41,L,e0fef893d26baae17a3e262951afad508996ae16f2f43fe107136aa1982b97d3,19,2,5,37,2560,1,7362,6596,209,557,1000,1000,0.6617121547460556,0.7620943486690521,0.41463909019708456,2.6466732025146484
41,L,e0fef893d26baae17a3e262951afad508996ae16f2f43fe107136aa1982b97d3,19,2,6,11,2560,1,7362,6596,209,557,900,1000,0.9597183465957642,1.0038416186968486,0.42438560524996893,4.243793487548828
41,L,e0fef893d26baae17a3e262951afad508996ae16f2f43fe107136aa1982b97d3,19,2,6,23,2560,1,7362,6596,209,557,1000,1000,0.9053056240081787,0.9426290939251581,0.42872032832119106,5.183539867401123
41,L,e0fef893d26baae17a3e262951afad508996ae16f2f43fe107136aa1982b97d3,19,2,6,37,2560,1,7362,6596,209,557,975,1000,0.9354910552501678,0.9842667182286581,0.4394097723148402,4.91910457611084
41,L,e0fef893d26baae17a3e262951afad508996ae16f2f43fe107136aa1982b97d3,19,3,7,11,2560,1,7362,6596,209,557,550,800,0.7198168039321899,0.5491579174995422,0.3060083391241042,2.2997684478759766
41,L,e0fef893d26baae17a3e262951afad508996ae16f2f43fe107136aa1982b97d3,19,3,7,23,2560,1,7362,6596,209,557,925,1000,0.8790147379040718,0.62902203698953,0.5146607000940687,3.784384250640869
41,L,e0fef893d26baae17a3e262951afad508996ae16f2f43fe107136aa1982b97d3,19,3,7,37,2560,1,7362,6596,209,557,675,925,0.7436003237962723,0.4914071162541707,0.4497384213312359,2.731332302093506
41,L,e0fef893d26baae17a3e262951afad508996ae16f2f43fe107136aa1982b97d3,19,1,8,11,2560,1,7362,6596,209,557,1000,1000,1.0580166578292847,1.0693389972050984,0.17807875900029474,3.8566250801086426
41,L,e0fef893d26baae17a3e262951afad508996ae16f2f43fe107136aa1982b97d3,19,1,8,23,2560,1,7362,6596,209,557,975,1000,1.056501880288124,1.0505746205647786,0.15079213683373946,4.989030838012695
41,L,e0fef893d26baae17a3e262951afad508996ae16f2f43fe107136aa1982b97d3,19,1,8,37,2560,1,7362,6596,209,557,925,1000,1.0642793029546738,1.061151385307312,0.16620044871815315,4.156150817871094
41,L,e0fef893d26baae17a3e262951afad508996ae16f2f43fe107136aa1982b97d3,19,2,9,11,2560,1,7362,6596,209,557,900,1000,0.7680282518267632,0.8493841936190923,0.26546449493796637,2.9993834495544434
41,L,e0fef893d26baae17a3e262951afad508996ae16f2f43fe107136aa1982b97d3,19,2,9,23,2560,1,7362,6596,209,557,825,1000,0.7185869142413139,0.7355808118979136,0.2864019216514428,3.0132288932800293
41,L,e0fef893d26baae17a3e262951afad508996ae16f2f43fe107136aa1982b97d3,19,2,9,37,2560,1,7362,6596,209,557,700,950,0.7019230127334595,0.7425854206085205,0.24926601235277918,2.522021532058716
41,L,e0fef893d26baae17a3e262951afad508996ae16f2f43fe107136aa1982b97d3,19,2,10,11,2560,1,7362,6596,209,557,975,1000,1.225356101989746,1.1396950483322144,0.365309900909465,4.943197727203369
41,L,e0fef893d26baae17a3e262951afad508996ae16f2f43fe107136aa1982b97d3,19,2,10,23,2560,1,7362,6596,209,557,950,1000,1.1489848047494888,1.075538436571757,0.3782969586287516,5.082543849945068
41,L,e0fef893d26baae17a3e262951afad508996ae16f2f43fe107136aa1982b97d3,19,2,10,37,2560,1,7362,6596,209,557,975,1000,1.0787553787231445,1.0040094951788585,0.33434929301481214,4.991771221160889
41,L,e0fef893d26baae17a3e262951afad508996ae16f2f43fe107136aa1982b97d3,19,3,11,11,2560,1,7362,6596,209,557,1000,1000,1.0262205600738525,0.2509034772713979,0.5611398098329721,4.014669895172119
41,L,e0fef893d26baae17a3e262951afad508996ae16f2f43fe107136aa1982b97d3,19,3,11,23,2560,1,7362,6596,209,557,1000,1000,1.0290955305099487,0.19221436977386475,0.925293046963472,4.173024654388428
41,L,e0fef893d26baae17a3e262951afad508996ae16f2f43fe107136aa1982b97d3,19,3,11,37,2560,1,7362,6596,209,557,500,750,0.6936606913805008,0.332227090994517,0.31948496951341976,2.221134901046753
41,L,e0fef893d26baae17a3e262951afad508996ae16f2f43fe107136aa1982b97d3,19,2,12,11,2560,1,7362,6596,209,557,950,1000,0.8413846790790558,0.9562414983908335,0.11424257880400271,4.0364909172058105
41,L,e0fef893d26baae17a3e262951afad508996ae16f2f43fe107136aa1982b97d3,19,2,12,23,2560,1,7362,6596,209,557,850,1000,0.9470647275447845,1.083798925081889,0.18138409520914917,4.243502616882324
41,L,e0fef893d26baae17a3e262951afad508996ae16f2f43fe107136aa1982b97d3,19,2,12,37,2560,1,7362,6596,209,557,875,1000,0.9567580223083496,0.969030886888504,0.16740002462590628,4.510102272033691
41,L,e0fef893d26baae17a3e262951afad508996ae16f2f43fe107136aa1982b97d3,19,3,13,11,2560,1,7362,6596,209,557,975,1000,0.7575240209698677,0.6689140399297079,0.24679125835569718,2.8623695373535156
41,L,e0fef893d26baae17a3e262951afad508996ae16f2f43fe107136aa1982b97d3,19,3,13,23,2560,1,7362,6596,209,557,925,1000,0.7647721767425537,0.7195325295130411,0.26721093273210245,2.846691846847534
41,L,e0fef893d26baae17a3e262951afad508996ae16f2f43fe107136aa1982b97d3,19,3,13,37,2560,1,7362,6596,209,557,950,1000,0.7387102842330933,0.7553158203760783,0.26702889053173406,3.3356070518493652
41,L,e0fef893d26baae17a3e262951afad508996ae16f2f43fe107136aa1982b97d3,19,3,14,11,2560,1,7362,6596,209,557,975,1000,1.081037275493145,0.9849952558676401,0.4778682102014439,5.297688961029053
41,L,e0fef893d26baae17a3e262951afad508996ae16f2f43fe107136aa1982b97d3,19,3,14,23,2560,1,7362,6596,209,557,825,1000,0.9198825359344482,0.9183509002129236,0.31995158534224344,4.401650428771973
41,L,e0fef893d26baae17a3e262951afad508996ae16f2f43fe107136aa1982b97d3,19,3,14,37,2560,1,7362,6596,209,557,1000,1000,1.0546429008245468,1.0164134452740352,0.3671616367662627,4.728382110595703
41,L,e0fef893d26baae17a3e262951afad508996ae16f2f43fe107136aa1982b97d3,19,4,15,11,2560,1,7362,6596,209,557,875,1000,0.8652021437883377,0.48457380135854083,0.44333994821137146,3.715534210205078
41,L,e0fef893d26baae17a3e262951afad508996ae16f2f43fe107136aa1982b97d3,19,4,15,23,2560,1,7362,6596,209,557,675,925,0.7605945989489555,0.3661071260770162,0.42537419659745035,3.1217830181121826
41,L,e0fef893d26baae17a3e262951afad508996ae16f2f43fe107136aa1982b97d3,19,4,15,37,2560,1,7362,6596,209,557,900,1000,0.8041554689407349,0.7426840960979462,0.286844984048544,3.931912422180176
41,L,e0fef893d26baae17a3e262951afad508996ae16f2f43fe107136aa1982b97d3,20,1,1,11,2560,1,7362,6596,209,557,975,1000,0.7255631238222122,0.7822688817977905,0.4048810900836862,2.54105281829834
41,L,e0fef893d26baae17a3e262951afad508996ae16f2f43fe107136aa1982b97d3,20,1,1,23,2560,1,7362,6596,209,557,1000,1000,0.6397685557603836,0.7687174181143442,0.4283662656809647,2.8939099311828613
41,L,e0fef893d26baae17a3e262951afad508996ae16f2f43fe107136aa1982b97d3,20,1,1,37,2560,1,7362,6596,209,557,925,1000,0.6736165285110474,0.7560563882191976,0.378258699107902,2.7274346351623535
41,L,e0fef893d26baae17a3e262951afad508996ae16f2f43fe107136aa1982b97d3,20,1,2,11,2560,1,7362,6596,209,557,1000,1000,1.1043832451105118,1.2778672277927399,0.475198263237979,6.007747173309326
41,L,e0fef893d26baae17a3e262951afad508996ae16f2f43fe107136aa1982b97d3,20,1,2,23,2560,1,7362,6596,209,557,900,1000,1.1203233003616333,1.2423884272575378,0.4583721119558813,5.703175067901611
41,L,e0fef893d26baae17a3e262951afad508996ae16f2f43fe107136aa1982b97d3,20,1,2,37,2560,1,7362,6596,209,557,925,1000,1.1645487546920776,1.2066868146260579,0.4187551566790587,5.5830488204956055
41,L,e0fef893d26baae17a3e262951afad508996ae16f2f43fe107136aa1982b97d3,20,2,3,11,2560,1,7362,6596,209,557,1000,1000,0.8586898595094681,0.7187061309814453,0.40924489676984455,3.9544358253479004
41,L,e0fef893d26baae17a3e262951afad508996ae16f2f43fe107136aa1982b97d3,20,2,3,23,2560,1,7362,6596,209,557,975,1000,0.8956007957458496,0.7973033289114634,0.3258798963899134,3.6581904888153076
41,L,e0fef893d26baae17a3e262951afad508996ae16f2f43fe107136aa1982b97d3,20,2,3,37,2560,1,7362,6596,209,557,925,1000,0.888158842921257,0.8103734254837036,0.40872158827257254,3.840928554534912
41,L,e0fef893d26baae17a3e262951afad508996ae16f2f43fe107136aa1982b97d3,20,1,4,11,2560,1,7362,6596,209,557,975,1000,1.0814678519964218,0.46055086453755695,0.8454401156727784,4.456778526306152
41,L,e0fef893d26baae17a3e262951afad508996ae16f2f43fe107136aa1982b97d3,20,1,4,23,2560,1,7362,6596,209,557,925,1000,1.1973081976175308,1.165278673171997,0.2547859722871215,4.343814849853516
41,L,e0fef893d26baae17a3e262951afad508996ae16f2f43fe107136aa1982b97d3,20,1,4,37,2560,1,7362,6596,209,557,1000,1000,1.1973908096551895,1.0287806789080303,0.31488689965499683,4.98779296875
41,L,e0fef893d26baae17a3e262951afad508996ae16f2f43fe107136aa1982b97d3,20,2,5,11,2560,1,7362,6596,209,557,1000,1000,0.7227066606283188,0.7045779327551523,0.41309317477759533,2.5897629261016846
41,L,e0fef893d26baae17a3e262951afad508996ae16f2f43fe107136aa1982b97d3,20,2,5,23,2560,1,7362,6596,209,557,950,1000,0.7388396337628365,0.7424069295326868,0.369018677493918,2.640778064727783
41,L,e0fef893d26baae17a3e262951afad508996ae16f2f43fe107136aa1982b97d3,20,2,5,37,2560,1,7362,6596,209,557,800,1000,0.7310992628335953,0.6554202735424042,0.4263693059810478,2.30192232131958
41,L,e0fef893d26baae17a3e262951afad508996ae16f2f43fe107136aa1982b97d3,20,2,6,11,2560,1,7362,6596,209,557,825,1000,0.9315556585788727,0.9963031609853109,0.4534830883349363,4.304548263549805
41,L,e0fef893d26baae17a3e262951afad508996ae16f2f43fe107136aa1982b97d3,20,2,6,23,2560,1,7362,6596,209,557,875,1000,0.9826044738292694,1.03452867269516,0.43110485984785074,4.87554931640625
41,L,e0fef893d26baae17a3e262951afad508996ae16f2f43fe107136aa1982b97d3,20,2,6,37,2560,1,7362,6596,209,557,975,1000,0.889485590159893,0.9561591992775599,0.4319888375681,4.851834297180176
41,L,e0fef893d26baae17a3e262951afad508996ae16f2f43fe107136aa1982b97d3,20,3,7,11,2560,1,7362,6596,209,557,975,1000,0.8156503364443779,0.6621003200610479,0.39055403022096014,3.5043108463287354
41,L,e0fef893d26baae17a3e262951afad508996ae16f2f43fe107136aa1982b97d3,20,3,7,23,2560,1,7362,6596,209,557,950,1000,0.8028795719146729,0.6617569153507551,0.3879744013622591,3.5178558826446533
41,L,e0fef893d26baae17a3e262951afad508996ae16f2f43fe107136aa1982b97d3,20,3,7,37,2560,1,7362,6596,209,557,800,1000,0.7012219429016113,-0.13448099295298258,1.2704694963733416,2.9893782138824463
41,L,e0fef893d26baae17a3e262951afad508996ae16f2f43fe107136aa1982b97d3,20,1,8,11,2560,1,7362,6596,209,557,950,1000,1.0775186866521835,1.1385963062445323,0.17337831380403876,4.3875732421875
41,L,e0fef893d26baae17a3e262951afad508996ae16f2f43fe107136aa1982b97d3,20,1,8,23,2560,1,7362,6596,209,557,950,1000,0.9814772605895996,1.0586750507354736,0.2323951158994007,4.742120265960693
41,L,e0fef893d26baae17a3e262951afad508996ae16f2f43fe107136aa1982b97d3,20,1,8,37,2560,1,7362,6596,209,557,925,1000,1.1057097911834717,1.1750514109929402,0.18932318242933963,4.388288497924805
41,L,e0fef893d26baae17a3e262951afad508996ae16f2f43fe107136aa1982b97d3,20,2,9,11,2560,1,7362,6596,209,557,1000,1000,0.7817716151475906,0.818642184138298,0.2793339911437054,3.3954086303710938
41,L,e0fef893d26baae17a3e262951afad508996ae16f2f43fe107136aa1982b97d3,20,2,9,23,2560,1,7362,6596,209,557,875,1000,0.7364205196499825,0.7803777853647867,0.2331134005336469,2.9558966159820557
41,L,e0fef893d26baae17a3e262951afad508996ae16f2f43fe107136aa1982b97d3,20,2,9,37,2560,1,7362,6596,209,557,950,1000,0.8220329582691193,0.9232234557469686,0.3098137869699435,3.443470001220703
41,L,e0fef893d26baae17a3e262951afad508996ae16f2f43fe107136aa1982b97d3,20,2,10,11,2560,1,7362,6596,209,557,925,1000,1.1624468564987183,0.9144705484310786,0.3063674812445608,4.521239757537842
41,L,e0fef893d26baae17a3e262951afad508996ae16f2f43fe107136aa1982b97d3,20,2,10,23,2560,1,7362,6596,209,557,950,1000,1.18286694586277,1.073813835779826,0.3591086031636113,4.809040069580078
41,L,e0fef893d26baae17a3e262951afad508996ae16f2f43fe107136aa1982b97d3,20,2,10,37,2560,1,7362,6596,209,557,925,1000,1.1767162084579468,1.1200781762599945,0.337701310271781,4.475403785705566
41,L,e0fef893d26baae17a3e262951afad508996ae16f2f43fe107136aa1982b97d3,20,3,11,11,2560,1,7362,6596,209,557,850,1000,0.94160545617342,0.6591970870892206,0.412677904001502,3.8736956119537354
41,L,e0fef893d26baae17a3e262951afad508996ae16f2f43fe107136aa1982b97d3,20,3,11,23,2560,1,7362,6596,209,557,950,1000,0.9973834604024887,0.15332194169362387,0.969291276689092,3.744910478591919
41,L,e0fef893d26baae17a3e262951afad508996ae16f2f43fe107136aa1982b97d3,20,3,11,37,2560,1,7362,6596,209,557,625,875,0.7439603805541992,0.5273609658082327,0.22958856364159164,2.492720127105713
41,L,e0fef893d26baae17a3e262951afad508996ae16f2f43fe107136aa1982b97d3,20,2,12,11,2560,1,7362,6596,209,557,975,1000,0.9554017782211304,1.0454354484875996,0.21318632714549354,4.618175983428955
41,L,e0fef893d26baae17a3e262951afad508996ae16f2f43fe107136aa1982b97d3,20,2,12,23,2560,1,7362,6596,209,557,875,1000,0.9167178869247437,1.008462091286977,0.22345478968236,4.095088481903076
41,L,e0fef893d26baae17a3e262951afad508996ae16f2f43fe107136aa1982b97d3,20,2,12,37,2560,1,7362,6596,209,557,975,1000,0.9185629189014435,0.8669054210186005,0.20862344688897516,4.351889610290527
41,L,e0fef893d26baae17a3e262951afad508996ae16f2f43fe107136aa1982b97d3,20,3,13,11,2560,1,7362,6596,209,557,950,1000,0.692816972732544,0.7845051685969034,0.28969382011178496,3.016371250152588
41,L,e0fef893d26baae17a3e262951afad508996ae16f2f43fe107136aa1982b97d3,20,3,13,23,2560,1,7362,6596,209,557,950,1000,0.7691699713468552,0.7201956411202749,0.30114562303676495,3.149639844894409
41,L,e0fef893d26baae17a3e262951afad508996ae16f2f43fe107136aa1982b97d3,20,3,13,37,2560,1,7362,6596,209,557,925,1000,0.7300411462783813,0.6970201333363851,0.28649425418890023,3.0274691581726074
41,L,e0fef893d26baae17a3e262951afad508996ae16f2f43fe107136aa1982b97d3,20,3,14,11,2560,1,7362,6596,209,557,975,1000,0.9713388755917549,0.9763090958197912,0.4767864641243657,5.154293060302734
41,L,e0fef893d26baae17a3e262951afad508996ae16f2f43fe107136aa1982b97d3,20,3,14,23,2560,1,7362,6596,209,557,850,1000,0.9514795616269112,0.9587296644846598,0.3720400474932392,4.64382266998291
41,L,e0fef893d26baae17a3e262951afad508996ae16f2f43fe107136aa1982b97d3,20,3,14,37,2560,1,7362,6596,209,557,1000,1000,1.0859490782022476,1.0659541885058086,0.3849742248725207,5.050025463104248
41,L,e0fef893d26baae17a3e262951afad508996ae16f2f43fe107136aa1982b97d3,20,4,15,11,2560,1,7362,6596,209,557,950,1000,0.8394622057676315,0.5782039960225424,0.49835320199411703,4.237244129180908
41,L,e0fef893d26baae17a3e262951afad508996ae16f2f43fe107136aa1982b97d3,20,4,15,23,2560,1,7362,6596,209,557,900,1000,0.8342288732528687,0.40165045857429504,0.48754103392656156,4.143496990203857
41,L,e0fef893d26baae17a3e262951afad508996ae16f2f43fe107136aa1982b97d3,20,4,15,37,2560,1,7362,6596,209,557,950,1000,0.8536895588040352,0.6153617898623148,0.3587618764916454,4.290931701660156
41,L,e0fef893d26baae17a3e262951afad508996ae16f2f43fe107136aa1982b97d3,21,1,1,11,2560,1,7362,6596,209,557,925,1000,0.6523973196744919,0.6884110768636068,0.466496598553296,2.4642763137817383
41,L,e0fef893d26baae17a3e262951afad508996ae16f2f43fe107136aa1982b97d3,21,1,1,23,2560,1,7362,6596,209,557,925,1000,0.7388146370649338,0.7770580053329468,0.4302084573347997,2.6142091751098633
41,L,e0fef893d26baae17a3e262951afad508996ae16f2f43fe107136aa1982b97d3,21,1,1,37,2560,1,7362,6596,209,557,925,1000,0.6788957118988037,0.7768927812576294,0.4295854767261067,2.624267816543579
41,L,e0fef893d26baae17a3e262951afad508996ae16f2f43fe107136aa1982b97d3,21,1,2,11,2560,1,7362,6596,209,557,975,1000,1.1819796413183212,1.2999160687128704,0.44618842698538214,6.0744829177856445
41,L,e0fef893d26baae17a3e262951afad508996ae16f2f43fe107136aa1982b97d3,21,1,2,23,2560,1,7362,6596,209,557,825,1000,1.1151869148015976,1.18145352602005,0.4479317705173066,5.1951422691345215
41,L,e0fef893d26baae17a3e262951afad508996ae16f2f43fe107136aa1982b97d3,21,1,2,37,2560,1,7362,6596,209,557,1000,1000,1.1822346448898315,1.225435455640157,0.41741889170362073,5.766518592834473
41,L,e0fef893d26baae17a3e262951afad508996ae16f2f43fe107136aa1982b97d3,21,2,3,11,2560,1,7362,6596,209,557,825,1000,0.8150953054428101,0.7069697032372156,0.38053590029655315,3.5337791442871094
41,L,e0fef893d26baae17a3e262951afad508996ae16f2f43fe107136aa1982b97d3,21,2,3,23,2560,1,7362,6596,209,557,725,975,0.8316719084978104,0.711090604464213,0.4032743653579944,3.2870569229125977
41,L,e0fef893d26baae17a3e262951afad508996ae16f2f43fe107136aa1982b97d3,21,2,3,37,2560,1,7362,6596,209,557,925,1000,0.888902097940445,0.7591489950815836,0.5277234175177407,3.9386117458343506
41,L,e0fef893d26baae17a3e262951afad508996ae16f2f43fe107136aa1982b97d3,21,1,4,11,2560,1,7362,6596,209,557,975,1000,1.0858964920043945,0.3142043749491374,0.974016513299817,4.4997406005859375
41,L,e0fef893d26baae17a3e262951afad508996ae16f2f43fe107136aa1982b97d3,21,1,4,23,2560,1,7362,6596,209,557,950,1000,1.1394332647323608,1.0369758605957031,0.25043198821700796,4.339906215667725
41,L,e0fef893d26baae17a3e262951afad508996ae16f2f43fe107136aa1982b97d3,21,1,4,37,2560,1,7362,6596,209,557,1000,1000,1.0936654657125473,1.069334437449773,0.22827932915862278,4.679701328277588
41,L,e0fef893d26baae17a3e262951afad508996ae16f2f43fe107136aa1982b97d3,21,2,5,11,2560,1,7362,6596,209,557,975,1000,0.710410937666893,0.7037754356861115,0.41103462033977284,2.553766965866089
41,L,e0fef893d26baae17a3e262951afad508996ae16f2f43fe107136aa1982b97d3,21,2,5,23,2560,1,7362,6596,209,557,925,1000,0.7061756066977978,0.7222697337468466,0.38965778238567716,2.5154361724853516
41,L,e0fef893d26baae17a3e262951afad508996ae16f2f43fe107136aa1982b97d3,21,2,5,37,2560,1,7362,6596,209,557,950,1000,0.6767724752426147,0.6451791624228159,0.34532017664330444,2.242292642593384
41,L,e0fef893d26baae17a3e262951afad508996ae16f2f43fe107136aa1982b97d3,21,2,6,11,2560,1,7362,6596,209,557,950,1000,0.9290193319320679,0.9810366332530975,0.4405673814403514,4.603579044342041
41,L,e0fef893d26baae17a3e262951afad508996ae16f2f43fe107136aa1982b97d3,21,2,6,23,2560,1,7362,6596,209,557,1000,1000,1.0073792040348053,1.0145628104607265,0.4380694206709628,5.0584821701049805
41,L,e0fef893d26baae17a3e262951afad508996ae16f2f43fe107136aa1982b97d3,21,2,6,37,2560,1,7362,6596,209,557,1000,1000,0.9443022906780243,1.0030523588260014,0.4543385795605256,5.0020623207092285
41,L,e0fef893d26baae17a3e262951afad508996ae16f2f43fe107136aa1982b97d3,21,3,7,11,2560,1,7362,6596,209,557,950,1000,0.803925633430481,0.6968098133802414,0.3414391873374034,3.4142305850982666
41,L,e0fef893d26baae17a3e262951afad508996ae16f2f43fe107136aa1982b97d3,21,3,7,23,2560,1,7362,6596,209,557,1000,1000,0.7739444971084595,0.6913306365410486,0.30501552624010797,3.452906847000122
41,L,e0fef893d26baae17a3e262951afad508996ae16f2f43fe107136aa1982b97d3,21,3,7,37,2560,1,7362,6596,209,557,675,925,0.7331421375274658,0.16977385679880777,0.8376806823503864,2.8206539154052734
41,L,e0fef893d26baae17a3e262951afad508996ae16f2f43fe107136aa1982b97d3,21,1,8,11,2560,1,7362,6596,209,557,950,1000,0.9953184127807617,1.0453072786331177,0.15496524652194416,3.895571708679199
41,L,e0fef893d26baae17a3e262951afad508996ae16f2f43fe107136aa1982b97d3,21,1,8,23,2560,1,7362,6596,209,557,975,1000,1.1386712789535522,1.1026995579401653,0.2120761209027623,4.982167720794678
41,L,e0fef893d26baae17a3e262951afad508996ae16f2f43fe107136aa1982b97d3,21,1,8,37,2560,1,7362,6596,209,557,950,1000,1.0187137126922607,1.1460249026616414,0.18493308968228295,4.461756229400635
41,L,e0fef893d26baae17a3e262951afad508996ae16f2f43fe107136aa1982b97d3,21,2,9,11,2560,1,7362,6596,209,557,975,1000,0.7389909029006958,0.8708396305640539,0.24522123001036406,3.257817506790161
41,L,e0fef893d26baae17a3e262951afad508996ae16f2f43fe107136aa1982b97d3,21,2,9,23,2560,1,7362,6596,209,557,800,1000,0.7570709586143494,0.8363311688105265,0.2632670167462104,2.703495979309082
41,L,e0fef893d26baae17a3e262951afad508996ae16f2f43fe107136aa1982b97d3,21,2,9,37,2560,1,7362,6596,209,557,975,1000,0.772545576095581,0.841266910235087,0.261426057697168,3.367319107055664
41,L,e0fef893d26baae17a3e262951afad508996ae16f2f43fe107136aa1982b97d3,21,2,10,11,2560,1,7362,6596,209,557,925,1000,1.1809556633234024,0.7390513022740682,0.6846765674330996,4.709059715270996
41,L,e0fef893d26baae17a3e262951afad508996ae16f2f43fe107136aa1982b97d3,21,2,10,23,2560,1,7362,6596,209,557,825,1000,1.057536005973816,0.8910499860843023,0.28277447707386183,3.762331485748291
41,L,e0fef893d26baae17a3e262951afad508996ae16f2f43fe107136aa1982b97d3,21,2,10,37,2560,1,7362,6596,209,557,775,1000,1.0962246656417847,0.9601049025853475,0.2899270799050211,3.8785552978515625
41,L,e0fef893d26baae17a3e262951afad508996ae16f2f43fe107136aa1982b97d3,21,3,11,11,2560,1,7362,6596,209,557,975,1000,0.9648089408874512,0.5192838509877523,0.32296757769568557,3.701146125793457
41,L,e0fef893d26baae17a3e262951afad508996ae16f2f43fe107136aa1982b97d3,21,3,11,23,2560,1,7362,6596,209,557,825,1000,0.9469759464263916,0.5326197842756907,0.3474008331204124,3.652245283126831
41,L,e0fef893d26baae17a3e262951afad508996ae16f2f43fe107136aa1982b97d3,21,3,11,37,2560,1,7362,6596,209,557,950,1000,0.9388655424118042,0.5226041873296102,0.44679542880544504,3.541935443878174
41,L,e0fef893d26baae17a3e262951afad508996ae16f2f43fe107136aa1982b97d3,21,2,12,11,2560,1,7362,6596,209,557,950,1000,1.0022150129079819,1.0398720105489094,0.12755275040616154,4.343613147735596
41,L,e0fef893d26baae17a3e262951afad508996ae16f2f43fe107136aa1982b97d3,21,2,12,23,2560,1,7362,6596,209,557,775,1000,0.8903615549206734,0.9345185458660126,0.16281706463218595,3.7945828437805176
41,L,e0fef893d26baae17a3e262951afad508996ae16f2f43fe107136aa1982b97d3,21,2,12,37,2560,1,7362,6596,209,557,725,975,0.8837052583694458,1.0327871839205425,0.18461191008817004,3.6147661209106445
41,L,e0fef893d26baae17a3e262951afad508996ae16f2f43fe107136aa1982b97d3,21,3,13,11,2560,1,7362,6596,209,557,875,1000,0.7316590547561646,0.6761318842569987,0.2766295492077049,2.6938610076904297
41,L,e0fef893d26baae17a3e262951afad508996ae16f2f43fe107136aa1982b97d3,21,3,13,23,2560,1,7362,6596,209,557,925,1000,0.722733810544014,0.7131970425446829,0.29132910711478643,2.7934913635253906
41,L,e0fef893d26baae17a3e262951afad508996ae16f2f43fe107136aa1982b97d3,21,3,13,37,2560,1,7362,6596,209,557,950,1000,0.7585849761962891,0.699862132469813,0.26302253152883714,3.069439172744751
41,L,e0fef893d26baae17a3e262951afad508996ae16f2f43fe107136aa1982b97d3,21,3,14,11,2560,1,7362,6596,209,557,750,1000,0.9883882850408554,0.9719536652167639,0.3523288062283756,4.071878910064697
41,L,e0fef893d26baae17a3e262951afad508996ae16f2f43fe107136aa1982b97d3,21,3,14,23,2560,1,7362,6596,209,557,825,1000,0.9596037864685059,1.045214831829071,0.34914196802112346,4.487195014953613
41,L,e0fef893d26baae17a3e262951afad508996ae16f2f43fe107136aa1982b97d3,21,3,14,37,2560,1,7362,6596,209,557,1000,1000,1.0323606580495834,1.027447760105133,0.40405820589933167,4.957518100738525
41,L,e0fef893d26baae17a3e262951afad508996ae16f2f43fe107136aa1982b97d3,21,4,15,11,2560,1,7362,6596,209,557,925,1000,0.7548471242189407,0.552291472752889,0.2932659796439207,3.53826904296875
41,L,e0fef893d26baae17a3e262951afad508996ae16f2f43fe107136aa1982b97d3,21,4,15,23,2560,1,7362,6596,209,557,925,1000,0.876611202955246,0.3100641965866089,0.5991492754980562,4.211486339569092
41,L,e0fef893d26baae17a3e262951afad508996ae16f2f43fe107136aa1982b97d3,21,4,15,37,2560,1,7362,6596,209,557,975,1000,0.8577349632978439,0.7424397071202596,0.36602723852828584,4.369150161743164
41,L,e0fef893d26baae17a3e262951afad508996ae16f2f43fe107136aa1982b97d3,22,1,1,11,2560,1,7362,6596,209,557,650,900,0.58385169506073,0.6807919641335806,0.33823735348276235,1.6545605659484863
41,L,e0fef893d26baae17a3e262951afad508996ae16f2f43fe107136aa1982b97d3,22,1,1,23,2560,1,7362,6596,209,557,950,1000,0.7355813235044479,0.9021033843358358,0.4880240693459113,2.79683780670166
41,L,e0fef893d26baae17a3e262951afad508996ae16f2f43fe107136aa1982b97d3,22,1,1,37,2560,1,7362,6596,209,557,975,1000,0.6926237791776657,0.8023231029510498,0.4126427831724955,2.771533966064453
41,L,e0fef893d26baae17a3e262951afad508996ae16f2f43fe107136aa1982b97d3,22,1,2,11,2560,1,7362,6596,209,557,900,1000,1.163011908531189,1.3023664156595867,0.4462642296039703,5.6087541580200195
41,L,e0fef893d26baae17a3e262951afad508996ae16f2f43fe107136aa1982b97d3,22,1,2,23,2560,1,7362,6596,209,557,925,1000,1.2010992765426636,1.2194329500198364,0.4377602179029504,5.829592704772949
41,L,e0fef893d26baae17a3e262951afad508996ae16f2f43fe107136aa1982b97d3,22,1,2,37,2560,1,7362,6596,209,557,850,1000,1.0391045808792114,1.093524654706319,0.3821225290700206,5.013453006744385
41,L,e0fef893d26baae17a3e262951afad508996ae16f2f43fe107136aa1982b97d3,22,2,3,11,2560,1,7362,6596,209,557,1000,1000,0.7929573804140091,0.6561253815889359,0.5155996097947159,3.810415267944336
41,L,e0fef893d26baae17a3e262951afad508996ae16f2f43fe107136aa1982b97d3,22,2,3,23,2560,1,7362,6596,209,557,975,1000,0.7835828065872192,0.6775617202123007,0.35673855913690716,3.5279884338378906
41,L,e0fef893d26baae17a3e262951afad508996ae16f2f43fe107136aa1982b97d3,22,2,3,37,2560,1,7362,6596,209,557,925,1000,0.8500116616487503,0.7843860785166422,0.3710751476618609,3.937246084213257
41,L,e0fef893d26baae17a3e262951afad508996ae16f2f43fe107136aa1982b97d3,22,1,4,11,2560,1,7362,6596,209,557,900,1000,1.157018780708313,0.8685034513473511,0.45323629988743636,4.410102367401123
41,L,e0fef893d26baae17a3e262951afad508996ae16f2f43fe107136aa1982b97d3,22,1,4,23,2560,1,7362,6596,209,557,900,1000,1.039802074432373,1.0055398841698964,0.16852296767819605,3.868959903717041
41,L,e0fef893d26baae17a3e262951afad508996ae16f2f43fe107136aa1982b97d3,22,1,4,37,2560,1,7362,6596,209,557,975,1000,1.1359747648239136,1.1144504149754841,0.23968692546991993,4.335001468658447
41,L,e0fef893d26baae17a3e262951afad508996ae16f2f43fe107136aa1982b97d3,22,2,5,11,2560,1,7362,6596,209,557,900,1000,0.7232476398348808,0.7133914132912954,0.3923656866121353,2.5195608139038086
41,L,e0fef893d26baae17a3e262951afad508996ae16f2f43fe107136aa1982b97d3,22,2,5,23,2560,1,7362,6596,209,557,800,1000,0.7488285377621651,0.6728303929169973,0.37161817337620306,2.07849383354187
41,L,e0fef893d26baae17a3e262951afad508996ae16f2f43fe107136aa1982b97d3,22,2,5,37,2560,1,7362,6596,209,557,900,1000,0.6750368028879166,0.6575938761234283,0.3716310485428221,2.4608030319213867
41,L,e0fef893d26baae17a3e262951afad508996ae16f2f43fe107136aa1982b97d3,22,2,6,11,2560,1,7362,6596,209,557,975,1000,0.9495500028133392,1.0424156536658604,0.45051521357164104,4.552968502044678
41,L,e0fef893d26baae17a3e262951afad508996ae16f2f43fe107136aa1982b97d3,22,2,6,23,2560,1,7362,6596,209,557,1000,1000,0.9659986421465874,0.9833566794792811,0.411729823689636,4.874203205108643
41,L,e0fef893d26baae17a3e262951afad508996ae16f2f43fe107136aa1982b97d3,22,2,6,37,2560,1,7362,6596,209,557,1000,1000,0.9721995443105698,1.043093244234721,0.4354675371146341,4.847596645355225
41,L,e0fef893d26baae17a3e262951afad508996ae16f2f43fe107136aa1982b97d3,22,3,7,11,2560,1,7362,6596,209,557,975,1000,0.8096044138073921,0.6297571212053299,0.33357776703230063,3.3492112159729004
41,L,e0fef893d26baae17a3e262951afad508996ae16f2f43fe107136aa1982b97d3,22,3,7,23,2560,1,7362,6596,209,557,925,1000,0.8517478778958321,0.3770836641391118,0.7497797956777982,3.169891834259033
41,L,e0fef893d26baae17a3e262951afad508996ae16f2f43fe107136aa1982b97d3,22,3,7,37,2560,1,7362,6596,209,557,975,1000,0.774761438369751,0.6621308128039042,0.3663522431154403,3.623074531555176
41,L,e0fef893d26baae17a3e262951afad508996ae16f2f43fe107136aa1982b97d3,22,1,8,11,2560,1,7362,6596,209,557,925,1000,1.029849886894226,1.1066310008366902,0.20692961846207228,4.553550720214844
41,L,e0fef893d26baae17a3e262951afad508996ae16f2f43fe107136aa1982b97d3,22,1,8,23,2560,1,7362,6596,209,557,625,875,0.9468257129192352,0.9599914948145548,0.13506743896908535,3.376720666885376
41,L,e0fef893d26baae17a3e262951afad508996ae16f2f43fe107136aa1982b97d3,22,1,8,37,2560,1,7362,6596,209,557,975,1000,1.0726187229156494,1.1871103843053181,0.21729501329221249,4.810513496398926
41,L,e0fef893d26baae17a3e262951afad508996ae16f2f43fe107136aa1982b97d3,22,2,9,11,2560,1,7362,6596,209,557,950,1000,0.7697445079684258,0.8299557318290075,0.26955242645662586,2.9801080226898193
41,L,e0fef893d26baae17a3e262951afad508996ae16f2f43fe107136aa1982b97d3,22,2,9,23,2560,1,7362,6596,209,557,925,1000,0.7871896326541901,0.7581138561169306,0.27745943976396614,3.1019954681396484
41,L,e0fef893d26baae17a3e262951afad508996ae16f2f43fe107136aa1982b97d3,22,2,9,37,2560,1,7362,6596,209,557,900,1000,0.7279394865036011,0.815386176109314,0.2577275537527462,3.160435676574707
41,L,e0fef893d26baae17a3e262951afad508996ae16f2f43fe107136aa1982b97d3,22,2,10,11,2560,1,7362,6596,209,557,800,1000,1.0772938653826714,0.9973656783501307,0.30492507166776406,3.8453142642974854
41,L,e0fef893d26baae17a3e262951afad508996ae16f2f43fe107136aa1982b97d3,22,2,10,23,2560,1,7362,6596,209,557,825,1000,1.1593528985977173,1.0769439538319905,0.3202650359558921,4.061410903930664
41,L,e0fef893d26baae17a3e262951afad508996ae16f2f43fe107136aa1982b97d3,22,2,10,37,2560,1,7362,6596,209,557,950,1000,1.1592769771814346,1.0705933968226116,0.33813587147221724,4.592711925506592
41,L,e0fef893d26baae17a3e262951afad508996ae16f2f43fe107136aa1982b97d3,22,3,11,11,2560,1,7362,6596,209,557,950,1000,0.986865296959877,0.47051026423772174,0.44058988817155,3.8798389434814453
41,L,e0fef893d26baae17a3e262951afad508996ae16f2f43fe107136aa1982b97d3,22,3,11,23,2560,1,7362,6596,209,557,925,1000,0.9200267717242241,0.6439432402451833,0.29733318074723486,3.576860189437866
41,L,e0fef893d26baae17a3e262951afad508996ae16f2f43fe107136aa1982b97d3,22,3,11,37,2560,1,7362,6596,209,557,900,1000,0.8916070759296417,0.33020607630411786,0.5330704090813233,3.627861261367798
41,L,e0fef893d26baae17a3e262951afad508996ae16f2f43fe107136aa1982b97d3,22,2,12,11,2560,1,7362,6596,209,557,950,1000,0.9068057537078857,1.0390680730342865,0.12773478901427007,4.536611080169678
41,L,e0fef893d26baae17a3e262951afad508996ae16f2f43fe107136aa1982b97d3,22,2,12,23,2560,1,7362,6596,209,557,900,1000,0.8843219727277756,0.9044594367345175,0.16072559959095226,4.186412811279297
41,L,e0fef893d26baae17a3e262951afad508996ae16f2f43fe107136aa1982b97d3,22,2,12,37,2560,1,7362,6596,209,557,975,1000,0.8747553676366806,0.8594526847203573,0.27992552574197,4.494831562042236
41,L,e0fef893d26baae17a3e262951afad508996ae16f2f43fe107136aa1982b97d3,22,3,13,11,2560,1,7362,6596,209,557,975,1000,0.725624680519104,0.6542911132176717,0.2425924010683891,2.9325523376464844
41,L,e0fef893d26baae17a3e262951afad508996ae16f2f43fe107136aa1982b97d3,22,3,13,23,2560,1,7362,6596,209,557,775,1000,0.7769324034452438,0.736190085609754,0.28800883000587707,2.569369077682495
41,L,e0fef893d26baae17a3e262951afad508996ae16f2f43fe107136aa1982b97d3,22,3,13,37,2560,1,7362,6596,209,557,900,1000,0.8507730960845947,0.8223917980988821,0.2597735893593458,2.8878626823425293
41,L,e0fef893d26baae17a3e262951afad508996ae16f2f43fe107136aa1982b97d3,22,3,14,11,2560,1,7362,6596,209,557,975,1000,0.9916757345199585,1.0260847459236782,0.4149166761329329,4.855293273925781
41,L,e0fef893d26baae17a3e262951afad508996ae16f2f43fe107136aa1982b97d3,22,3,14,23,2560,1,7362,6596,209,557,925,1000,1.0026564449071884,1.0440885573625565,0.41780069256360847,4.863213062286377
41,L,e0fef893d26baae17a3e262951afad508996ae16f2f43fe107136aa1982b97d3,22,3,14,37,2560,1,7362,6596,209,557,950,1000,0.9363193362951279,0.9815029501914978,0.3581559464217114,4.269929885864258
41,L,e0fef893d26baae17a3e262951afad508996ae16f2f43fe107136aa1982b97d3,22,4,15,11,2560,1,7362,6596,209,557,875,1000,0.7642276361584663,0.6084543069203695,0.32132858427117966,3.6979689598083496
41,L,e0fef893d26baae17a3e262951afad508996ae16f2f43fe107136aa1982b97d3,22,4,15,23,2560,1,7362,6596,209,557,975,1000,0.736530065536499,0.3826165994008382,0.44792779797132765,3.95133900642395
41,L,e0fef893d26baae17a3e262951afad508996ae16f2f43fe107136aa1982b97d3,22,4,15,37,2560,1,7362,6596,209,557,1000,1000,0.8236432075500488,0.4744004011154175,0.6354865443865299,4.238378524780273
41,L,e0fef893d26baae17a3e262951afad508996ae16f2f43fe107136aa1982b97d3,23,1,1,11,2560,1,7362,6596,209,557,1000,1000,0.710557296872139,0.8725106716156006,0.4290059971192158,2.8451459407806396
41,L,e0fef893d26baae17a3e262951afad508996ae16f2f43fe107136aa1982b97d3,23,1,1,23,2560,1,7362,6596,209,557,700,950,0.6653386801481247,0.8156485160191854,0.4535942102617365,2.3690364360809326
41,L,e0fef893d26baae17a3e262951afad508996ae16f2f43fe107136aa1982b97d3,23,1,1,37,2560,1,7362,6596,209,557,925,1000,0.7052575796842575,0.8223594427108765,0.44128697351392454,2.834333658218384
41,L,e0fef893d26baae17a3e262951afad508996ae16f2f43fe107136aa1982b97d3,23,1,2,11,2560,1,7362,6596,209,557,900,1000,1.1692022234201431,1.2607343097527821,0.44975788641883097,5.6098103523254395
41,L,e0fef893d26baae17a3e262951afad508996ae16f2f43fe107136aa1982b97d3,23,1,2,23,2560,1,7362,6596,209,557,875,1000,1.155663013458252,1.187203158934911,0.42300365087291564,5.3578033447265625
41,L,e0fef893d26baae17a3e262951afad508996ae16f2f43fe107136aa1982b97d3,23,1,2,37,2560,1,7362,6596,209,557,900,1000,1.1349859237670898,1.2202524244785309,0.46853769115528643,5.806906223297119
41,L,e0fef893d26baae17a3e262951afad508996ae16f2f43fe107136aa1982b97d3,23,2,3,11,2560,1,7362,6596,209,557,750,1000,0.8300587683916092,0.7552612622578939,0.42771167460642456,3.315397262573242
41,L,e0fef893d26baae17a3e262951afad508996ae16f2f43fe107136aa1982b97d3,23,2,3,23,2560,1,7362,6596,209,557,900,1000,0.8639584854245186,0.20281245311101279,1.2763791525052,3.605621814727783
41,L,e0fef893d26baae17a3e262951afad508996ae16f2f43fe107136aa1982b97d3,23,2,3,37,2560,1,7362,6596,209,557,1000,1000,0.8309120386838913,0.785316675901413,0.4050744035443259,4.299926280975342
41,L,e0fef893d26baae17a3e262951afad508996ae16f2f43fe107136aa1982b97d3,23,1,4,11,2560,1,7362,6596,209,557,925,1000,0.9882217347621918,0.958005448182424,0.21284956851336442,3.931190252304077
41,L,e0fef893d26baae17a3e262951afad508996ae16f2f43fe107136aa1982b97d3,23,1,4,23,2560,1,7362,6596,209,557,950,1000,1.1340394020080566,1.0446960926055908,0.20150607045870708,4.5039286613464355
41,L,e0fef893d26baae17a3e262951afad508996ae16f2f43fe107136aa1982b97d3,23,1,4,37,2560,1,7362,6596,209,557,975,1000,1.1986673027276993,1.1353979806105297,0.21799390396372223,4.473433971405029
41,L,e0fef893d26baae17a3e262951afad508996ae16f2f43fe107136aa1982b97d3,23,2,5,11,2560,1,7362,6596,209,557,900,1000,0.7720059081912041,0.7095182240009308,0.43444046656850394,2.559497356414795
41,L,e0fef893d26baae17a3e262951afad508996ae16f2f43fe107136aa1982b97d3,23,2,5,23,2560,1,7362,6596,209,557,700,950,0.6667015999555588,0.6762070755163828,0.3921722883587588,2.2223048210144043
41,L,e0fef893d26baae17a3e262951afad508996ae16f2f43fe107136aa1982b97d3,23,2,5,37,2560,1,7362,6596,209,557,750,1000,0.6920133084058762,0.6836537222067515,0.4006067315077604,2.2706639766693115
41,L,e0fef893d26baae17a3e262951afad508996ae16f2f43fe107136aa1982b97d3,23,2,6,11,2560,1,7362,6596,209,557,925,1000,0.9299818202853203,1.0519692848126094,0.46358909748392046,4.492753028869629
41,L,e0fef893d26baae17a3e262951afad508996ae16f2f43fe107136aa1982b97d3,23,2,6,23,2560,1,7362,6596,209,557,600,850,0.8399588167667389,0.882050501803557,0.4051629370956961,3.3365883827209473
41,L,e0fef893d26baae17a3e262951afad508996ae16f2f43fe107136aa1982b97d3,23,2,6,37,2560,1,7362,6596,209,557,800,1000,0.9653899669647217,1.0455747842788696,0.44905794467661403,4.126030445098877
41,L,e0fef893d26baae17a3e262951afad508996ae16f2f43fe107136aa1982b97d3,23,3,7,11,2560,1,7362,6596,209,557,975,1000,0.8058761283755302,0.6146289308865865,0.35655042537655013,3.431952476501465
41,L,e0fef893d26baae17a3e262951afad508996ae16f2f43fe107136aa1982b97d3,23,3,7,23,2560,1,7362,6596,209,557,900,1000,0.7366346046328545,0.5614422559738159,0.6078754322121974,3.291543483734131
41,L,e0fef893d26baae17a3e262951afad508996ae16f2f43fe107136aa1982b97d3,23,3,7,37,2560,1,7362,6596,209,557,675,925,0.7221491262316704,0.4720242867867152,0.5198906707114954,2.778628349304199
41,L,e0fef893d26baae17a3e262951afad508996ae16f2f43fe107136aa1982b97d3,23,1,8,11,2560,1,7362,6596,209,557,900,1000,1.0128940343856812,1.132202386856079,0.2513297721162713,4.171605110168457
41,L,e0fef893d26baae17a3e262951afad508996ae16f2f43fe107136aa1982b97d3,23,1,8,23,2560,1,7362,6596,209,557,925,1000,1.1380630731582642,1.129840612411499,0.2227000033877906,4.7547736167907715
41,L,e0fef893d26baae17a3e262951afad508996ae16f2f43fe107136aa1982b97d3,23,1,8,37,2560,1,7362,6596,209,557,800,1000,1.0573519468307495,1.110731879870097,0.19077035469443507,4.339832782745361
41,L,e0fef893d26baae17a3e262951afad508996ae16f2f43fe107136aa1982b97d3,23,2,9,11,2560,1,7362,6596,209,557,1000,1000,0.7609997987747192,0.8917036453882853,0.2882602853321417,3.5751876831054688
41,L,e0fef893d26baae17a3e262951afad508996ae16f2f43fe107136aa1982b97d3,23,2,9,23,2560,1,7362,6596,209,557,925,1000,0.7875045537948608,0.8778795003890991,0.2621448043028355,3.292189121246338
41,L,e0fef893d26baae17a3e262951afad508996ae16f2f43fe107136aa1982b97d3,23,2,9,37,2560,1,7362,6596,209,557,825,1000,0.6895511746406555,0.7642054955164591,0.22085730602869935,2.83268404006958
41,L,e0fef893d26baae17a3e262951afad508996ae16f2f43fe107136aa1982b97d3,23,2,10,11,2560,1,7362,6596,209,557,950,1000,1.1897755861282349,1.0347431898117065,0.3387105146669324,4.849252700805664
41,L,e0fef893d26baae17a3e262951afad508996ae16f2f43fe107136aa1982b97d3,23,2,10,23,2560,1,7362,6596,209,557,975,1000,1.14426851272583,1.0997471412022908,0.29706106655328496,4.774966239929199
41,L,e0fef893d26baae17a3e262951afad508996ae16f2f43fe107136aa1982b97d3,23,2,10,37,2560,1,7362,6596,209,557,1000,1000,1.0627147108316422,1.0178758750359218,0.38462224557740465,5.058897018432617
41,L,e0fef893d26baae17a3e262951afad508996ae16f2f43fe107136aa1982b97d3,23,3,11,11,2560,1,7362,6596,209,557,975,1000,0.9613406583666801,0.48402975499629974,0.39319499784663625,3.8652615547180176
41,L,e0fef893d26baae17a3e262951afad508996ae16f2f43fe107136aa1982b97d3,23,3,11,23,2560,1,7362,6596,209,557,1000,1000,0.9569765627384186,0.5700802405675253,0.4497382094749125,4.228670597076416
41,L,e0fef893d26baae17a3e262951afad508996ae16f2f43fe107136aa1982b97d3,23,3,11,37,2560,1,7362,6596,209,557,900,1000,0.8427656888961792,0.46408822139104206,0.3420839621485015,3.3531579971313477
41,L,e0fef893d26baae17a3e262951afad508996ae16f2f43fe107136aa1982b97d3,23,2,12,11,2560,1,7362,6596,209,557,950,1000,0.913506269454956,0.9127794603506724,0.13820896565091517,4.469008445739746
41,L,e0fef893d26baae17a3e262951afad508996ae16f2f43fe107136aa1982b97d3,23,2,12,23,2560,1,7362,6596,209,557,850,1000,0.8742427751421928,0.9633257786432902,0.23612919499881077,4.18406343460083
41,L,e0fef893d26baae17a3e262951afad508996ae16f2f43fe107136aa1982b97d3,23,2,12,37,2560,1,7362,6596,209,557,875,1000,0.8727799654006958,0.981573740641276,0.168313404602745,4.265063762664795
41,L,e0fef893d26baae17a3e262951afad508996ae16f2f43fe107136aa1982b97d3,23,3,13,11,2560,1,7362,6596,209,557,975,1000,0.8226738050580025,0.7185774644215902,0.21758868688330962,3.0869171619415283
41,L,e0fef893d26baae17a3e262951afad508996ae16f2f43fe107136aa1982b97d3,23,3,13,23,2560,1,7362,6596,209,557,975,1000,0.8375650942325592,0.7664421002070109,0.33551707100172284,3.2813706398010254
41,L,e0fef893d26baae17a3e262951afad508996ae16f2f43fe107136aa1982b97d3,23,3,13,37,2560,1,7362,6596,209,557,575,825,0.606482982635498,0.6563644905885061,0.26442858928348567,2.0097436904907227
41,L,e0fef893d26baae17a3e262951afad508996ae16f2f43fe107136aa1982b97d3,23,3,14,11,2560,1,7362,6596,209,557,850,1000,0.948457732796669,0.9947519252697626,0.3490347932114021,4.274175643920898
41,L,e0fef893d26baae17a3e262951afad508996ae16f2f43fe107136aa1982b97d3,23,3,14,23,2560,1,7362,6596,209,557,925,1000,0.9668132215738297,1.0190467089414597,0.4013328058344939,4.839437484741211
41,L,e0fef893d26baae17a3e262951afad508996ae16f2f43fe107136aa1982b97d3,23,3,14,37,2560,1,7362,6596,209,557,1000,1000,1.0430631637573242,0.9357337454954783,0.33154595423722494,5.0215301513671875
41,L,e0fef893d26baae17a3e262951afad508996ae16f2f43fe107136aa1982b97d3,23,4,15,11,2560,1,7362,6596,209,557,1000,1000,0.8611562997102737,0.47571078936258954,0.7046381376482435,4.0370612144470215
41,L,e0fef893d26baae17a3e262951afad508996ae16f2f43fe107136aa1982b97d3,23,4,15,23,2560,1,7362,6596,209,557,900,1000,0.7962465211749077,0.5904153982798258,0.3497198046273969,3.7607932090759277
41,L,e0fef893d26baae17a3e262951afad508996ae16f2f43fe107136aa1982b97d3,23,4,15,37,2560,1,7362,6596,209,557,1000,1000,0.8599717617034912,0.627379854520162,0.3369484032084463,4.14461088180542
41,L,e0fef893d26baae17a3e262951afad508996ae16f2f43fe107136aa1982b97d3,24,1,1,11,2560,1,7362,6596,209,557,975,1000,0.8068247139453888,0.8208569685618082,0.3984860624539336,2.6046628952026367
41,L,e0fef893d26baae17a3e262951afad508996ae16f2f43fe107136aa1982b97d3,24,1,1,23,2560,1,7362,6596,209,557,950,1000,0.7278168648481369,0.7709607283274332,0.4004617008074791,2.8377673625946045
41,L,e0fef893d26baae17a3e262951afad508996ae16f2f43fe107136aa1982b97d3,24,1,1,37,2560,1,7362,6596,209,557,875,1000,0.6850956678390503,0.8019158442815145,0.4544680158076662,2.4496006965637207
41,L,e0fef893d26baae17a3e262951afad508996ae16f2f43fe107136aa1982b97d3,24,1,2,11,2560,1,7362,6596,209,557,1000,1000,1.1265520006418228,1.221479336420695,0.4512611889095217,5.64169979095459
41,L,e0fef893d26baae17a3e262951afad508996ae16f2f43fe107136aa1982b97d3,24,1,2,23,2560,1,7362,6596,209,557,1000,1000,1.1212015002965927,1.1933745741844177,0.4762768974737626,6.239542484283447
41,L,e0fef893d26baae17a3e262951afad508996ae16f2f43fe107136aa1982b97d3,24,1,2,37,2560,1,7362,6596,209,557,775,1000,1.0401520729064941,1.0667348702748616,0.40307841199067995,4.375754356384277
41,L,e0fef893d26baae17a3e262951afad508996ae16f2f43fe107136aa1982b97d3,24,2,3,11,2560,1,7362,6596,209,557,700,950,0.8700710833072662,0.7503943145275116,0.3666874869008843,3.2652318477630615
41,L,e0fef893d26baae17a3e262951afad508996ae16f2f43fe107136aa1982b97d3,24,2,3,23,2560,1,7362,6596,209,557,825,1000,0.7869116514921188,0.538022647301356,0.6393377649107954,3.2164466381073
41,L,e0fef893d26baae17a3e262951afad508996ae16f2f43fe107136aa1982b97d3,24,2,3,37,2560,1,7362,6596,209,557,700,950,0.7547659873962402,0.6622356921434402,0.4212051960831009,3.3402116298675537
41,L,e0fef893d26baae17a3e262951afad508996ae16f2f43fe107136aa1982b97d3,24,1,4,11,2560,1,7362,6596,209,557,900,1000,1.042741298675537,0.7612360715866089,0.38288988732612855,4.179677963256836
41,L,e0fef893d26baae17a3e262951afad508996ae16f2f43fe107136aa1982b97d3,24,1,4,23,2560,1,7362,6596,209,557,750,1000,1.0391423404216766,0.957934300104777,0.23520981544583258,3.628247022628784
41,L,e0fef893d26baae17a3e262951afad508996ae16f2f43fe107136aa1982b97d3,24,1,4,37,2560,1,7362,6596,209,557,975,1000,1.1408739238977432,1.069252481063207,0.2180444461413906,4.1489176750183105
41,L,e0fef893d26baae17a3e262951afad508996ae16f2f43fe107136aa1982b97d3,24,2,5,11,2560,1,7362,6596,209,557,750,1000,0.6843886822462082,0.6414765814940134,0.3529021506941859,2.20583176612854
41,L,e0fef893d26baae17a3e262951afad508996ae16f2f43fe107136aa1982b97d3,24,2,5,23,2560,1,7362,6596,209,557,925,1000,0.6913274675607681,0.7312655796607336,0.3516060434870179,2.659839391708374
41,L,e0fef893d26baae17a3e262951afad508996ae16f2f43fe107136aa1982b97d3,24,2,5,37,2560,1,7362,6596,209,557,1000,1000,0.7565601170063019,0.7307993570963541,0.3850958899712775,2.6915440559387207
41,L,e0fef893d26baae17a3e262951afad508996ae16f2f43fe107136aa1982b97d3,24,2,6,11,2560,1,7362,6596,209,557,1000,1000,0.9378837421536446,0.9627716243267059,0.44421424362587125,4.564663410186768
41,L,e0fef893d26baae17a3e262951afad508996ae16f2f43fe107136aa1982b97d3,24,2,6,23,2560,1,7362,6596,209,557,950,1000,0.8525478839874268,1.0493795077006023,0.427048450740402,4.712569236755371
41,L,e0fef893d26baae17a3e262951afad508996ae16f2f43fe107136aa1982b97d3,24,2,6,37,2560,1,7362,6596,209,557,850,1000,0.9310103356838226,0.9592527151107788,0.43786205274922674,4.173123359680176
41,L,e0fef893d26baae17a3e262951afad508996ae16f2f43fe107136aa1982b97d3,24,3,7,11,2560,1,7362,6596,209,557,925,1000,0.8257683515548706,0.610515316327413,0.39536808591520356,3.5408716201782227
41,L,e0fef893d26baae17a3e262951afad508996ae16f2f43fe107136aa1982b97d3,24,3,7,23,2560,1,7362,6596,209,557,950,1000,0.8276147842407227,0.6766272733608881,0.3027850379655313,3.5497243404388428
41,L,e0fef893d26baae17a3e262951afad508996ae16f2f43fe107136aa1982b97d3,24,3,7,37,2560,1,7362,6596,209,557,975,1000,0.7445530444383621,0.5736975073814392,0.557117255943436,3.3223721981048584
41,L,e0fef893d26baae17a3e262951afad508996ae16f2f43fe107136aa1982b97d3,24,1,8,11,2560,1,7362,6596,209,557,925,1000,1.0304522514343262,1.0998859008153279,0.23183176651584156,4.314356327056885
41,L,e0fef893d26baae17a3e262951afad508996ae16f2f43fe107136aa1982b97d3,24,1,8,23,2560,1,7362,6596,209,557,825,1000,0.992788553237915,0.9790966113408407,0.179307206091724,3.9701828956604004
41,L,e0fef893d26baae17a3e262951afad508996ae16f2f43fe107136aa1982b97d3,24,1,8,37,2560,1,7362,6596,209,557,975,1000,1.1564924716949463,1.140454093615214,0.1958019156441888,4.695672512054443
41,L,e0fef893d26baae17a3e262951afad508996ae16f2f43fe107136aa1982b97d3,24,2,9,11,2560,1,7362,6596,209,557,900,1000,0.759939432144165,0.8498203754425049,0.2789171326546704,3.350597858428955
41,L,e0fef893d26baae17a3e262951afad508996ae16f2f43fe107136aa1982b97d3,24,2,9,23,2560,1,7362,6596,209,557,925,1000,0.8299788162112236,0.8690726707379023,0.24430779257197446,3.655799388885498
41,L,e0fef893d26baae17a3e262951afad508996ae16f2f43fe107136aa1982b97d3,24,2,9,37,2560,1,7362,6596,209,557,950,1000,0.7737742736935616,0.9106559703747431,0.2673983258676573,3.394376516342163
41,L,e0fef893d26baae17a3e262951afad508996ae16f2f43fe107136aa1982b97d3,24,2,10,11,2560,1,7362,6596,209,557,950,1000,1.1795903444290161,0.86524298787117,0.4543913330595503,4.917922019958496
41,L,e0fef893d26baae17a3e262951afad508996ae16f2f43fe107136aa1982b97d3,24,2,10,23,2560,1,7362,6596,209,557,825,1000,1.1410205364227295,1.0148385812838872,0.324203009976981,4.23512601852417
41,L,e0fef893d26baae17a3e262951afad508996ae16f2f43fe107136aa1982b97d3,24,2,10,37,2560,1,7362,6596,209,557,925,1000,1.2087849378585815,1.0904413759708405,0.3442014223445302,4.689817905426025
41,L,e0fef893d26baae17a3e262951afad508996ae16f2f43fe107136aa1982b97d3,24,3,11,11,2560,1,7362,6596,209,557,1000,1000,0.9443472549319267,0.5586211979389191,0.3421987937067975,3.9189021587371826
41,L,e0fef893d26baae17a3e262951afad508996ae16f2f43fe107136aa1982b97d3,24,3,11,23,2560,1,7362,6596,209,557,875,1000,0.9544566944241524,0.4482576996088028,0.44589458701003454,3.7173867225646973
41,L,e0fef893d26baae17a3e262951afad508996ae16f2f43fe107136aa1982b97d3,24,3,11,37,2560,1,7362,6596,209,557,900,1000,0.9258760660886765,0.4496544599533081,0.48562793736236276,3.677462100982666
41,L,e0fef893d26baae17a3e262951afad508996ae16f2f43fe107136aa1982b97d3,24,2,12,11,2560,1,7362,6596,209,557,975,1000,0.9203605949878693,1.0368857284386952,0.23214562065878802,4.492250919342041
41,L,e0fef893d26baae17a3e262951afad508996ae16f2f43fe107136aa1982b97d3,24,2,12,23,2560,1,7362,6596,209,557,650,900,0.8581870794296265,0.8794344266255697,0.1524996489025426,3.0437796115875244
41,L,e0fef893d26baae17a3e262951afad508996ae16f2f43fe107136aa1982b97d3,24,2,12,37,2560,1,7362,6596,209,557,750,1000,0.8914799690246582,0.9183104435602824,0.20867235047606925,3.6525654792785645
41,L,e0fef893d26baae17a3e262951afad508996ae16f2f43fe107136aa1982b97d3,24,3,13,11,2560,1,7362,6596,209,557,925,1000,0.7411199733614922,0.7470645904541016,0.29797334122811053,3.025822877883911
41,L,e0fef893d26baae17a3e262951afad508996ae16f2f43fe107136aa1982b97d3,24,3,13,23,2560,1,7362,6596,209,557,850,1000,0.7110294103622437,0.6130268275737762,0.26708088055855317,2.7158608436584473
41,L,e0fef893d26baae17a3e262951afad508996ae16f2f43fe107136aa1982b97d3,24,3,13,37,2560,1,7362,6596,209,557,975,1000,0.7919721603393555,0.8030713001887003,0.3255773954517607,3.1650190353393555
41,L,e0fef893d26baae17a3e262951afad508996ae16f2f43fe107136aa1982b97d3,24,3,14,11,2560,1,7362,6596,209,557,850,1000,0.974417433142662,1.0207721839348476,0.37352723778102415,4.561936855316162
41,L,e0fef893d26baae17a3e262951afad508996ae16f2f43fe107136aa1982b97d3,24,3,14,23,2560,1,7362,6596,209,557,925,1000,1.0475944355130196,1.049905260403951,0.4284104193481246,4.895777702331543
41,L,e0fef893d26baae17a3e262951afad508996ae16f2f43fe107136aa1982b97d3,24,3,14,37,2560,1,7362,6596,209,557,1000,1000,1.0287277847528458,0.9870505134264628,0.4207319529092197,5.018667221069336
41,L,e0fef893d26baae17a3e262951afad508996ae16f2f43fe107136aa1982b97d3,24,4,15,11,2560,1,7362,6596,209,557,850,1000,0.7893506363034248,0.623673290014267,0.3077131467165795,3.413243055343628
41,L,e0fef893d26baae17a3e262951afad508996ae16f2f43fe107136aa1982b97d3,24,4,15,23,2560,1,7362,6596,209,557,1000,1000,0.817702129483223,0.4662286837895711,0.8892343515637919,4.4069671630859375
41,L,e0fef893d26baae17a3e262951afad508996ae16f2f43fe107136aa1982b97d3,24,4,15,37,2560,1,7362,6596,209,557,950,1000,0.8383668661117554,0.5107529759407043,0.45864983137444965,4.043659210205078
41,L,e0fef893d26baae17a3e262951afad508996ae16f2f43fe107136aa1982b97d3,25,1,1,11,2560,1,7362,6596,209,557,925,1000,0.7394113540649414,0.7565644184748331,0.45541393365262967,2.714507818222046
41,L,e0fef893d26baae17a3e262951afad508996ae16f2f43fe107136aa1982b97d3,25,1,1,23,2560,1,7362,6596,209,557,850,1000,0.7541132718324661,0.8600823879241943,0.414434553843402,2.5982558727264404
41,L,e0fef893d26baae17a3e262951afad508996ae16f2f43fe107136aa1982b97d3,25,1,1,37,2560,1,7362,6596,209,557,975,1000,0.8303127586841583,0.9253661632537842,0.43541154441883867,2.9877877235412598
41,L,e0fef893d26baae17a3e262951afad508996ae16f2f43fe107136aa1982b97d3,25,1,2,11,2560,1,7362,6596,209,557,925,1000,1.1961463689804077,1.2768948177496593,0.469620838184056,5.8750386238098145
41,L,e0fef893d26baae17a3e262951afad508996ae16f2f43fe107136aa1982b97d3,25,1,2,23,2560,1,7362,6596,209,557,875,1000,1.2217538207769394,1.2371828456719716,0.4242962791865906,5.709271430969238
41,L,e0fef893d26baae17a3e262951afad508996ae16f2f43fe107136aa1982b97d3,25,1,2,37,2560,1,7362,6596,209,557,900,1000,1.1218515634536743,1.2704212268193562,0.4354452284359494,5.638996601104736
41,L,e0fef893d26baae17a3e262951afad508996ae16f2f43fe107136aa1982b97d3,25,2,3,11,2560,1,7362,6596,209,557,825,1000,0.8874110877513885,0.7060529092947642,0.48597570593929545,3.4694089889526367
41,L,e0fef893d26baae17a3e262951afad508996ae16f2f43fe107136aa1982b97d3,25,2,3,23,2560,1,7362,6596,209,557,975,1000,0.9549425840377808,0.8117078443368276,0.3528205141507204,3.9834961891174316
41,L,e0fef893d26baae17a3e262951afad508996ae16f2f43fe107136aa1982b97d3,25,2,3,37,2560,1,7362,6596,209,557,950,1000,0.8960304260253906,0.7745348314444224,0.33295688433335296,4.3812713623046875
41,L,e0fef893d26baae17a3e262951afad508996ae16f2f43fe107136aa1982b97d3,25,1,4,11,2560,1,7362,6596,209,557,850,1000,1.0964465290307999,0.7206180393695831,0.4131067536328264,4.121469020843506
41,L,e0fef893d26baae17a3e262951afad508996ae16f2f43fe107136aa1982b97d3,25,1,4,23,2560,1,7362,6596,209,557,950,1000,1.107394590973854,1.0988816420237224,0.2593437212562888,4.438298225402832
41,L,e0fef893d26baae17a3e262951afad508996ae16f2f43fe107136aa1982b97d3,25,1,4,37,2560,1,7362,6596,209,557,975,1000,1.1329621225595474,1.0547101298967998,0.2349093312567022,4.519600868225098
41,L,e0fef893d26baae17a3e262951afad508996ae16f2f43fe107136aa1982b97d3,25,2,5,11,2560,1,7362,6596,209,557,975,1000,0.7408931255340576,0.7805087864398956,0.39080315805214966,2.7877466678619385
41,L,e0fef893d26baae17a3e262951afad508996ae16f2f43fe107136aa1982b97d3,25,2,5,23,2560,1,7362,6596,209,557,950,1000,0.7012857049703598,0.6851688275734583,0.3377195928949836,2.4981062412261963
41,L,e0fef893d26baae17a3e262951afad508996ae16f2f43fe107136aa1982b97d3,25,2,5,37,2560,1,7362,6596,209,557,1000,1000,0.751129150390625,0.8009601136048635,0.4019077810206815,2.6715011596679688
41,L,e0fef893d26baae17a3e262951afad508996ae16f2f43fe107136aa1982b97d3,25,2,6,11,2560,1,7362,6596,209,557,950,1000,0.946587085723877,1.0065044065316517,0.4508560651498488,4.593716621398926
41,L,e0fef893d26baae17a3e262951afad508996ae16f2f43fe107136aa1982b97d3,25,2,6,23,2560,1,7362,6596,209,557,875,1000,0.9251952171325684,0.9544573252399763,0.4326967311396462,4.647655963897705
41,L,e0fef893d26baae17a3e262951afad508996ae16f2f43fe107136aa1982b97d3,25,2,6,37,2560,1,7362,6596,209,557,975,1000,0.9712501466274261,1.0284394025802612,0.4240382469873291,4.905364513397217
41,L,e0fef893d26baae17a3e262951afad508996ae16f2f43fe107136aa1982b97d3,25,3,7,11,2560,1,7362,6596,209,557,950,1000,0.7841448783874512,0.7286740963657697,0.35428513505499537,3.543426275253296
41,L,e0fef893d26baae17a3e262951afad508996ae16f2f43fe107136aa1982b97d3,25,3,7,23,2560,1,7362,6596,209,557,950,1000,0.8684533834457397,0.6520096908013026,0.4452856581490212,3.495948076248169
41,L,e0fef893d26baae17a3e262951afad508996ae16f2f43fe107136aa1982b97d3,25,3,7,37,2560,1,7362,6596,209,557,975,1000,0.7957667037844658,0.5728630224863688,0.5513754284184604,3.390979528427124
41,L,e0fef893d26baae17a3e262951afad508996ae16f2f43fe107136aa1982b97d3,25,1,8,11,2560,1,7362,6596,209,557,800,1000,1.0497430860996246,1.0647035042444866,0.16825904152807594,3.779472827911377
41,L,e0fef893d26baae17a3e262951afad508996ae16f2f43fe107136aa1982b97d3,25,1,8,23,2560,1,7362,6596,209,557,875,1000,1.0039777904748917,1.088053544362386,0.2503394794522627,4.516861915588379
41,L,e0fef893d26baae17a3e262951afad508996ae16f2f43fe107136aa1982b97d3,25,1,8,37,2560,1,7362,6596,209,557,975,1000,1.072508692741394,1.1592432260513306,0.202459271186975,4.995568752288818
41,L,e0fef893d26baae17a3e262951afad508996ae16f2f43fe107136aa1982b97d3,25,2,9,11,2560,1,7362,6596,209,557,925,1000,0.822244293987751,0.877144455909729,0.29323568291788377,3.4873061180114746
41,L,e0fef893d26baae17a3e262951afad508996ae16f2f43fe107136aa1982b97d3,25,2,9,23,2560,1,7362,6596,209,557,1000,1000,0.8273180723190308,0.8562009334564209,0.2883718729332429,3.533541679382324
41,L,e0fef893d26baae17a3e262951afad508996ae16f2f43fe107136aa1982b97d3,25,2,9,37,2560,1,7362,6596,209,557,975,1000,0.7765369340777397,0.8755853623151779,0.22991416673831486,3.456732988357544
41,L,e0fef893d26baae17a3e262951afad508996ae16f2f43fe107136aa1982b97d3,25,2,10,11,2560,1,7362,6596,209,557,950,1000,1.1504423767328262,1.0494878093401592,0.34019611521050863,5.241585731506348
41,L,e0fef893d26baae17a3e262951afad508996ae16f2f43fe107136aa1982b97d3,25,2,10,23,2560,1,7362,6596,209,557,1000,1000,1.0751598998904228,0.9923258423805237,0.3294839507698613,4.627691268920898
41,L,e0fef893d26baae17a3e262951afad508996ae16f2f43fe107136aa1982b97d3,25,2,10,37,2560,1,7362,6596,209,557,1000,1000,1.1282908916473389,1.031140883763631,0.37656830887922316,5.1104583740234375
41,L,e0fef893d26baae17a3e262951afad508996ae16f2f43fe107136aa1982b97d3,25,3,11,11,2560,1,7362,6596,209,557,625,875,0.7570775747299194,0.503011167049408,0.3042661681688439,2.816895008087158
41,L,e0fef893d26baae17a3e262951afad508996ae16f2f43fe107136aa1982b97d3,25,3,11,23,2560,1,7362,6596,209,557,1000,1000,0.9141272306442261,0.6477280110120773,0.3098072266052442,4.000452995300293
41,L,e0fef893d26baae17a3e262951afad508996ae16f2f43fe107136aa1982b97d3,25,3,11,37,2560,1,7362,6596,209,557,850,1000,0.9011858254671097,0.5179604093233744,0.4053090949148889,3.413029670715332
41,L,e0fef893d26baae17a3e262951afad508996ae16f2f43fe107136aa1982b97d3,25,2,12,11,2560,1,7362,6596,209,557,950,1000,0.8380380421876907,0.9949330488840739,0.1646435181838244,4.385042667388916
41,L,e0fef893d26baae17a3e262951afad508996ae16f2f43fe107136aa1982b97d3,25,2,12,23,2560,1,7362,6596,209,557,900,1000,0.8142348453402519,1.014694094657898,0.22019924474726682,4.139505863189697
41,L,e0fef893d26baae17a3e262951afad508996ae16f2f43fe107136aa1982b97d3,25,2,12,37,2560,1,7362,6596,209,557,1000,1000,0.8935177251696587,0.9067678848902384,0.24717013347525651,4.535606384277344
41,L,e0fef893d26baae17a3e262951afad508996ae16f2f43fe107136aa1982b97d3,25,3,13,11,2560,1,7362,6596,209,557,975,1000,0.7033849880099297,0.7632098644971848,0.2521387497308269,3.1188931465148926
41,L,e0fef893d26baae17a3e262951afad508996ae16f2f43fe107136aa1982b97d3,25,3,13,23,2560,1,7362,6596,209,557,850,1000,0.7182720080018044,0.5810712923606237,0.2705037036088968,2.7413501739501953
41,L,e0fef893d26baae17a3e262951afad508996ae16f2f43fe107136aa1982b97d3,25,3,13,37,2560,1,7362,6596,209,557,900,1000,0.7897634580731392,0.8147589365641276,0.25427014916701746,2.897608757019043
41,L,e0fef893d26baae17a3e262951afad508996ae16f2f43fe107136aa1982b97d3,25,3,14,11,2560,1,7362,6596,209,557,900,1000,1.066975712776184,1.0187611778577168,0.35653801465668733,4.559634208679199
41,L,e0fef893d26baae17a3e262951afad508996ae16f2f43fe107136aa1982b97d3,25,3,14,23,2560,1,7362,6596,209,557,925,1000,0.9832018464803696,0.9685737739006678,0.3771198043456585,4.508695602416992
41,L,e0fef893d26baae17a3e262951afad508996ae16f2f43fe107136aa1982b97d3,25,3,14,37,2560,1,7362,6596,209,557,1000,1000,0.980317011475563,0.9863934914271036,0.43537101131675665,5.054052829742432
41,L,e0fef893d26baae17a3e262951afad508996ae16f2f43fe107136aa1982b97d3,25,4,15,11,2560,1,7362,6596,209,557,1000,1000,0.8083722591400146,0.3423232634862264,0.7591347718027563,4.067253589630127
41,L,e0fef893d26baae17a3e262951afad508996ae16f2f43fe107136aa1982b97d3,25,4,15,23,2560,1,7362,6596,209,557,975,1000,0.8972190171480179,0.6389060864845911,0.33089729236463405,4.2363409996032715
41,L,e0fef893d26baae17a3e262951afad508996ae16f2f43fe107136aa1982b97d3,25,4,15,37,2560,1,7362,6596,209,557,900,1000,0.84662826359272,0.5339072247346243,0.29399550302212246,3.5037894248962402
41,L,e0fef893d26baae17a3e262951afad508996ae16f2f43fe107136aa1982b97d3,26,1,1,11,2560,1,7362,6596,209,557,550,800,0.5891101360321045,0.6497462292512258,0.3348873905533552,1.5567266941070557
41,L,e0fef893d26baae17a3e262951afad508996ae16f2f43fe107136aa1982b97d3,26,1,1,23,2560,1,7362,6596,209,557,800,1000,0.7019001245498657,0.8110914627710978,0.3644361267450122,2.3210363388061523
41,L,e0fef893d26baae17a3e262951afad508996ae16f2f43fe107136aa1982b97d3,26,1,1,37,2560,1,7362,6596,209,557,975,1000,0.8068995475769043,0.9368109305699667,0.44746876857640255,3.0336811542510986
41,L,e0fef893d26baae17a3e262951afad508996ae16f2f43fe107136aa1982b97d3,26,1,2,11,2560,1,7362,6596,209,557,975,1000,1.0769180059432983,1.1327200730641682,0.4497065776218311,5.412459373474121
41,L,e0fef893d26baae17a3e262951afad508996ae16f2f43fe107136aa1982b97d3,26,1,2,23,2560,1,7362,6596,209,557,900,1000,1.2026860564947128,1.2908189396063487,0.4644493017207992,6.241477012634277
41,L,e0fef893d26baae17a3e262951afad508996ae16f2f43fe107136aa1982b97d3,26,1,2,37,2560,1,7362,6596,209,557,950,1000,1.0693366527557373,1.14185897509257,0.48201416810413705,5.587003707885742
41,L,e0fef893d26baae17a3e262951afad508996ae16f2f43fe107136aa1982b97d3,26,2,3,11,2560,1,7362,6596,209,557,975,1000,0.9331704676151276,0.8048182725906372,0.3680568729338022,4.083698272705078
41,L,e0fef893d26baae17a3e262951afad508996ae16f2f43fe107136aa1982b97d3,26,2,3,23,2560,1,7362,6596,209,557,975,1000,0.8963683918118477,0.7856717507044474,0.34564471910387295,3.7847418785095215
41,L,e0fef893d26baae17a3e262951afad508996ae16f2f43fe107136aa1982b97d3,26,2,3,37,2560,1,7362,6596,209,557,950,1000,0.8559524938464165,0.7063981393973032,0.30724365272467663,3.8893938064575195
41,L,e0fef893d26baae17a3e262951afad508996ae16f2f43fe107136aa1982b97d3,26,1,4,11,2560,1,7362,6596,209,557,975,1000,1.1435444504022598,0.4095803399880727,0.7855382798518794,4.590362548828125
41,L,e0fef893d26baae17a3e262951afad508996ae16f2f43fe107136aa1982b97d3,26,1,4,23,2560,1,7362,6596,209,557,950,1000,1.1256561428308487,1.0295830170313518,0.18175711605646128,4.571094036102295
41,L,e0fef893d26baae17a3e262951afad508996ae16f2f43fe107136aa1982b97d3,26,1,4,37,2560,1,7362,6596,209,557,1000,1000,1.2106127887964249,0.9661985238393148,0.347095312567785,4.861738204956055
41,L,e0fef893d26baae17a3e262951afad508996ae16f2f43fe107136aa1982b97d3,26,2,5,11,2560,1,7362,6596,209,557,950,1000,0.7736120335757732,0.6021995519598325,0.3760841888405592,2.5156261920928955
41,L,e0fef893d26baae17a3e262951afad508996ae16f2f43fe107136aa1982b97d3,26,2,5,23,2560,1,7362,6596,209,557,925,1000,0.7897496148943901,0.759852409362793,0.37223885689340536,2.671750783920288
41,L,e0fef893d26baae17a3e262951afad508996ae16f2f43fe107136aa1982b97d3,26,2,5,37,2560,1,7362,6596,209,557,775,1000,0.7043809145689011,0.6991103837887446,0.33630251309706544,2.4361047744750977
41,L,e0fef893d26baae17a3e262951afad508996ae16f2f43fe107136aa1982b97d3,26,2,6,11,2560,1,7362,6596,209,557,850,1000,0.9312348067760468,0.9494909097750982,0.4237269965532475,4.142292499542236
41,L,e0fef893d26baae17a3e262951afad508996ae16f2f43fe107136aa1982b97d3,26,2,6,23,2560,1,7362,6596,209,557,875,1000,0.9084219634532928,0.9914670040210088,0.43959155514436066,4.493485450744629
41,L,e0fef893d26baae17a3e262951afad508996ae16f2f43fe107136aa1982b97d3,26,2,6,37,2560,1,7362,6596,209,557,975,1000,0.9210537672042847,0.9842458168665568,0.43444606090301807,4.560318470001221
41,L,e0fef893d26baae17a3e262951afad508996ae16f2f43fe107136aa1982b97d3,26,3,7,11,2560,1,7362,6596,209,557,950,1000,0.7399798557162285,0.6433359334866205,0.3623507301276332,3.655695676803589
41,L,e0fef893d26baae17a3e262951afad508996ae16f2f43fe107136aa1982b97d3,26,3,7,23,2560,1,7362,6596,209,557,675,925,0.7359055280685425,0.5516770482063293,0.4953904024386961,2.9526734352111816
41,L,e0fef893d26baae17a3e262951afad508996ae16f2f43fe107136aa1982b97d3,26,3,7,37,2560,1,7362,6596,209,557,700,950,0.7319891378283501,-0.049641688664754234,1.2860785174516256,3.0681264400482178
41,L,e0fef893d26baae17a3e262951afad508996ae16f2f43fe107136aa1982b97d3,26,1,8,11,2560,1,7362,6596,209,557,825,1000,1.081404685974121,1.1086227496465046,0.2188594252324909,4.2834062576293945
41,L,e0fef893d26baae17a3e262951afad508996ae16f2f43fe107136aa1982b97d3,26,1,8,23,2560,1,7362,6596,209,557,700,950,1.027398094534874,1.0589023232460022,0.16272878141561545,3.8134453296661377
41,L,e0fef893d26baae17a3e262951afad508996ae16f2f43fe107136aa1982b97d3,26,1,8,37,2560,1,7362,6596,209,557,875,1000,1.0884325504302979,1.1451663573582966,0.16921060024493867,4.556140422821045
41,L,e0fef893d26baae17a3e262951afad508996ae16f2f43fe107136aa1982b97d3,26,2,9,11,2560,1,7362,6596,209,557,800,1000,0.7975856512784958,0.8251409928003947,0.2461926290029354,2.9646692276000977
41,L,e0fef893d26baae17a3e262951afad508996ae16f2f43fe107136aa1982b97d3,26,2,9,23,2560,1,7362,6596,209,557,1000,1000,0.7780786156654358,0.89415975411733,0.22766956631659596,3.587998151779175
41,L,e0fef893d26baae17a3e262951afad508996ae16f2f43fe107136aa1982b97d3,26,2,9,37,2560,1,7362,6596,209,557,950,1000,0.7999211996793747,0.9349212249120077,0.25800610653724065,3.473881721496582
41,L,e0fef893d26baae17a3e262951afad508996ae16f2f43fe107136aa1982b97d3,26,2,10,11,2560,1,7362,6596,209,557,850,1000,1.146665558218956,1.0886567334334056,0.3011760414443874,4.354736328125
41,L,e0fef893d26baae17a3e262951afad508996ae16f2f43fe107136aa1982b97d3,26,2,10,23,2560,1,7362,6596,209,557,925,1000,1.1247857809066772,1.0651709983746211,0.3078772168716756,4.84989070892334
41,L,e0fef893d26baae17a3e262951afad508996ae16f2f43fe107136aa1982b97d3,26,2,10,37,2560,1,7362,6596,209,557,850,1000,1.1330844163894653,1.0038162072499592,0.32926675401790173,4.74306583404541
41,L,e0fef893d26baae17a3e262951afad508996ae16f2f43fe107136aa1982b97d3,26,3,11,11,2560,1,7362,6596,209,557,1000,1000,0.9283876642584801,0.28744523723920185,0.8305284751593585,3.703939199447632
41,L,e0fef893d26baae17a3e262951afad508996ae16f2f43fe107136aa1982b97d3,26,3,11,23,2560,1,7362,6596,209,557,625,875,0.7990958616137505,0.6251926918824514,0.2260728114504535,2.8782002925872803
41,L,e0fef893d26baae17a3e262951afad508996ae16f2f43fe107136aa1982b97d3,26,3,11,37,2560,1,7362,6596,209,557,950,1000,0.9216816127300262,0.571446935335795,0.3922840294872449,3.7191576957702637
41,L,e0fef893d26baae17a3e262951afad508996ae16f2f43fe107136aa1982b97d3,26,2,12,11,2560,1,7362,6596,209,557,950,1000,0.9312562942504883,1.0637145439783733,0.1436855159961958,4.29055643081665
41,L,e0fef893d26baae17a3e262951afad508996ae16f2f43fe107136aa1982b97d3,26,2,12,23,2560,1,7362,6596,209,557,900,1000,0.9110490381717682,0.9739896953105927,0.19068556091161165,4.379910469055176
41,L,e0fef893d26baae17a3e262951afad508996ae16f2f43fe107136aa1982b97d3,26,2,12,37,2560,1,7362,6596,209,557,975,1000,0.9047956764698029,1.036843180656433,0.23243062841198345,4.845797061920166
41,L,e0fef893d26baae17a3e262951afad508996ae16f2f43fe107136aa1982b97d3,26,3,13,11,2560,1,7362,6596,209,557,850,1000,0.7127020955085754,0.7094066441059113,0.23045545921220548,2.8038668632507324
41,L,e0fef893d26baae17a3e262951afad508996ae16f2f43fe107136aa1982b97d3,26,3,13,23,2560,1,7362,6596,209,557,950,1000,0.7765028402209282,0.7564051101605097,0.3041470094242365,2.9092166423797607
41,L,e0fef893d26baae17a3e262951afad508996ae16f2f43fe107136aa1982b97d3,26,3,13,37,2560,1,7362,6596,209,557,900,1000,0.7920248955488205,0.8052303791046143,0.2724974622499403,2.815608024597168
41,L,e0fef893d26baae17a3e262951afad508996ae16f2f43fe107136aa1982b97d3,26,3,14,11,2560,1,7362,6596,209,557,850,1000,0.9671237543225288,0.9573721289634705,0.34429467569409516,4.489261150360107
41,L,e0fef893d26baae17a3e262951afad508996ae16f2f43fe107136aa1982b97d3,26,3,14,23,2560,1,7362,6596,209,557,925,1000,0.9917728900909424,0.9915067305167516,0.37189049396507556,4.689878463745117
41,L,e0fef893d26baae17a3e262951afad508996ae16f2f43fe107136aa1982b97d3,26,3,14,37,2560,1,7362,6596,209,557,925,1000,1.066597819328308,1.0862038135528564,0.38766578275752817,4.913817882537842
41,L,e0fef893d26baae17a3e262951afad508996ae16f2f43fe107136aa1982b97d3,26,4,15,11,2560,1,7362,6596,209,557,800,1000,0.7626532763242722,0.665860136349996,0.26247770741668,3.174631118774414
41,L,e0fef893d26baae17a3e262951afad508996ae16f2f43fe107136aa1982b97d3,26,4,15,23,2560,1,7362,6596,209,557,900,1000,0.7947297170758247,0.7289649695158005,0.28063793751053784,3.4652230739593506
41,L,e0fef893d26baae17a3e262951afad508996ae16f2f43fe107136aa1982b97d3,26,4,15,37,2560,1,7362,6596,209,557,975,1000,0.8085520267486572,0.6605559984842936,0.37859986240568244,4.032065391540527
41,L,e0fef893d26baae17a3e262951afad508996ae16f2f43fe107136aa1982b97d3,27,1,1,11,2560,1,7362,6596,209,557,650,900,0.5855574160814285,0.7103182176748911,0.39720556643471344,1.9573519229888916
41,L,e0fef893d26baae17a3e262951afad508996ae16f2f43fe107136aa1982b97d3,27,1,1,23,2560,1,7362,6596,209,557,1000,1000,0.7229163646697998,0.8941533168156942,0.42934599630579956,2.8992137908935547
41,L,e0fef893d26baae17a3e262951afad508996ae16f2f43fe107136aa1982b97d3,27,1,1,37,2560,1,7362,6596,209,557,575,825,0.6229908466339111,0.6572158734003702,0.36973156538131147,1.8307616710662842
41,L,e0fef893d26baae17a3e262951afad508996ae16f2f43fe107136aa1982b97d3,27,1,2,11,2560,1,7362,6596,209,557,975,1000,1.0951014906167984,1.2257424592971802,0.5064402705790366,5.510624408721924
41,L,e0fef893d26baae17a3e262951afad508996ae16f2f43fe107136aa1982b97d3,27,1,2,23,2560,1,7362,6596,209,557,825,1000,1.1151337772607803,1.1738554239273071,0.4408066970716365,5.504730701446533
41,L,e0fef893d26baae17a3e262951afad508996ae16f2f43fe107136aa1982b97d3,27,1,2,37,2560,1,7362,6596,209,557,975,1000,1.0770927667617798,1.1586616933345795,0.4424487797256445,5.661874771118164
41,L,e0fef893d26baae17a3e262951afad508996ae16f2f43fe107136aa1982b97d3,27,2,3,11,2560,1,7362,6596,209,557,550,800,0.7963371723890305,0.6711107492446899,0.3256115081040482,2.9607810974121094
41,L,e0fef893d26baae17a3e262951afad508996ae16f2f43fe107136aa1982b97d3,27,2,3,23,2560,1,7362,6596,209,557,950,1000,0.7949235439300537,0.6298780391613642,0.490775741975908,3.6663739681243896
41,L,e0fef893d26baae17a3e262951afad508996ae16f2f43fe107136aa1982b97d3,27,2,3,37,2560,1,7362,6596,209,557,950,1000,0.8860896825790405,0.7972329060236613,0.408630884728832,4.187371253967285
41,L,e0fef893d26baae17a3e262951afad508996ae16f2f43fe107136aa1982b97d3,27,1,4,11,2560,1,7362,6596,209,557,975,1000,1.0886894166469574,0.4494402011235555,0.8230238369335195,4.640655994415283
41,L,e0fef893d26baae17a3e262951afad508996ae16f2f43fe107136aa1982b97d3,27,1,4,23,2560,1,7362,6596,209,557,700,950,1.079516276717186,0.7827159961064657,0.2990355515258518,3.8233745098114014
41,L,e0fef893d26baae17a3e262951afad508996ae16f2f43fe107136aa1982b97d3,27,1,4,37,2560,1,7362,6596,209,557,575,825,0.9758488833904266,0.8728196322917938,0.18428761228119755,2.9986319541931152
41,L,e0fef893d26baae17a3e262951afad508996ae16f2f43fe107136aa1982b97d3,27,2,5,11,2560,1,7362,6596,209,557,675,925,0.6756945848464966,0.6436027983824412,0.3412710171719034,2.0919299125671387
41,L,e0fef893d26baae17a3e262951afad508996ae16f2f43fe107136aa1982b97d3,27,2,5,23,2560,1,7362,6596,209,557,950,1000,0.7419780492782593,0.8105401198069254,0.3403830642164047,2.6951446533203125
41,L,e0fef893d26baae17a3e262951afad508996ae16f2f43fe107136aa1982b97d3,27,2,5,37,2560,1,7362,6596,209,557,750,1000,0.6578157693147659,0.6569906572500864,0.38463798117105163,2.4215524196624756
41,L,e0fef893d26baae17a3e262951afad508996ae16f2f43fe107136aa1982b97d3,27,2,6,11,2560,1,7362,6596,209,557,1000,1000,0.9540493488311768,1.0770235011974971,0.4280933010344796,4.994714736938477
41,L,e0fef893d26baae17a3e262951afad508996ae16f2f43fe107136aa1982b97d3,27,2,6,23,2560,1,7362,6596,209,557,875,1000,0.8845844566822052,0.9799160907665888,0.41666092988307185,4.603200435638428
41,L,e0fef893d26baae17a3e262951afad508996ae16f2f43fe107136aa1982b97d3,27,2,6,37,2560,1,7362,6596,209,557,925,1000,1.039193019270897,1.1077882846196492,0.44618636690445435,5.084702968597412
41,L,e0fef893d26baae17a3e262951afad508996ae16f2f43fe107136aa1982b97d3,27,3,7,11,2560,1,7362,6596,209,557,925,1000,0.7764807865023613,0.5627724329630533,0.4545042563533674,3.4644784927368164
41,L,e0fef893d26baae17a3e262951afad508996ae16f2f43fe107136aa1982b97d3,27,3,7,23,2560,1,7362,6596,209,557,1000,1000,0.7862046882510185,0.5892274777094523,0.4961698454164425,3.550093412399292
41,L,e0fef893d26baae17a3e262951afad508996ae16f2f43fe107136aa1982b97d3,27,3,7,37,2560,1,7362,6596,209,557,800,1000,0.8317756354808807,0.47921804587046307,0.6263595152896959,3.4754862785339355
41,L,e0fef893d26baae17a3e262951afad508996ae16f2f43fe107136aa1982b97d3,27,1,8,11,2560,1,7362,6596,209,557,800,1000,1.1083098649978638,1.1394286851088207,0.17208148687855984,4.091566562652588
41,L,e0fef893d26baae17a3e262951afad508996ae16f2f43fe107136aa1982b97d3,27,1,8,23,2560,1,7362,6596,209,557,675,925,1.0087158977985382,1.0340664982795715,0.16218922521354076,3.6469273567199707
41,L,e0fef893d26baae17a3e262951afad508996ae16f2f43fe107136aa1982b97d3,27,1,8,37,2560,1,7362,6596,209,557,950,1000,1.1178604364395142,1.2641498645146687,0.22470081448518692,5.089352130889893
41,L,e0fef893d26baae17a3e262951afad508996ae16f2f43fe107136aa1982b97d3,27,2,9,11,2560,1,7362,6596,209,557,975,1000,0.8235256373882294,0.950709342956543,0.2372913124434962,3.733149528503418
41,L,e0fef893d26baae17a3e262951afad508996ae16f2f43fe107136aa1982b97d3,27,2,9,23,2560,1,7362,6596,209,557,975,1000,0.8208762407302856,0.8982529689868292,0.28119364083587606,3.544682741165161
41,L,e0fef893d26baae17a3e262951afad508996ae16f2f43fe107136aa1982b97d3,27,2,9,37,2560,1,7362,6596,209,557,900,1000,0.8417903184890747,0.9475903113683065,0.26676469738266595,3.3245391845703125
41,L,e0fef893d26baae17a3e262951afad508996ae16f2f43fe107136aa1982b97d3,27,2,10,11,2560,1,7362,6596,209,557,1000,1000,1.291302666068077,1.1134721388419468,0.3322079219273722,5.157980442047119
41,L,e0fef893d26baae17a3e262951afad508996ae16f2f43fe107136aa1982b97d3,27,2,10,23,2560,1,7362,6596,209,557,825,1000,1.1016880124807358,0.8388363818327585,0.36466365169845155,4.395505905151367
41,L,e0fef893d26baae17a3e262951afad508996ae16f2f43fe107136aa1982b97d3,27,2,10,37,2560,1,7362,6596,209,557,800,1000,1.1498310565948486,1.0636940995852153,0.33748683976694754,4.355704307556152
41,L,e0fef893d26baae17a3e262951afad508996ae16f2f43fe107136aa1982b97d3,27,3,11,11,2560,1,7362,6596,209,557,975,1000,0.8866788223385811,0.6231010258197784,0.5306076203832167,3.8609440326690674
41,L,e0fef893d26baae17a3e262951afad508996ae16f2f43fe107136aa1982b97d3,27,3,11,23,2560,1,7362,6596,209,557,950,1000,0.8739477321505547,0.6718901445468267,0.29727658098065296,3.7375776767730713
41,L,e0fef893d26baae17a3e262951afad508996ae16f2f43fe107136aa1982b97d3,27,3,11,37,2560,1,7362,6596,209,557,975,1000,0.8455802649259567,0.5230425198872884,0.3528102925475151,3.9735846519470215
41,L,e0fef893d26baae17a3e262951afad508996ae16f2f43fe107136aa1982b97d3,27,2,12,11,2560,1,7362,6596,209,557,950,1000,0.9164079129695892,1.0273986260096233,0.13942623388111658,4.386627197265625
41,L,e0fef893d26baae17a3e262951afad508996ae16f2f43fe107136aa1982b97d3,27,2,12,23,2560,1,7362,6596,209,557,825,1000,0.8455747067928314,0.9924594064553579,0.21267112456080428,4.1447906494140625
41,L,e0fef893d26baae17a3e262951afad508996ae16f2f43fe107136aa1982b97d3,27,2,12,37,2560,1,7362,6596,209,557,900,1000,0.9073634594678879,1.0477088689804077,0.1517990949981869,4.304229259490967
41,L,e0fef893d26baae17a3e262951afad508996ae16f2f43fe107136aa1982b97d3,27,3,13,11,2560,1,7362,6596,209,557,975,1000,0.7472429201006889,0.7395201524098715,0.24749194137187822,3.196249485015869
41,L,e0fef893d26baae17a3e262951afad508996ae16f2f43fe107136aa1982b97d3,27,3,13,23,2560,1,7362,6596,209,557,950,1000,0.8572911322116852,0.839316209157308,0.2960570596420386,3.3529765605926514
41,L,e0fef893d26baae17a3e262951afad508996ae16f2f43fe107136aa1982b97d3,27,3,13,37,2560,1,7362,6596,209,557,775,1000,0.7704945728182793,0.7093361963828405,0.25816845251323617,2.6817948818206787
41,L,e0fef893d26baae17a3e262951afad508996ae16f2f43fe107136aa1982b97d3,27,3,14,11,2560,1,7362,6596,209,557,1000,1000,0.97934340685606,0.8073270668586096,0.4123693907098112,5.547402381896973
41,L,e0fef893d26baae17a3e262951afad508996ae16f2f43fe107136aa1982b97d3,27,3,14,23,2560,1,7362,6596,209,557,925,1000,1.036773443222046,1.0161564002434413,0.38477851902849236,4.73382568359375
41,L,e0fef893d26baae17a3e262951afad508996ae16f2f43fe107136aa1982b97d3,27,3,14,37,2560,1,7362,6596,209,557,975,1000,0.9399945735931396,0.8943609197934469,0.41002584548516846,4.772201061248779
41,L,e0fef893d26baae17a3e262951afad508996ae16f2f43fe107136aa1982b97d3,27,4,15,11,2560,1,7362,6596,209,557,1000,1000,0.8102009743452072,0.2745995099345843,0.8797694542242552,4.0325026512146
41,L,e0fef893d26baae17a3e262951afad508996ae16f2f43fe107136aa1982b97d3,27,4,15,23,2560,1,7362,6596,209,557,800,1000,0.858138918876648,0.7342874705791473,0.3558923931154059,3.3772895336151123
41,L,e0fef893d26baae17a3e262951afad508996ae16f2f43fe107136aa1982b97d3,27,4,15,37,2560,1,7362,6596,209,557,700,950,0.8110635280609131,0.6489845563968023,0.2460190686273791,3.03900408744812
41,L,e0fef893d26baae17a3e262951afad508996ae16f2f43fe107136aa1982b97d3,28,1,1,11,2560,1,7362,6596,209,557,975,1000,0.7617516964673996,0.823129415512085,0.3895739804149926,3.0100793838500977
41,L,e0fef893d26baae17a3e262951afad508996ae16f2f43fe107136aa1982b97d3,28,1,1,23,2560,1,7362,6596,209,557,925,1000,0.6718677207827568,0.7402288814385732,0.45872271828998107,2.899574041366577
41,L,e0fef893d26baae17a3e262951afad508996ae16f2f43fe107136aa1982b97d3,28,1,1,37,2560,1,7362,6596,209,557,575,825,0.6453815251588821,0.728925903638204,0.4071402638922559,1.8809387683868408
41,L,e0fef893d26baae17a3e262951afad508996ae16f2f43fe107136aa1982b97d3,28,1,2,11,2560,1,7362,6596,209,557,950,1000,1.1693562269210815,1.2850790818532307,0.44653090692830244,5.308954238891602
41,L,e0fef893d26baae17a3e262951afad508996ae16f2f43fe107136aa1982b97d3,28,1,2,23,2560,1,7362,6596,209,557,800,1000,1.1446080058813095,1.112262984116872,0.4463131985332862,5.284562587738037
41,L,e0fef893d26baae17a3e262951afad508996ae16f2f43fe107136aa1982b97d3,28,1,2,37,2560,1,7362,6596,209,557,1000,1000,1.1048697233200073,1.0769212643305461,0.41169919420060047,6.623875141143799
41,L,e0fef893d26baae17a3e262951afad508996ae16f2f43fe107136aa1982b97d3,28,2,3,11,2560,1,7362,6596,209,557,975,1000,0.9545459449291229,0.8963200648625692,0.3856892439377816,4.188027858734131
41,L,e0fef893d26baae17a3e262951afad508996ae16f2f43fe107136aa1982b97d3,28,2,3,23,2560,1,7362,6596,209,557,950,1000,0.9523856341838837,0.8941312233606974,0.31621206136430363,4.163189888000488
41,L,e0fef893d26baae17a3e262951afad508996ae16f2f43fe107136aa1982b97d3,28,2,3,37,2560,1,7362,6596,209,557,975,1000,0.9658184200525284,0.8572658399740855,0.550748863347353,4.327750205993652
41,L,e0fef893d26baae17a3e262951afad508996ae16f2f43fe107136aa1982b97d3,28,1,4,11,2560,1,7362,6596,209,557,900,1000,1.1154544204473495,0.9062147537867228,0.5606850197867389,4.808058738708496
41,L,e0fef893d26baae17a3e262951afad508996ae16f2f43fe107136aa1982b97d3,28,1,4,23,2560,1,7362,6596,209,557,1000,1000,1.2572540044784546,1.1274786988894145,0.2712788824175113,4.981165409088135
41,L,e0fef893d26baae17a3e262951afad508996ae16f2f43fe107136aa1982b97d3,28,1,4,37,2560,1,7362,6596,209,557,850,1000,1.1662493795156479,0.9799163142840067,0.354400685972993,4.528027534484863
41,L,e0fef893d26baae17a3e262951afad508996ae16f2f43fe107136aa1982b97d3,28,2,5,11,2560,1,7362,6596,209,557,975,1000,0.7589256763458252,0.7809222837289175,0.360851630305143,3.016221284866333
41,L,e0fef893d26baae17a3e262951afad508996ae16f2f43fe107136aa1982b97d3,28,2,5,23,2560,1,7362,6596,209,557,1000,1000,0.7309692949056625,0.7780891607205073,0.3790995140300895,2.8154752254486084
41,L,e0fef893d26baae17a3e262951afad508996ae16f2f43fe107136aa1982b97d3,28,2,5,37,2560,1,7362,6596,209,557,800,1000,0.7205800563097,0.7191970646381378,0.3739940695336777,2.704267978668213
41,L,e0fef893d26baae17a3e262951afad508996ae16f2f43fe107136aa1982b97d3,28,2,6,11,2560,1,7362,6596,209,557,875,1000,0.9810967743396759,1.0630910346905391,0.43513252911304423,4.661682605743408
41,L,e0fef893d26baae17a3e262951afad508996ae16f2f43fe107136aa1982b97d3,28,2,6,23,2560,1,7362,6596,209,557,875,1000,0.9624787643551826,1.0876357555389404,0.4480340563578284,4.727948188781738
41,L,e0fef893d26baae17a3e262951afad508996ae16f2f43fe107136aa1982b97d3,28,2,6,37,2560,1,7362,6596,209,557,475,725,0.78444404900074,0.7953875362873077,0.32725469626652454,2.701528310775757
41,L,e0fef893d26baae17a3e262951afad508996ae16f2f43fe107136aa1982b97d3,28,3,7,11,2560,1,7362,6596,209,557,925,1000,0.7276152446866035,0.6234086006879807,0.5076573025084259,3.44992733001709
41,L,e0fef893d26baae17a3e262951afad508996ae16f2f43fe107136aa1982b97d3,28,3,7,23,2560,1,7362,6596,209,557,1000,1000,0.7405514717102051,0.5715086062749227,0.5513398335867603,3.769702672958374
41,L,e0fef893d26baae17a3e262951afad508996ae16f2f43fe107136aa1982b97d3,28,3,7,37,2560,1,7362,6596,209,557,775,1000,0.7896192073822021,-0.5277677377065023,2.084633008096966,3.2844431400299072
41,L,e0fef893d26baae17a3e262951afad508996ae16f2f43fe107136aa1982b97d3,28,1,8,11,2560,1,7362,6596,209,557,1000,1000,1.2546632289886475,1.2755398750305176,0.2054919617845106,5.288322448730469
41,L,e0fef893d26baae17a3e262951afad508996ae16f2f43fe107136aa1982b97d3,28,1,8,23,2560,1,7362,6596,209,557,625,875,1.0249931812286377,0.9384227196375529,0.15819357651894034,3.290030002593994
41,L,e0fef893d26baae17a3e262951afad508996ae16f2f43fe107136aa1982b97d3,28,1,8,37,2560,1,7362,6596,209,557,1000,1000,1.11066472530365,1.156747817993164,0.16936036282463343,4.743226051330566
41,L,e0fef893d26baae17a3e262951afad508996ae16f2f43fe107136aa1982b97d3,28,2,9,11,2560,1,7362,6596,209,557,800,1000,0.7961766794323921,0.8748460213343302,0.26001634186754774,3.2567005157470703
41,L,e0fef893d26baae17a3e262951afad508996ae16f2f43fe107136aa1982b97d3,28,2,9,23,2560,1,7362,6596,209,557,825,1000,0.797837883234024,0.8338291247685751,0.25411969337547086,3.225431442260742
41,L,e0fef893d26baae17a3e262951afad508996ae16f2f43fe107136aa1982b97d3,28,2,9,37,2560,1,7362,6596,209,557,875,1000,0.8937965631484985,0.9209069013595581,0.2845643791782679,3.4130325317382812
41,L,e0fef893d26baae17a3e262951afad508996ae16f2f43fe107136aa1982b97d3,28,2,10,11,2560,1,7362,6596,209,557,950,1000,1.141600489616394,0.9807423750559489,0.37222343802833696,4.7550740242004395
41,L,e0fef893d26baae17a3e262951afad508996ae16f2f43fe107136aa1982b97d3,28,2,10,23,2560,1,7362,6596,209,557,925,1000,1.1422523856163025,1.044295569260915,0.35746582710031494,4.827125549316406
41,L,e0fef893d26baae17a3e262951afad508996ae16f2f43fe107136aa1982b97d3,28,2,10,37,2560,1,7362,6596,209,557,1000,1000,1.1292952299118042,1.0217944830656052,0.3455551227195481,5.018815517425537
41,L,e0fef893d26baae17a3e262951afad508996ae16f2f43fe107136aa1982b97d3,28,3,11,11,2560,1,7362,6596,209,557,850,1000,0.8752068728208542,0.5364652276039124,0.37956372152610157,3.3752565383911133
41,L,e0fef893d26baae17a3e262951afad508996ae16f2f43fe107136aa1982b97d3,28,3,11,23,2560,1,7362,6596,209,557,875,1000,0.927765965461731,0.40910200277964276,0.46969113096408505,3.771364688873291
41,L,e0fef893d26baae17a3e262951afad508996ae16f2f43fe107136aa1982b97d3,28,3,11,37,2560,1,7362,6596,209,557,800,1000,0.7928543537855148,0.3364585240681966,0.5029860217929804,3.465454578399658
41,L,e0fef893d26baae17a3e262951afad508996ae16f2f43fe107136aa1982b97d3,28,2,12,11,2560,1,7362,6596,209,557,950,1000,0.9815815836191177,1.1029465595881145,0.1732477004183389,4.540092468261719
41,L,e0fef893d26baae17a3e262951afad508996ae16f2f43fe107136aa1982b97d3,28,2,12,23,2560,1,7362,6596,209,557,875,1000,0.9024441167712212,1.0748404065767925,0.2599798362940302,4.541806221008301
41,L,e0fef893d26baae17a3e262951afad508996ae16f2f43fe107136aa1982b97d3,28,2,12,37,2560,1,7362,6596,209,557,875,1000,0.9386873245239258,1.1132997274398804,0.18593744466864326,4.479647636413574
41,L,e0fef893d26baae17a3e262951afad508996ae16f2f43fe107136aa1982b97d3,28,3,13,11,2560,1,7362,6596,209,557,700,950,0.7080242559313774,0.6839177906513214,0.30643238584954274,2.4771909713745117
41,L,e0fef893d26baae17a3e262951afad508996ae16f2f43fe107136aa1982b97d3,28,3,13,23,2560,1,7362,6596,209,557,925,1000,0.6800475083291531,0.6989063024520874,0.28437042222225734,2.9418931007385254
41,L,e0fef893d26baae17a3e262951afad508996ae16f2f43fe107136aa1982b97d3,28,3,13,37,2560,1,7362,6596,209,557,975,1000,0.7799773663282394,0.7844256162643433,0.3225145465737157,3.212873935699463
41,L,e0fef893d26baae17a3e262951afad508996ae16f2f43fe107136aa1982b97d3,28,3,14,11,2560,1,7362,6596,209,557,1000,1000,0.936371922492981,0.9077286745111147,0.41182933925402193,5.1909565925598145
41,L,e0fef893d26baae17a3e262951afad508996ae16f2f43fe107136aa1982b97d3,28,3,14,23,2560,1,7362,6596,209,557,650,900,0.8792146295309067,0.8496994177500407,0.3805991059817077,3.6391024589538574
41,L,e0fef893d26baae17a3e262951afad508996ae16f2f43fe107136aa1982b97d3,28,3,14,37,2560,1,7362,6596,209,557,925,1000,1.0184779167175293,0.9536599914232889,0.4495255418151681,4.5731425285339355
41,L,e0fef893d26baae17a3e262951afad508996ae16f2f43fe107136aa1982b97d3,28,4,15,11,2560,1,7362,6596,209,557,1000,1000,0.8994336575269699,0.20544080436229706,0.8234902225986174,3.8076746463775635
41,L,e0fef893d26baae17a3e262951afad508996ae16f2f43fe107136aa1982b97d3,28,4,15,23,2560,1,7362,6596,209,557,975,1000,0.8466959074139595,0.31248270471890766,1.021827995835854,4.331242084503174
41,L,e0fef893d26baae17a3e262951afad508996ae16f2f43fe107136aa1982b97d3,28,4,15,37,2560,1,7362,6596,209,557,950,1000,0.7987880632281303,0.5526775469382604,0.4038085255959469,3.9276340007781982
41,L,e0fef893d26baae17a3e262951afad508996ae16f2f43fe107136aa1982b97d3,29,1,1,11,2560,1,7362,6596,209,557,975,1000,0.7123661041259766,0.7876960734526316,0.415992835790657,3.108405113220215
41,L,e0fef893d26baae17a3e262951afad508996ae16f2f43fe107136aa1982b97d3,29,1,1,23,2560,1,7362,6596,209,557,650,900,0.7084535360336304,0.8713205655415853,0.39808464031067575,2.300788402557373
41,L,e0fef893d26baae17a3e262951afad508996ae16f2f43fe107136aa1982b97d3,29,1,1,37,2560,1,7362,6596,209,557,875,1000,0.7599467039108276,0.8833050727844238,0.38176281209855023,2.7281322479248047
41,L,e0fef893d26baae17a3e262951afad508996ae16f2f43fe107136aa1982b97d3,29,1,2,11,2560,1,7362,6596,209,557,900,1000,1.214730143547058,1.2799480855464935,0.4757936289995922,5.884120941162109
41,L,e0fef893d26baae17a3e262951afad508996ae16f2f43fe107136aa1982b97d3,29,1,2,23,2560,1,7362,6596,209,557,900,1000,1.1303603649139404,1.2380009392897289,0.5192774364752594,6.2543559074401855
41,L,e0fef893d26baae17a3e262951afad508996ae16f2f43fe107136aa1982b97d3,29,1,2,37,2560,1,7362,6596,209,557,925,1000,1.1698493957519531,1.3133599360783894,0.44963474977084705,6.2794270515441895
41,L,e0fef893d26baae17a3e262951afad508996ae16f2f43fe107136aa1982b97d3,29,2,3,11,2560,1,7362,6596,209,557,975,1000,0.9454419612884521,0.9063639640808105,0.3019234530907479,4.166910171508789
41,L,e0fef893d26baae17a3e262951afad508996ae16f2f43fe107136aa1982b97d3,29,2,3,23,2560,1,7362,6596,209,557,875,1000,0.960578054189682,0.8789986769358317,0.4988605448056055,4.056405544281006
41,L,e0fef893d26baae17a3e262951afad508996ae16f2f43fe107136aa1982b97d3,29,2,3,37,2560,1,7362,6596,209,557,950,1000,0.9582968950271606,0.773400624593099,0.3610857102591303,4.069916248321533
41,L,e0fef893d26baae17a3e262951afad508996ae16f2f43fe107136aa1982b97d3,29,1,4,11,2560,1,7362,6596,209,557,575,825,1.0167396068572998,0.8621819317340851,0.3102073785033247,3.240670680999756
41,L,e0fef893d26baae17a3e262951afad508996ae16f2f43fe107136aa1982b97d3,29,1,4,23,2560,1,7362,6596,209,557,950,1000,1.1942552328109741,1.0510972340901692,0.2222679206313367,4.703668594360352
41,L,e0fef893d26baae17a3e262951afad508996ae16f2f43fe107136aa1982b97d3,29,1,4,37,2560,1,7362,6596,209,557,850,1000,1.0887921899557114,0.9313930869102478,0.2770252522529278,3.860290765762329
41,L,e0fef893d26baae17a3e262951afad508996ae16f2f43fe107136aa1982b97d3,29,2,5,11,2560,1,7362,6596,209,557,975,1000,0.8201949670910835,0.7742186089356741,0.37108277876329776,2.920041561126709
41,L,e0fef893d26baae17a3e262951afad508996ae16f2f43fe107136aa1982b97d3,29,2,5,23,2560,1,7362,6596,209,557,800,1000,0.8296875208616257,0.7307401448488235,0.3459161440833114,2.668161153793335
41,L,e0fef893d26baae17a3e262951afad508996ae16f2f43fe107136aa1982b97d3,29,2,5,37,2560,1,7362,6596,209,557,750,1000,0.7281000167131424,0.6717031498750051,0.32550372487739365,2.556245803833008
41,L,e0fef893d26baae17a3e262951afad508996ae16f2f43fe107136aa1982b97d3,29,2,6,11,2560,1,7362,6596,209,557,1000,1000,0.8956773579120636,1.0637191558877628,0.4333651740524194,4.9709672927856445
41,L,e0fef893d26baae17a3e262951afad508996ae16f2f43fe107136aa1982b97d3,29,2,6,23,2560,1,7362,6596,209,557,950,1000,0.975086584687233,1.0985393921534221,0.42206734571318355,5.172099590301514
41,L,e0fef893d26baae17a3e262951afad508996ae16f2f43fe107136aa1982b97d3,29,2,6,37,2560,1,7362,6596,209,557,950,1000,1.0162358283996582,1.067799170811971,0.44688928678666495,5.277792930603027
41,L,e0fef893d26baae17a3e262951afad508996ae16f2f43fe107136aa1982b97d3,29,3,7,11,2560,1,7362,6596,209,557,825,1000,0.7474642395973206,0.5847048064072927,0.4549040360702421,3.3005030155181885
41,L,e0fef893d26baae17a3e262951afad508996ae16f2f43fe107136aa1982b97d3,29,3,7,23,2560,1,7362,6596,209,557,650,900,0.6448411345481873,0.6154154315590858,0.3127424157212977,2.7081243991851807
41,L,e0fef893d26baae17a3e262951afad508996ae16f2f43fe107136aa1982b97d3,29,3,7,37,2560,1,7362,6596,209,557,975,1000,0.7285472080111504,0.40425293147563934,0.8026340173202127,3.450737476348877
41,L,e0fef893d26baae17a3e262951afad508996ae16f2f43fe107136aa1982b97d3,29,1,8,11,2560,1,7362,6596,209,557,1000,1000,1.1994444131851196,1.2453736464182537,0.1918966964337003,5.183236598968506
41,L,e0fef893d26baae17a3e262951afad508996ae16f2f43fe107136aa1982b97d3,29,1,8,23,2560,1,7362,6596,209,557,1000,1000,1.1250884681940079,1.1706396043300629,0.20556879153859492,5.018949508666992
41,L,e0fef893d26baae17a3e262951afad508996ae16f2f43fe107136aa1982b97d3,29,1,8,37,2560,1,7362,6596,209,557,975,1000,1.0973520278930664,1.1418317953745525,0.19128142849420746,4.932044982910156
41,L,e0fef893d26baae17a3e262951afad508996ae16f2f43fe107136aa1982b97d3,29,2,9,11,2560,1,7362,6596,209,557,875,1000,0.9332126379013062,0.906924327214559,0.2541867112814069,3.2558248043060303
41,L,e0fef893d26baae17a3e262951afad508996ae16f2f43fe107136aa1982b97d3,29,2,9,23,2560,1,7362,6596,209,557,925,1000,0.8960913121700287,0.9028401424487432,0.29395121937161317,3.6364247798919678
41,L,e0fef893d26baae17a3e262951afad508996ae16f2f43fe107136aa1982b97d3,29,2,9,37,2560,1,7362,6596,209,557,975,1000,0.8142189681529999,0.8798334995905558,0.2549763034965781,3.763427257537842
41,L,e0fef893d26baae17a3e262951afad508996ae16f2f43fe107136aa1982b97d3,29,2,10,11,2560,1,7362,6596,209,557,800,1000,1.1561769247055054,1.0591480831305187,0.3308399928695899,4.690354347229004
41,L,e0fef893d26baae17a3e262951afad508996ae16f2f43fe107136aa1982b97d3,29,2,10,23,2560,1,7362,6596,209,557,975,1000,1.1239534765481949,1.1344787279764812,0.3459804880610292,5.151239395141602
41,L,e0fef893d26baae17a3e262951afad508996ae16f2f43fe107136aa1982b97d3,29,2,10,37,2560,1,7362,6596,209,557,925,1000,1.150437593460083,1.1130101283391316,0.35028731367870825,5.093135356903076
41,L,e0fef893d26baae17a3e262951afad508996ae16f2f43fe107136aa1982b97d3,29,3,11,11,2560,1,7362,6596,209,557,975,1000,0.9240470826625824,0.36449841658274335,0.7847746026595815,3.778247833251953
41,L,e0fef893d26baae17a3e262951afad508996ae16f2f43fe107136aa1982b97d3,29,3,11,23,2560,1,7362,6596,209,557,975,1000,1.0033254623413086,0.2615096966425578,0.9591787210259809,4.182920932769775
41,L,e0fef893d26baae17a3e262951afad508996ae16f2f43fe107136aa1982b97d3,29,3,11,37,2560,1,7362,6596,209,557,900,1000,0.8893002271652222,0.01766196886698405,0.8379575599840305,3.6053121089935303
41,L,e0fef893d26baae17a3e262951afad508996ae16f2f43fe107136aa1982b97d3,29,2,12,11,2560,1,7362,6596,209,557,825,1000,0.8614863902330399,1.023805061976115,0.19381692048592342,4.125801086425781
41,L,e0fef893d26baae17a3e262951afad508996ae16f2f43fe107136aa1982b97d3,29,2,12,23,2560,1,7362,6596,209,557,950,1000,0.9779131412506104,0.9990746974945068,0.22703972429179514,4.465310096740723
41,L,e0fef893d26baae17a3e262951afad508996ae16f2f43fe107136aa1982b97d3,29,2,12,37,2560,1,7362,6596,209,557,825,1000,0.8976920545101166,1.0311925808588664,0.1616392786224675,3.8090200424194336
41,L,e0fef893d26baae17a3e262951afad508996ae16f2f43fe107136aa1982b97d3,29,3,13,11,2560,1,7362,6596,209,557,950,1000,0.8254989385604858,0.798029825091362,0.2768266792767606,3.156848907470703
41,L,e0fef893d26baae17a3e262951afad508996ae16f2f43fe107136aa1982b97d3,29,3,13,23,2560,1,7362,6596,209,557,850,1000,0.7456777095794678,0.6559048990408579,0.242927335305673,2.581620693206787
41,L,e0fef893d26baae17a3e262951afad508996ae16f2f43fe107136aa1982b97d3,29,3,13,37,2560,1,7362,6596,209,557,975,1000,0.8409938812255859,0.734615276257197,0.3292635070741872,3.5804977416992188
41,L,e0fef893d26baae17a3e262951afad508996ae16f2f43fe107136aa1982b97d3,29,3,14,11,2560,1,7362,6596,209,557,900,1000,0.9856896474957466,0.9796192993720373,0.37661068691515676,4.789337635040283
41,L,e0fef893d26baae17a3e262951afad508996ae16f2f43fe107136aa1982b97d3,29,3,14,23,2560,1,7362,6596,209,557,925,1000,0.9695638492703438,1.0037957231203716,0.3640649321112446,5.238647937774658
41,L,e0fef893d26baae17a3e262951afad508996ae16f2f43fe107136aa1982b97d3,29,3,14,37,2560,1,7362,6596,209,557,925,1000,0.9421273544430733,1.0241952389478683,0.41418516186270177,4.826423168182373
41,L,e0fef893d26baae17a3e262951afad508996ae16f2f43fe107136aa1982b97d3,29,4,15,11,2560,1,7362,6596,209,557,850,1000,0.73990099132061,0.6684584220250448,0.2616563340961568,3.5219216346740723
41,L,e0fef893d26baae17a3e262951afad508996ae16f2f43fe107136aa1982b97d3,29,4,15,23,2560,1,7362,6596,209,557,900,1000,0.7956828624010086,0.5728016992410024,0.5968380547618356,3.954556465148926
41,L,e0fef893d26baae17a3e262951afad508996ae16f2f43fe107136aa1982b97d3,29,4,15,37,2560,1,7362,6596,209,557,900,1000,0.7285958603024483,0.6689879099527994,0.3875452337336014,3.8671927452087402
41,L,e0fef893d26baae17a3e262951afad508996ae16f2f43fe107136aa1982b97d3,30,1,1,11,2560,1,7362,6596,209,557,975,1000,0.7792106568813324,0.870483915011088,0.4156021916073661,3.221428871154785
41,L,e0fef893d26baae17a3e262951afad508996ae16f2f43fe107136aa1982b97d3,30,1,1,23,2560,1,7362,6596,209,557,775,1000,0.781676173210144,0.842204729715983,0.47393621384177365,2.6070518493652344
41,L,e0fef893d26baae17a3e262951afad508996ae16f2f43fe107136aa1982b97d3,30,1,1,37,2560,1,7362,6596,209,557,1000,1000,0.6421706080436707,0.7904855807622274,0.3614444148785341,2.721033811569214
41,L,e0fef893d26baae17a3e262951afad508996ae16f2f43fe107136aa1982b97d3,30,1,2,11,2560,1,7362,6596,209,557,950,1000,1.145410418510437,1.2445212999979656,0.4539616593023735,6.195199966430664
41,L,e0fef893d26baae17a3e262951afad508996ae16f2f43fe107136aa1982b97d3,30,1,2,23,2560,1,7362,6596,209,557,1000,1000,1.1343733072280884,1.2819060881932576,0.48487871514433495,6.5582170486450195
41,L,e0fef893d26baae17a3e262951afad508996ae16f2f43fe107136aa1982b97d3,30,1,2,37,2560,1,7362,6596,209,557,1000,1000,1.0847975015640259,1.119455913702647,0.4593576676465596,5.9046502113342285
41,L,e0fef893d26baae17a3e262951afad508996ae16f2f43fe107136aa1982b97d3,30,2,3,11,2560,1,7362,6596,209,557,725,975,0.880665510892868,0.7499939898649851,0.3705791540088625,3.2938711643218994
41,L,e0fef893d26baae17a3e262951afad508996ae16f2f43fe107136aa1982b97d3,30,2,3,23,2560,1,7362,6596,209,557,900,1000,0.9296092912554741,0.6854431132475535,0.6839556888641665,4.008620738983154
41,L,e0fef893d26baae17a3e262951afad508996ae16f2f43fe107136aa1982b97d3,30,2,3,37,2560,1,7362,6596,209,557,1000,1000,0.9609249830245972,0.9174787203470866,0.4231028711680955,4.659640312194824
41,L,e0fef893d26baae17a3e262951afad508996ae16f2f43fe107136aa1982b97d3,30,1,4,11,2560,1,7362,6596,209,557,950,1000,1.0202745199203491,0.7870104014873505,0.2791167255781102,4.356040000915527
41,L,e0fef893d26baae17a3e262951afad508996ae16f2f43fe107136aa1982b97d3,30,1,4,23,2560,1,7362,6596,209,557,1000,1000,1.1297836303710938,1.129423479239146,0.2670414181962418,5.039753437042236
41,L,e0fef893d26baae17a3e262951afad508996ae16f2f43fe107136aa1982b97d3,30,1,4,37,2560,1,7362,6596,209,557,975,1000,1.1336979866027832,1.1221075455347698,0.23003017653288266,4.781733989715576
41,L,e0fef893d26baae17a3e262951afad508996ae16f2f43fe107136aa1982b97d3,30,2,5,11,2560,1,7362,6596,209,557,925,1000,0.7955930233001709,0.7817250440518061,0.3863153299684212,2.745029926300049
41,L,e0fef893d26baae17a3e262951afad508996ae16f2f43fe107136aa1982b97d3,30,2,5,23,2560,1,7362,6596,209,557,925,1000,0.782956674695015,0.8044308374325434,0.40171784740229427,2.8135805130004883
41,L,e0fef893d26baae17a3e262951afad508996ae16f2f43fe107136aa1982b97d3,30,2,5,37,2560,1,7362,6596,209,557,975,1000,0.7885725423693657,0.7319176991780599,0.3482249019728834,3.158404588699341
41,L,e0fef893d26baae17a3e262951afad508996ae16f2f43fe107136aa1982b97d3,30,2,6,11,2560,1,7362,6596,209,557,875,1000,0.9376215785741806,0.9930780529975891,0.4456087482625813,4.065008640289307
41,L,e0fef893d26baae17a3e262951afad508996ae16f2f43fe107136aa1982b97d3,30,2,6,23,2560,1,7362,6596,209,557,975,1000,0.9522235542535782,1.0133424252271652,0.43521641939727906,4.866713523864746
41,L,e0fef893d26baae17a3e262951afad508996ae16f2f43fe107136aa1982b97d3,30,2,6,37,2560,1,7362,6596,209,557,975,1000,1.0134717300534248,1.1058355768521626,0.4605155832139764,5.247411251068115
41,L,e0fef893d26baae17a3e262951afad508996ae16f2f43fe107136aa1982b97d3,30,3,7,11,2560,1,7362,6596,209,557,825,1000,0.7221843600273132,0.5735530058542887,0.5616694882352071,3.1759607791900635
41,L,e0fef893d26baae17a3e262951afad508996ae16f2f43fe107136aa1982b97d3,30,3,7,23,2560,1,7362,6596,209,557,950,1000,0.7930800169706345,0.5524195035298666,0.5761049934180844,3.4348857402801514
41,L,e0fef893d26baae17a3e262951afad508996ae16f2f43fe107136aa1982b97d3,30,3,7,37,2560,1,7362,6596,209,557,1000,1000,0.8158549144864082,0.5093641678492228,0.7224106837519775,3.7917332649230957
41,L,e0fef893d26baae17a3e262951afad508996ae16f2f43fe107136aa1982b97d3,30,1,8,11,2560,1,7362,6596,209,557,950,1000,1.1344055086374283,1.2235393524169922,0.21239627424476648,4.642302989959717
41,L,e0fef893d26baae17a3e262951afad508996ae16f2f43fe107136aa1982b97d3,30,1,8,23,2560,1,7362,6596,209,557,1000,1000,1.1447408348321915,1.1462870339552562,0.14838530893427876,4.554131031036377
41,L,e0fef893d26baae17a3e262951afad508996ae16f2f43fe107136aa1982b97d3,30,1,8,37,2560,1,7362,6596,209,557,975,1000,1.0795048475265503,1.1300688683986664,0.18308323748855515,4.965430736541748
41,L,e0fef893d26baae17a3e262951afad508996ae16f2f43fe107136aa1982b97d3,30,2,9,11,2560,1,7362,6596,209,557,975,1000,0.848008394241333,0.9775124788284302,0.2927684193571405,3.5167322158813477
41,L,e0fef893d26baae17a3e262951afad508996ae16f2f43fe107136aa1982b97d3,30,2,9,23,2560,1,7362,6596,209,557,1000,1000,0.7798448801040649,0.8504246473312378,0.30236523610371885,3.9586715698242188
41,L,e0fef893d26baae17a3e262951afad508996ae16f2f43fe107136aa1982b97d3,30,2,9,37,2560,1,7362,6596,209,557,875,1000,0.8818002939224243,0.9241207838058472,0.2890336426181011,3.4620585441589355
41,L,e0fef893d26baae17a3e262951afad508996ae16f2f43fe107136aa1982b97d3,30,2,10,11,2560,1,7362,6596,209,557,800,1000,1.2111163139343262,1.1120980630318325,0.3099015347148857,4.472249984741211
41,L,e0fef893d26baae17a3e262951afad508996ae16f2f43fe107136aa1982b97d3,30,2,10,23,2560,1,7362,6596,209,557,950,1000,1.1473601013422012,1.079299787680308,0.3378450878012399,5.009219169616699
41,L,e0fef893d26baae17a3e262951afad508996ae16f2f43fe107136aa1982b97d3,30,2,10,37,2560,1,7362,6596,209,557,975,1000,1.1335986703634262,1.0303417046864827,0.32739621243174966,5.050890922546387
41,L,e0fef893d26baae17a3e262951afad508996ae16f2f43fe107136aa1982b97d3,30,3,11,11,2560,1,7362,6596,209,557,1000,1000,0.9250473901629448,0.47771886984507245,0.4791847915600572,3.8710103034973145
41,L,e0fef893d26baae17a3e262951afad508996ae16f2f43fe107136aa1982b97d3,30,3,11,23,2560,1,7362,6596,209,557,875,1000,0.9997981786727905,0.44376478095849353,0.5616956848511777,3.909719705581665
41,L,e0fef893d26baae17a3e262951afad508996ae16f2f43fe107136aa1982b97d3,30,3,11,37,2560,1,7362,6596,209,557,525,775,0.7917174100875854,0.31859107812245685,0.4174906138860513,2.3495864868164062
41,L,e0fef893d26baae17a3e262951afad508996ae16f2f43fe107136aa1982b97d3,30,2,12,11,2560,1,7362,6596,209,557,950,1000,0.9242656230926514,1.1114203135172527,0.18060556404644135,4.472441673278809
41,L,e0fef893d26baae17a3e262951afad508996ae16f2f43fe107136aa1982b97d3,30,2,12,23,2560,1,7362,6596,209,557,925,1000,0.9393597841262817,1.0314631362756093,0.15660511672219576,4.472591400146484
41,L,e0fef893d26baae17a3e262951afad508996ae16f2f43fe107136aa1982b97d3,30,2,12,37,2560,1,7362,6596,209,557,1000,1000,0.876507356762886,1.084874153137207,0.20801558601951617,4.651088237762451
41,L,e0fef893d26baae17a3e262951afad508996ae16f2f43fe107136aa1982b97d3,30,3,13,11,2560,1,7362,6596,209,557,975,1000,0.7716883793473244,0.813788890838623,0.240241762820704,3.021002769470215
41,L,e0fef893d26baae17a3e262951afad508996ae16f2f43fe107136aa1982b97d3,30,3,13,23,2560,1,7362,6596,209,557,900,1000,0.7960491254925728,0.791252131263415,0.28133693803714166,2.9400405883789062
41,L,e0fef893d26baae17a3e262951afad508996ae16f2f43fe107136aa1982b97d3,30,3,13,37,2560,1,7362,6596,209,557,850,1000,0.7892467975616455,0.8270838658014933,0.28806959900873275,2.944261312484741
41,L,e0fef893d26baae17a3e262951afad508996ae16f2f43fe107136aa1982b97d3,30,3,14,11,2560,1,7362,6596,209,557,900,1000,1.1079414039850235,1.055070122083028,0.39727919347165697,4.835882186889648
41,L,e0fef893d26baae17a3e262951afad508996ae16f2f43fe107136aa1982b97d3,30,3,14,23,2560,1,7362,6596,209,557,975,1000,0.9546654224395752,1.0381830483675003,0.3627994279271911,4.859567165374756
41,L,e0fef893d26baae17a3e262951afad508996ae16f2f43fe107136aa1982b97d3,30,3,14,37,2560,1,7362,6596,209,557,1000,1000,1.009947657585144,0.9909114440282186,0.44174812507068534,4.979555130004883
41,L,e0fef893d26baae17a3e262951afad508996ae16f2f43fe107136aa1982b97d3,30,4,15,11,2560,1,7362,6596,209,557,975,1000,0.8023698404431343,0.44137144088745117,0.6710505867511729,3.999143600463867
41,L,e0fef893d26baae17a3e262951afad508996ae16f2f43fe107136aa1982b97d3,30,4,15,23,2560,1,7362,6596,209,557,975,1000,0.7319930791854858,0.3180929819742839,0.7964400014909915,4.387808799743652
41,L,e0fef893d26baae17a3e262951afad508996ae16f2f43fe107136aa1982b97d3,30,4,15,37,2560,1,7362,6596,209,557,900,1000,0.7425355166196823,0.6364612231651942,0.45863883699790864,3.790224075317383
