layer,order_k,subset_mask,critic_seed,representation_dim,target_dim,n_samples,n_train,n_val,n_test,best_step,final_training_step,best_val_mi,test_mi,test_product_shuffle_sd,heldout_joint_minus_mismatch_score
0,1,1,11,2560,1,8210,7352,245,613,525,775,0.19401311874389648,0.20713130633036295,0.34022865210250747,0.3900960683822632
0,1,1,23,2560,1,8210,7352,245,613,400,650,0.18591666221618652,0.1855781078338623,0.3036621837516237,0.3491915464401245
0,1,1,37,2560,1,8210,7352,245,613,650,900,0.20750749111175537,0.2174668312072754,0.344284665976385,0.4515033960342407
0,1,2,11,2560,1,8210,7352,245,613,950,1000,0.9481617212295532,0.708818515141805,0.3964372549166725,4.598932266235352
0,1,2,23,2560,1,8210,7352,245,613,850,1000,0.8855537176132202,0.6467427810033163,0.3647374119645106,4.3957037925720215
0,1,2,37,2560,1,8210,7352,245,613,950,1000,0.9415364265441895,0.6922104756037394,0.40245817627204467,4.726138114929199
0,1,4,11,2560,1,8210,7352,245,613,175,425,0.03766608238220215,0.03925995031992594,0.017588403594331753,0.07794654369354248
0,1,4,23,2560,1,8210,7352,245,613,250,500,0.04324635863304138,0.04170138637224833,0.01495769848583567,0.10031715035438538
0,1,4,37,2560,1,8210,7352,245,613,425,675,0.0517238974571228,0.05014598369598389,0.01398880850233416,0.12101531028747559
0,1,8,11,2560,1,8210,7352,245,613,625,875,0.3424030542373657,0.34237035115559894,0.05096600326844509,0.9891868829727173
0,1,8,23,2560,1,8210,7352,245,613,950,1000,0.3565661907196045,0.34644397099812824,0.052148337577440966,1.3082633018493652
0,1,8,37,2560,1,8210,7352,245,613,975,1000,0.3591004014015198,0.36335782210032147,0.04138164043660249,1.1586084365844727
0,2,3,11,2560,1,8210,7352,245,613,25,275,-1.8067657947540283e-07,3.03611159324646e-07,0.0,0.0
0,2,3,23,2560,1,8210,7352,245,613,25,275,-1.6391277313232422e-07,-2.8312206268310547e-07,0.0,0.0
0,2,3,37,2560,1,8210,7352,245,613,25,275,-1.7136335372924805e-07,-7.450580596923828e-09,0.0,-7.450580596923828e-09
0,2,5,11,2560,1,8210,7352,245,613,25,275,0.0,-2.2351741790771484e-07,0.0,3.725290298461914e-09
0,2,5,23,2560,1,8210,7352,245,613,25,275,-1.341104507446289e-07,1.4901161193847656e-08,0.0,0.0
0,2,5,37,2560,1,8210,7352,245,613,25,275,1.1548399925231934e-07,-3.3527612686157227e-08,0.0,0.0
0,2,6,11,2560,1,8210,7352,245,613,25,275,-4.0978193283081055e-08,-3.5762786865234375e-07,0.0,-7.450580596923828e-09
0,2,6,23,2560,1,8210,7352,245,613,25,275,-3.2782554626464844e-07,-8.940696716308594e-08,0.0,0.0
0,2,6,37,2560,1,8210,7352,245,613,25,275,2.5331974029541016e-07,-1.763304074605306e-07,2.247831920581015e-07,0.0
0,2,9,11,2560,1,8210,7352,245,613,25,275,1.7881393432617188e-07,-4.6938657760620117e-07,0.0,7.450580596923828e-09
0,2,9,23,2560,1,8210,7352,245,613,25,275,-1.4901161193847656e-08,-4.470348358154297e-08,0.0,0.0
0,2,9,37,2560,1,8210,7352,245,613,25,275,1.1920928955078125e-07,0.0,0.0,0.0
0,2,10,11,2560,1,8210,7352,245,613,25,275,9.313225746154785e-08,-4.402051369349162e-07,1.777067166566682e-07,0.0
0,2,10,23,2560,1,8210,7352,245,613,25,275,2.2351741790771484e-07,-4.470348358154297e-08,0.0,0.0
0,2,10,37,2560,1,8210,7352,245,613,25,275,2.3096799850463867e-07,-6.705522537231445e-08,0.0,0.0
0,2,12,11,2560,1,8210,7352,245,613,25,275,2.4959444999694824e-07,2.3345152537027994e-07,1.7770671665666814e-07,0.0
0,2,12,23,2560,1,8210,7352,245,613,25,275,-8.940696716308594e-08,-5.960464477539063e-08,0.0,0.0
0,2,12,37,2560,1,8210,7352,245,613,25,275,2.7567148208618164e-07,-9.685754776000977e-08,0.0,7.450580596923828e-09
0,3,7,11,2560,1,8210,7352,245,613,25,275,-2.9802322387695312e-08,-2.3096799850463867e-07,0.0,3.725290298461914e-09
0,3,7,23,2560,1,8210,7352,245,613,25,275,4.470348358154297e-08,-1.9371509552001953e-07,0.0,0.0
0,3,7,37,2560,1,8210,7352,245,613,25,275,-7.450580596923828e-08,2.8312206268310547e-07,0.0,0.0
0,3,11,11,2560,1,8210,7352,245,613,25,275,-2.7567148208618164e-07,1.1175870895385742e-08,0.0,-3.725290298461914e-09
0,3,11,23,2560,1,8210,7352,245,613,25,275,-1.7881393432617188e-07,-8.940696716308594e-08,0.0,1.4901161193847656e-08
0,3,11,37,2560,1,8210,7352,245,613,25,275,-2.3096799850463867e-07,1.3162692387898764e-07,2.247831920581015e-07,-7.450580596923828e-09
0,3,13,11,2560,1,8210,7352,245,613,25,275,-2.644956111907959e-07,-5.774199962615967e-07,0.0,0.0
0,3,13,23,2560,1,8210,7352,245,613,25,275,2.980232238769531e-07,-4.470348358154297e-08,0.0,0.0
0,3,13,37,2560,1,8210,7352,245,613,25,275,1.4156103134155273e-07,-4.246830940246582e-07,0.0,0.0
0,3,14,11,2560,1,8210,7352,245,613,25,275,1.8440186977386475e-07,-2.2351741790771484e-08,0.0,-1.862645149230957e-09
0,3,14,23,2560,1,8210,7352,245,613,25,275,2.2351741790771484e-07,-4.470348358154297e-08,0.0,-1.4901161193847656e-08
0,3,14,37,2560,1,8210,7352,245,613,25,275,-4.842877388000488e-08,3.129243850708008e-07,0.0,0.0
0,4,15,11,2560,1,8210,7352,245,613,25,275,7.82310962677002e-08,-3.390014171600342e-07,0.0,0.0
0,4,15,23,2560,1,8210,7352,245,613,25,275,-3.2782554626464844e-07,-2.384185791015625e-07,0.0,0.0
0,4,15,37,2560,1,8210,7352,245,613,25,275,-7.078051567077637e-07,-7.872780164082845e-07,2.247831920581015e-07,-7.450580596923828e-09
1,1,1,11,2560,1,8210,7352,245,613,675,925,0.708412766456604,0.7005041837692261,0.3647070394544439,1.8726181983947754
1,1,1,23,2560,1,8210,7352,245,613,875,1000,0.7148357555270195,0.7304791212081909,0.3629823767970553,2.6628661155700684
1,1,1,37,2560,1,8210,7352,245,613,950,1000,0.74802565574646,0.8306259314219157,0.4410600484459423,2.944751739501953
1,1,2,11,2560,1,8210,7352,245,613,675,925,1.0958760976791382,0.9531847635904948,0.3570617325946259,4.408757209777832
1,1,2,23,2560,1,8210,7352,245,613,950,1000,1.2128741592168808,1.1077518065770466,0.42030975273165444,6.471491813659668
1,1,2,37,2560,1,8210,7352,245,613,925,1000,1.1769590377807617,1.1153285106023152,0.448162893553645,5.8105363845825195
1,1,4,11,2560,1,8210,7352,245,613,950,1000,0.9591102600097656,0.8982717643181483,0.21629298259255367,3.8989481925964355
1,1,4,23,2560,1,8210,7352,245,613,825,1000,0.9003293588757515,0.5360889832178751,0.46781741357038964,3.432950496673584
1,1,4,37,2560,1,8210,7352,245,613,1000,1000,0.9340577125549316,0.6258563200632731,0.44395098820980605,4.1882243156433105
1,1,8,11,2560,1,8210,7352,245,613,975,1000,0.921394094824791,0.8251802623271942,0.17173299389702837,3.9123477935791016
1,1,8,23,2560,1,8210,7352,245,613,1000,1000,0.9149039685726166,0.9802694718043009,0.21245031569796088,4.0227742195129395
1,1,8,37,2560,1,8210,7352,245,613,1000,1000,1.0337163209915161,1.0825284322102864,0.19908546265998067,4.513765335083008
1,2,3,11,2560,1,8210,7352,245,613,975,1000,0.7262258529663086,0.6531693538029989,0.3698288445875696,3.1885757446289062
1,2,3,23,2560,1,8210,7352,245,613,850,1000,0.768853671848774,0.6270708069205284,0.35047727385700195,3.2608065605163574
1,2,3,37,2560,1,8210,7352,245,613,1000,1000,0.7970449924468994,0.7449115614096323,0.3159944617115184,3.3865575790405273
1,2,5,11,2560,1,8210,7352,245,613,950,1000,0.6226871088147163,-1.2256334573030472,2.8926091148236366,2.0674550533294678
1,2,5,23,2560,1,8210,7352,245,613,800,1000,0.5102539621293545,0.44018985827763873,0.25778133619405064,1.5654746294021606
1,2,5,37,2560,1,8210,7352,245,613,975,1000,0.5215005874633789,0.27780147393544513,0.43014287085610325,1.9544610977172852
1,2,6,11,2560,1,8210,7352,245,613,850,1000,0.9451583549380302,0.7562278906504313,0.3809099861000647,4.198276519775391
1,2,6,23,2560,1,8210,7352,245,613,850,1000,1.025625355541706,0.8050923049449921,0.3583864718427837,4.290731906890869
1,2,6,37,2560,1,8210,7352,245,613,875,1000,0.9490083307027817,0.702268918355306,0.3916268793171029,4.643303871154785
1,2,9,11,2560,1,8210,7352,245,613,975,1000,0.7124751806259155,0.672507623831431,0.23672187483800802,2.5443246364593506
1,2,9,23,2560,1,8210,7352,245,613,1000,1000,0.7395838499069214,0.6805304686228434,0.22718444147310554,2.673177480697632
1,2,9,37,2560,1,8210,7352,245,613,875,1000,0.6668568104505539,0.6657286087671915,0.20491069232291967,2.5048775672912598
1,2,10,11,2560,1,8210,7352,245,613,900,1000,0.9657695218920708,0.7577798018852869,0.2981152981547713,3.8751931190490723
1,2,10,23,2560,1,8210,7352,245,613,925,1000,0.9555076286196709,0.792675256729126,0.28866408799400584,3.73781156539917
1,2,10,37,2560,1,8210,7352,245,613,950,1000,0.943812258541584,0.8200682004292806,0.2738913305941627,3.837404489517212
1,2,12,11,2560,1,8210,7352,245,613,975,1000,0.6145610213279724,0.7383756836255392,0.13725134879884573,2.949460744857788
1,2,12,23,2560,1,8210,7352,245,613,850,1000,0.6245187520980835,0.7980570395787557,0.13020497905943212,2.942342519760132
1,2,12,37,2560,1,8210,7352,245,613,675,925,0.48431408405303955,0.6292736728986105,0.13874101773708786,2.281158685684204
1,3,7,11,2560,1,8210,7352,245,613,800,1000,0.8480950519442558,0.6685943156480789,0.3711389971091091,3.9905967712402344
1,3,7,23,2560,1,8210,7352,245,613,525,775,0.7727465704083443,0.47150810311237973,0.38804307060093546,2.771091938018799
1,3,7,37,2560,1,8210,7352,245,613,950,1000,0.8617178201675415,0.6402157545089722,0.5204011096870685,5.104296684265137
1,3,11,11,2560,1,8210,7352,245,613,875,1000,0.8976582363247871,0.5557453980048498,0.3717050520854707,3.740311861038208
1,3,11,23,2560,1,8210,7352,245,613,925,1000,0.8686249256134033,0.5936899532874426,0.34579731553740284,3.9608500003814697
1,3,11,37,2560,1,8210,7352,245,613,975,1000,1.008725419640541,0.6523245175679525,0.33195804199453066,4.296787261962891
1,3,13,11,2560,1,8210,7352,245,613,925,1000,0.7845080643892288,0.45539236068725586,0.4171548885817912,2.651695966720581
1,3,13,23,2560,1,8210,7352,245,613,850,1000,0.7255991771817207,0.6671198109785715,0.30243329755539794,2.8065083026885986
1,3,13,37,2560,1,8210,7352,245,613,900,1000,0.8200827836990356,0.7519776324431101,0.28047868562812683,2.8414266109466553
1,3,14,11,2560,1,8210,7352,245,613,975,1000,0.8998383358120918,0.8804289152224859,0.34477523076054695,4.919573783874512
1,3,14,23,2560,1,8210,7352,245,613,975,1000,0.893908254802227,0.6998404239614805,0.3134775503107901,4.757979393005371
1,3,14,37,2560,1,8210,7352,245,613,975,1000,0.936113104224205,0.9079647362232208,0.29645293844226445,4.862209320068359
1,4,15,11,2560,1,8210,7352,245,613,850,1000,0.7124322727322578,0.6723981102307638,0.2809131900008054,3.578225612640381
1,4,15,23,2560,1,8210,7352,245,613,675,925,0.5964624881744385,0.49616194019714993,0.26311722022132933,3.14919114112854
1,4,15,37,2560,1,8210,7352,245,613,975,1000,0.7409849166870117,0.6859092662731806,0.3373294232191071,4.070426940917969
2,1,1,11,2560,1,8210,7352,245,613,975,1000,0.702247142791748,0.674929807583491,0.32636748898420254,2.425515651702881
2,1,1,23,2560,1,8210,7352,245,613,950,1000,0.730570912361145,0.7506909767786661,0.3867890131684126,2.332200050354004
2,1,1,37,2560,1,8210,7352,245,613,950,1000,0.6894046068191528,0.690241535504659,0.37271897903004725,2.2632808685302734
2,1,2,11,2560,1,8210,7352,245,613,950,1000,1.223220944404602,0.9877073764801025,0.3569233822926358,5.646402359008789
2,1,2,23,2560,1,8210,7352,245,613,950,1000,1.2524876594543457,1.0895774960517883,0.39713716313674535,6.055550575256348
2,1,2,37,2560,1,8210,7352,245,613,800,1000,1.2832064628601074,1.0035640796025593,0.39464709983043444,5.381397247314453
2,1,4,11,2560,1,8210,7352,245,613,775,1000,1.0076917260885239,0.9709386825561523,0.16477701939942438,3.826542615890503
2,1,4,23,2560,1,8210,7352,245,613,950,1000,0.9635144546627998,1.0313713550567627,0.20914466175902974,4.3802900314331055
2,1,4,37,2560,1,8210,7352,245,613,950,1000,0.9819841384887695,1.007463812828064,0.19316272049935704,4.327858924865723
2,1,8,11,2560,1,8210,7352,245,613,850,1000,0.8635389804840088,0.8204898337523142,0.156500270885034,3.1681408882141113
2,1,8,23,2560,1,8210,7352,245,613,950,1000,0.9149770736694336,0.9723513523737589,0.16164350277816159,3.852911949157715
2,1,8,37,2560,1,8210,7352,245,613,950,1000,0.8509470224380493,0.8599009116490682,0.16507678564004627,3.520150661468506
2,2,3,11,2560,1,8210,7352,245,613,975,1000,0.6983636543154716,0.6308202520012856,0.3595852355875974,3.076694965362549
2,2,3,23,2560,1,8210,7352,245,613,975,1000,0.6256382539868355,0.05714742342631022,1.2526479800099186,2.812622308731079
2,2,3,37,2560,1,8210,7352,245,613,550,800,0.5710171386599541,0.4799325962861379,0.41134434902098665,2.360837936401367
2,2,5,11,2560,1,8210,7352,245,613,950,1000,0.6271806955337524,0.05012095967928568,1.0057959482394008,1.9291749000549316
2,2,5,23,2560,1,8210,7352,245,613,850,1000,0.6333797760307789,0.5798810025056204,0.3186663157962083,1.9906038045883179
2,2,5,37,2560,1,8210,7352,245,613,975,1000,0.5932296961545944,0.5426308860381445,0.33290666893240145,2.051485538482666
2,2,6,11,2560,1,8210,7352,245,613,925,1000,1.0991650819778442,0.9189520180225372,0.38572804657740656,4.731093883514404
2,2,6,23,2560,1,8210,7352,245,613,1000,1000,1.023589976131916,0.8436406503121058,0.4013741465604262,4.629579544067383
2,2,6,37,2560,1,8210,7352,245,613,1000,1000,1.0775742381811142,0.8354658683141073,0.3910978956868475,4.887518882751465
2,2,9,11,2560,1,8210,7352,245,613,975,1000,0.6944539397954941,0.6734168032805125,0.2374603490050754,2.8072683811187744
2,2,9,23,2560,1,8210,7352,245,613,975,1000,0.6979901045560837,0.6855467955271403,0.26937189383255633,2.799421548843384
2,2,9,37,2560,1,8210,7352,245,613,950,1000,0.6304625272750854,0.7650153239568075,0.2610183980084098,2.8210391998291016
2,2,10,11,2560,1,8210,7352,245,613,875,1000,1.0343844890594482,0.7132443885008494,0.3018178409240922,3.7129287719726562
2,2,10,23,2560,1,8210,7352,245,613,800,1000,0.9607871845364571,0.6841807663440704,0.37512342787016656,3.6246581077575684
2,2,10,37,2560,1,8210,7352,245,613,975,1000,0.9815637022256851,0.8800371835629145,0.2661202005673035,3.885378122329712
2,2,12,11,2560,1,8210,7352,245,613,875,1000,0.7363940477371216,0.8656731049219767,0.13987836161999273,3.570312023162842
2,2,12,23,2560,1,8210,7352,245,613,850,1000,0.7652715444564819,0.8597403764724731,0.16610386380224818,3.396200180053711
2,2,12,37,2560,1,8210,7352,245,613,1000,1000,0.7392824292182922,0.8409399588902792,0.16208669052098895,4.116318702697754
2,3,7,11,2560,1,8210,7352,245,613,1000,1000,0.8364189863204956,0.7349439958731333,0.4126047945170993,4.240783214569092
2,3,7,23,2560,1,8210,7352,245,613,900,1000,0.7730202674865723,0.2227626939614614,0.8990937102754294,3.6490938663482666
2,3,7,37,2560,1,8210,7352,245,613,875,1000,0.7605821490287781,0.6352685292561849,0.32366555656845325,3.313223361968994
2,3,11,11,2560,1,8210,7352,245,613,900,1000,0.7903424426913261,0.5867354571819305,0.4192026970899551,3.2833142280578613
2,3,11,23,2560,1,8210,7352,245,613,800,1000,0.8034399822354317,0.5962429443995158,0.284270981878199,3.047818660736084
2,3,11,37,2560,1,8210,7352,245,613,1000,1000,0.7969683408737183,0.5269842942555746,0.7246756032787949,3.6092658042907715
2,3,13,11,2560,1,8210,7352,245,613,1000,1000,0.7239867523312569,0.5182570690910021,0.30422356569308145,2.5296356678009033
2,3,13,23,2560,1,8210,7352,245,613,750,1000,0.7141415998339653,0.7042364726463953,0.24778729607964517,2.264949321746826
2,3,13,37,2560,1,8210,7352,245,613,950,1000,0.7650860548019409,0.7319837013880411,0.2612131473618502,2.9045119285583496
2,3,14,11,2560,1,8210,7352,245,613,975,1000,0.9664151668548584,0.8502227117617925,0.3470243712775849,4.93707799911499
2,3,14,23,2560,1,8210,7352,245,613,900,1000,0.9096997678279877,0.8823918799559275,0.31834822564973697,4.59673547744751
2,3,14,37,2560,1,8210,7352,245,613,1000,1000,0.8600907325744629,0.796156128247579,0.2735239258789114,4.75458288192749
2,4,15,11,2560,1,8210,7352,245,613,400,650,0.5143188871443272,0.39560048033793765,0.27520902886641063,1.9152106046676636
2,4,15,23,2560,1,8210,7352,245,613,950,1000,0.7779984548687935,0.625543455282847,0.29411623742879395,4.247865200042725
2,4,15,37,2560,1,8210,7352,245,613,975,1000,0.7736163586378098,0.6366687019666036,0.27943269380213515,4.421138286590576
3,1,1,11,2560,1,8210,7352,245,613,800,1000,0.6480131149291992,0.7560837268829346,0.3571456673107463,2.401144504547119
3,1,1,23,2560,1,8210,7352,245,613,950,1000,0.708142563700676,0.7572792371114095,0.40939861199012806,2.8829143047332764
3,1,1,37,2560,1,8210,7352,245,613,950,1000,0.7814439535140991,0.8509450753529867,0.43433842114192583,2.810899257659912
3,1,2,11,2560,1,8210,7352,245,613,675,925,1.1230096817016602,0.9493428468704224,0.364061898820713,4.2083234786987305
3,1,2,23,2560,1,8210,7352,245,613,975,1000,1.3086814880371094,1.134710431098938,0.42366633788581126,6.650639533996582
3,1,2,37,2560,1,8210,7352,245,613,975,1000,1.2013254016637802,1.1142390569051106,0.4531009479204034,6.252768516540527
3,1,4,11,2560,1,8210,7352,245,613,975,1000,1.0417556911706924,0.9214569330215454,0.23065419731425912,4.203084468841553
3,1,4,23,2560,1,8210,7352,245,613,950,1000,1.0586397647857666,1.0785133043924968,0.1873735355704551,4.883092880249023
3,1,4,37,2560,1,8210,7352,245,613,1000,1000,1.1693880558013916,0.9286092122395834,0.27504622184501787,5.01873779296875
3,1,8,11,2560,1,8210,7352,245,613,900,1000,0.9330730438232422,0.9289348522822062,0.1998423140773475,3.6141061782836914
3,1,8,23,2560,1,8210,7352,245,613,950,1000,0.9922679662704468,1.0238663752873738,0.22074049321705458,4.288377285003662
3,1,8,37,2560,1,8210,7352,245,613,950,1000,0.9218161106109619,0.9542199373245239,0.21694421847453468,4.131192207336426
3,2,3,11,2560,1,8210,7352,245,613,975,1000,0.7768931463360786,0.7365675469239553,0.3410859172116699,3.736316680908203
3,2,3,23,2560,1,8210,7352,245,613,975,1000,0.7456419169902802,-0.004004607597986857,1.3979750344062154,3.497152805328369
3,2,3,37,2560,1,8210,7352,245,613,875,1000,0.7859972789883614,0.68487648665905,0.346240052076075,3.6766908168792725
3,2,5,11,2560,1,8210,7352,245,613,825,1000,0.5980030298233032,0.507858802874883,0.3630960427902788,2.18326997756958
3,2,5,23,2560,1,8210,7352,245,613,800,1000,0.622135516256094,0.597327950100104,0.28373884079932254,2.0937695503234863
3,2,5,37,2560,1,8210,7352,245,613,975,1000,0.6300109028816223,0.6180601219336191,0.2764687284356106,2.41852068901062
3,2,6,11,2560,1,8210,7352,245,613,925,1000,1.1148031800985336,0.9375526110331217,0.41426569348643333,4.90756893157959
3,2,6,23,2560,1,8210,7352,245,613,925,1000,0.9842953830957413,0.8093853294849396,0.3856532404551191,5.260704517364502
3,2,6,37,2560,1,8210,7352,245,613,875,1000,1.0491344779729843,0.8924100697040558,0.4291053952783861,4.941767692565918
3,2,9,11,2560,1,8210,7352,245,613,975,1000,0.7207478731870651,0.7510768075784048,0.21968631276859085,3.0329229831695557
3,2,9,23,2560,1,8210,7352,245,613,800,1000,0.7698508203029633,0.8055780778328577,0.25135488713595117,2.9590773582458496
3,2,9,37,2560,1,8210,7352,245,613,850,1000,0.7526377886533737,0.7743785679340363,0.2563026938819889,2.912879467010498
3,2,10,11,2560,1,8210,7352,245,613,900,1000,1.008456826210022,0.7780713687340418,0.27393746568815036,4.5861945152282715
3,2,10,23,2560,1,8210,7352,245,613,1000,1000,1.0830216333270073,0.9692321966091791,0.342472755833468,4.788373947143555
3,2,10,37,2560,1,8210,7352,245,613,975,1000,1.0965453386306763,0.9751537442207336,0.2900228947266387,4.565678596496582
3,2,12,11,2560,1,8210,7352,245,613,850,1000,0.8320260047912598,0.8858923514684042,0.21894709141230434,4.059123992919922
3,2,12,23,2560,1,8210,7352,245,613,900,1000,0.7818750739097595,0.9136997063954672,0.1803232633325346,4.08649206161499
3,2,12,37,2560,1,8210,7352,245,613,775,1000,0.7468277812004089,0.9252816339333853,0.17417564602110736,3.9546828269958496
3,3,7,11,2560,1,8210,7352,245,613,900,1000,0.8151865303516388,0.6708147873481115,0.3843841560214977,3.523480176925659
3,3,7,23,2560,1,8210,7352,245,613,975,1000,0.7112476229667664,0.6693665261069933,0.3422896384056029,3.506575584411621
3,3,7,37,2560,1,8210,7352,245,613,750,1000,0.7304673790931702,0.6396630307038625,0.3042481306324964,2.99155330657959
3,3,11,11,2560,1,8210,7352,245,613,850,1000,0.803887203335762,0.6269103238979975,0.3603936570598614,3.339094877243042
3,3,11,23,2560,1,8210,7352,245,613,700,950,0.6096837520599365,0.44137153774499893,0.32522793666314437,2.8105077743530273
3,3,11,37,2560,1,8210,7352,245,613,775,1000,0.7686771601438522,0.7245943546295166,0.319684356014607,3.3601322174072266
3,3,13,11,2560,1,8210,7352,245,613,1000,1000,0.8004150390625,0.7195267677307129,0.29005908169086086,2.810427665710449
3,3,13,23,2560,1,8210,7352,245,613,975,1000,0.8262402936816216,0.6810019661982855,0.280680657749225,2.805239677429199
3,3,13,37,2560,1,8210,7352,245,613,950,1000,0.8027247190475464,0.7483584880828857,0.2841532123277127,2.757801055908203
3,3,14,11,2560,1,8210,7352,245,613,950,1000,0.8985544443130493,0.9106757591168085,0.3547566578883483,4.862690448760986
3,3,14,23,2560,1,8210,7352,245,613,875,1000,0.9454406499862671,0.9105591326951981,0.31046275984378724,4.913268566131592
3,3,14,37,2560,1,8210,7352,245,613,925,1000,0.8573994934558868,0.849537213643392,0.3366621626301999,4.401020050048828
3,4,15,11,2560,1,8210,7352,245,613,925,1000,0.8426922857761383,0.6286516189575195,0.3107947087852841,4.052677154541016
3,4,15,23,2560,1,8210,7352,245,613,950,1000,0.7412916347384453,0.7230958119034767,0.24654267990952766,4.283853530883789
3,4,15,37,2560,1,8210,7352,245,613,925,1000,0.8016931563615799,0.6289868752161661,0.29347488484487083,4.311283111572266
4,1,1,11,2560,1,8210,7352,245,613,925,1000,0.6843258142471313,0.7483352422714233,0.3971711208692062,2.5901870727539062
4,1,1,23,2560,1,8210,7352,245,613,925,1000,0.6839851588010788,0.7536895275115967,0.3450758632273599,2.767361640930176
4,1,1,37,2560,1,8210,7352,245,613,950,1000,0.661293625831604,0.7595324516296387,0.41735105334795014,2.7058167457580566
4,1,2,11,2560,1,8210,7352,245,613,875,1000,1.1502323001623154,0.9420862197875977,0.36027912905876186,5.393020153045654
4,1,2,23,2560,1,8210,7352,245,613,975,1000,1.1996917575597763,1.0568942824999492,0.40985661722956795,6.545288562774658
4,1,2,37,2560,1,8210,7352,245,613,900,1000,1.1402145624160767,1.0024586121241252,0.3978639722511596,5.127099514007568
4,1,4,11,2560,1,8210,7352,245,613,975,1000,1.032175064086914,1.04103684425354,0.24023765329729635,4.186795711517334
4,1,4,23,2560,1,8210,7352,245,613,950,1000,1.0400760173797607,1.0257933934529622,0.22654030607345796,4.431406021118164
4,1,4,37,2560,1,8210,7352,245,613,900,1000,1.1237072944641113,1.034941832224528,0.23826042620501994,4.268750190734863
4,1,8,11,2560,1,8210,7352,245,613,600,850,0.8735225200653076,0.8345966736475626,0.18363293487705254,2.793735980987549
4,1,8,23,2560,1,8210,7352,245,613,900,1000,1.0161837190389633,0.9768359661102295,0.22002460699936802,4.13992166519165
4,1,8,37,2560,1,8210,7352,245,613,875,1000,1.0496217012405396,1.0169919331868489,0.21761060925512984,3.868234634399414
4,2,3,11,2560,1,8210,7352,245,613,975,1000,0.7158820703625679,0.7308970789114634,0.37059942395295176,3.6278152465820312
4,2,3,23,2560,1,8210,7352,245,613,850,1000,0.7480534240603447,0.6973847101132075,0.3620391258251553,3.1834940910339355
4,2,3,37,2560,1,8210,7352,245,613,950,1000,0.7679843008518219,0.6959811349709829,0.39200250448984764,3.356405735015869
4,2,5,11,2560,1,8210,7352,245,613,950,1000,0.6280434168875217,0.5549724499384562,0.35624861272856223,2.0538125038146973
4,2,5,23,2560,1,8210,7352,245,613,850,1000,0.5999127775430679,0.5498215903838476,0.3617287846869538,2.019329786300659
4,2,5,37,2560,1,8210,7352,245,613,975,1000,0.6566686704754829,0.5688129663467407,0.3268602406555743,2.1718733310699463
4,2,6,11,2560,1,8210,7352,245,613,925,1000,0.9910824447870255,0.8482911934455236,0.3979061685596796,4.5096611976623535
4,2,6,23,2560,1,8210,7352,245,613,925,1000,1.009422417730093,0.7871686195333799,0.4085406428836748,4.618701457977295
4,2,6,37,2560,1,8210,7352,245,613,950,1000,1.0786191374063492,0.8875937064488729,0.42161618640048903,4.872731685638428
4,2,9,11,2560,1,8210,7352,245,613,975,1000,0.7279567718505859,0.7697163025538126,0.24780794515596527,3.203256130218506
4,2,9,23,2560,1,8210,7352,245,613,850,1000,0.7521008178591728,0.7914980302254359,0.23518038208035758,2.9464755058288574
4,2,9,37,2560,1,8210,7352,245,613,925,1000,0.8052213191986084,0.7795760979255041,0.3039603060644717,3.187128782272339
4,2,10,11,2560,1,8210,7352,245,613,925,1000,1.1013458967208862,0.8002039094765981,0.3170792153574685,4.5511674880981445
4,2,10,23,2560,1,8210,7352,245,613,975,1000,1.029250517487526,0.9164580007394155,0.2956875105191667,4.785886764526367
4,2,10,37,2560,1,8210,7352,245,613,975,1000,1.100683331489563,0.9618197679519653,0.2815480613597064,4.828048229217529
4,2,12,11,2560,1,8210,7352,245,613,900,1000,0.8087688684463501,0.8968255519866943,0.1697178095833569,4.248259544372559
4,2,12,23,2560,1,8210,7352,245,613,850,1000,0.8035912439227104,1.0294021864732106,0.19629284703947691,4.132126331329346
4,2,12,37,2560,1,8210,7352,245,613,1000,1000,0.7830080538988113,0.6506417195002238,0.3928130142532113,4.876455783843994
4,3,7,11,2560,1,8210,7352,245,613,925,1000,0.7471778392791748,0.636018306016922,0.40912311722333794,3.1107518672943115
4,3,7,23,2560,1,8210,7352,245,613,900,1000,0.6987152621150017,0.5193332632382711,0.48366714694359436,3.0604820251464844
4,3,7,37,2560,1,8210,7352,245,613,925,1000,0.7528270930051804,0.5775731106599172,0.3326308749378553,3.253345251083374
4,3,11,11,2560,1,8210,7352,245,613,750,1000,0.7969727516174316,0.6503473023573557,0.3965016465135254,3.0249669551849365
4,3,11,23,2560,1,8210,7352,245,613,800,1000,0.8738806322216988,0.6157836566368738,0.4441231040787232,3.404618978500366
4,3,11,37,2560,1,8210,7352,245,613,850,1000,0.8261896669864655,0.5740724802017212,0.6445375866301816,3.524552822113037
4,3,13,11,2560,1,8210,7352,245,613,775,1000,0.6984893530607224,0.6309984624385834,0.2871914468130648,2.3893094062805176
4,3,13,23,2560,1,8210,7352,245,613,425,675,0.44326044619083405,0.42499367396036786,0.2133773954123617,1.0359656810760498
4,3,13,37,2560,1,8210,7352,245,613,950,1000,0.7614446952939034,0.7748648325602213,0.2283980711613841,2.638166904449463
4,3,14,11,2560,1,8210,7352,245,613,1000,1000,0.901034489274025,0.8047320495049158,0.4187672701836531,4.852251052856445
4,3,14,23,2560,1,8210,7352,245,613,950,1000,1.0276673883199692,0.8640333314736685,0.4026116503078397,5.181564807891846
4,3,14,37,2560,1,8210,7352,245,613,950,1000,0.9271196275949478,0.9087766309579214,0.3779761725720589,5.260987758636475
4,4,15,11,2560,1,8210,7352,245,613,975,1000,0.8017697781324387,0.658738948404789,0.35230542404386633,4.595396518707275
4,4,15,23,2560,1,8210,7352,245,613,1000,1000,0.7592362761497498,0.5209467622141043,0.2505283064594169,4.397958755493164
4,4,15,37,2560,1,8210,7352,245,613,925,1000,0.8189062178134918,0.5442059437433878,0.3104932675645894,3.61311674118042
5,1,1,11,2560,1,8210,7352,245,613,850,1000,0.7166128605604172,0.7541623910268148,0.3848983150794902,2.602262496948242
5,1,1,23,2560,1,8210,7352,245,613,950,1000,0.736018180847168,0.807154138882955,0.4217493705700494,2.474860191345215
5,1,1,37,2560,1,8210,7352,245,613,825,1000,0.6858357191085815,0.7915661334991455,0.3471203215563555,2.580075740814209
5,1,2,11,2560,1,8210,7352,245,613,1000,1000,1.2981433868408203,1.0942952632904053,0.3825068816392795,5.861395359039307
5,1,2,23,2560,1,8210,7352,245,613,975,1000,1.2400920391082764,1.1090547641118367,0.48847196533972764,6.223935604095459
5,1,2,37,2560,1,8210,7352,245,613,875,1000,1.2591732740402222,1.0467805067698162,0.4409831712370486,5.956851005554199
5,1,4,11,2560,1,8210,7352,245,613,925,1000,1.042078509926796,0.9448862075805664,0.20827194514460468,4.007101058959961
5,1,4,23,2560,1,8210,7352,245,613,950,1000,0.9901547282934189,1.0136917034784954,0.22072993924289475,4.782412528991699
5,1,4,37,2560,1,8210,7352,245,613,900,1000,1.0690983533859253,1.0893810192743938,0.23278304446038633,4.331315517425537
5,1,8,11,2560,1,8210,7352,245,613,950,1000,1.1239954233169556,1.1076167821884155,0.24655892682679456,4.569005489349365
5,1,8,23,2560,1,8210,7352,245,613,975,1000,0.9855233430862427,0.9643419086933136,0.205609182657812,4.465606689453125
5,1,8,37,2560,1,8210,7352,245,613,825,1000,1.0738909244537354,1.0532468159993489,0.2151527601874462,4.04768705368042
5,2,3,11,2560,1,8210,7352,245,613,975,1000,0.7888925075531006,0.7458186149597168,0.3421979540002321,3.793612003326416
5,2,3,23,2560,1,8210,7352,245,613,700,950,0.6937559768557549,0.6421290412545204,0.34910453161160276,2.7124710083007812
5,2,3,37,2560,1,8210,7352,245,613,1000,1000,0.7694367170333862,0.7787185907363892,0.32923987325997106,3.9646668434143066
5,2,5,11,2560,1,8210,7352,245,613,925,1000,0.6482784822583199,0.6115824480851492,0.32104404207433246,2.2378950119018555
5,2,5,23,2560,1,8210,7352,245,613,1000,1000,0.7054592818021774,0.609702855348587,0.32674495609432114,2.480048179626465
5,2,5,37,2560,1,8210,7352,245,613,1000,1000,0.6514201909303665,0.5717299481232961,0.313012910558298,2.3558387756347656
5,2,6,11,2560,1,8210,7352,245,613,950,1000,1.023644208908081,0.9044342438379923,0.4283557846314208,4.6454291343688965
5,2,6,23,2560,1,8210,7352,245,613,950,1000,1.0741779804229736,0.8489218205213547,0.4270914448192709,4.894313335418701
5,2,6,37,2560,1,8210,7352,245,613,900,1000,1.0408492237329483,0.8116860787073771,0.4113925921875914,4.94676399230957
5,2,9,11,2560,1,8210,7352,245,613,975,1000,0.7194164246320724,0.7960222164789835,0.22499452356368246,3.0778324604034424
5,2,9,23,2560,1,8210,7352,245,613,950,1000,0.8005472496151924,0.8263455679019293,0.24755163150296752,3.471853256225586
5,2,9,37,2560,1,8210,7352,245,613,1000,1000,0.7607332915067673,0.8066284308830897,0.2196917752252395,3.260906934738159
5,2,10,11,2560,1,8210,7352,245,613,925,1000,1.1311499923467636,0.8652719259262085,0.26813505982786046,4.483153820037842
5,2,10,23,2560,1,8210,7352,245,613,825,1000,1.1983128786087036,0.9021325459082922,0.3407973759042322,4.552340030670166
5,2,10,37,2560,1,8210,7352,245,613,925,1000,1.0786136388778687,1.0345671077569325,0.3310949008427119,4.83901834487915
5,2,12,11,2560,1,8210,7352,245,613,925,1000,0.7965134382247925,0.960793137550354,0.2144930629622545,4.4708662033081055
5,2,12,23,2560,1,8210,7352,245,613,850,1000,0.8415749073028564,0.9832663138707479,0.18285687255770627,4.239008903503418
5,2,12,37,2560,1,8210,7352,245,613,775,1000,0.8068631142377853,1.003459056218465,0.1849426248260394,4.209959983825684
5,3,7,11,2560,1,8210,7352,245,613,775,1000,0.6659402847290039,0.5719436903794607,0.35970109856623034,2.778658628463745
5,3,7,23,2560,1,8210,7352,245,613,775,1000,0.7112399339675903,0.6543788611888885,0.37952432814533593,3.100937843322754
5,3,7,37,2560,1,8210,7352,245,613,975,1000,0.7671005725860596,0.6454498469829559,0.3694331652119883,3.4153058528900146
5,3,11,11,2560,1,8210,7352,245,613,1000,1000,0.8072291016578674,0.44301160673300427,0.6294283442540715,3.5817112922668457
5,3,11,23,2560,1,8210,7352,245,613,700,950,0.6045050658285618,0.5097416390975317,0.289305609519204,2.8158230781555176
5,3,11,37,2560,1,8210,7352,245,613,775,1000,0.8733211010694504,0.6973046064376831,0.32429414113708005,3.274843692779541
5,3,13,11,2560,1,8210,7352,245,613,775,1000,0.6306430101394653,0.5985722045103709,0.2888937878128146,2.2779905796051025
5,3,13,23,2560,1,8210,7352,245,613,850,1000,0.8064635992050171,0.7752712517976761,0.2771230523015096,2.7298552989959717
5,3,13,37,2560,1,8210,7352,245,613,950,1000,0.7847724035382271,0.7445727984110514,0.24992802653535728,2.7343482971191406
5,3,14,11,2560,1,8210,7352,245,613,975,1000,0.889007456600666,0.9145297259092331,0.39946941449263906,4.95817756652832
5,3,14,23,2560,1,8210,7352,245,613,875,1000,0.8883713781833649,0.7600782290101051,0.37797849829090674,4.798344612121582
5,3,14,37,2560,1,8210,7352,245,613,925,1000,0.928520679473877,0.8878859678904215,0.3321906307691773,5.057278633117676
5,4,15,11,2560,1,8210,7352,245,613,975,1000,0.915630578994751,0.6924330318967501,0.44522018569522964,4.496201992034912
5,4,15,23,2560,1,8210,7352,245,613,975,1000,0.7766556665301323,0.6991061444083849,0.3121860046006507,4.1736063957214355
5,4,15,37,2560,1,8210,7352,245,613,975,1000,0.7682213336229324,0.6045688887437185,0.38412790735924396,4.410966873168945
6,1,1,11,2560,1,8210,7352,245,613,950,1000,0.8017846345901489,0.8839092254638672,0.461240728198521,3.050603151321411
6,1,1,23,2560,1,8210,7352,245,613,650,900,0.6771336793899536,0.691590815782547,0.3367253874348543,2.048410654067993
6,1,1,37,2560,1,8210,7352,245,613,975,1000,0.6635430604219437,0.7250041564305624,0.3770073958764064,3.0398855209350586
6,1,2,11,2560,1,8210,7352,245,613,700,950,1.1474266052246094,0.8944679498672485,0.37497382423384923,4.940174579620361
6,1,2,23,2560,1,8210,7352,245,613,850,1000,1.1940165758132935,0.9668761094411215,0.39760541395564303,5.635987281799316
6,1,2,37,2560,1,8210,7352,245,613,875,1000,1.2413300126791,0.9773511489232382,0.4312700182632202,5.919891834259033
6,1,4,11,2560,1,8210,7352,245,613,825,1000,0.9953716993331909,0.9133005142211914,0.2184898988801128,3.833277940750122
6,1,4,23,2560,1,8210,7352,245,613,950,1000,1.0537679195404053,1.076558103164037,0.20679145804792712,4.618432998657227
6,1,4,37,2560,1,8210,7352,245,613,950,1000,1.0600734949111938,1.0309564272562664,0.22748650058252576,4.555538654327393
6,1,8,11,2560,1,8210,7352,245,613,950,1000,1.064915046095848,1.0841693977514903,0.21847988339574434,4.155856609344482
6,1,8,23,2560,1,8210,7352,245,613,625,875,0.9521937221288681,0.9525629281997681,0.17456101999794968,3.3874378204345703
6,1,8,37,2560,1,8210,7352,245,613,1000,1000,1.0771961212158203,0.9424018065134684,0.24658839814865313,4.756075859069824
6,2,3,11,2560,1,8210,7352,245,613,975,1000,0.8798215389251709,0.8234789768854777,0.41826390550127285,3.9049673080444336
6,2,3,23,2560,1,8210,7352,245,613,975,1000,0.796934612095356,0.7156801621119181,0.406389334324164,3.566138505935669
6,2,3,37,2560,1,8210,7352,245,613,875,1000,0.8357429504394531,0.7319888671239217,0.43990692448581814,3.51721453666687
6,2,5,11,2560,1,8210,7352,245,613,950,1000,0.6285222619771957,0.6041345993677775,0.2893790970541117,2.378176212310791
6,2,5,23,2560,1,8210,7352,245,613,1000,1000,0.7403350323438644,0.6799125274022421,0.3408930015674325,2.51273775100708
6,2,5,37,2560,1,8210,7352,245,613,575,825,0.6028684973716736,0.5571380853652954,0.2685101847999891,1.6492815017700195
6,2,6,11,2560,1,8210,7352,245,613,950,1000,1.065357580780983,0.92825980981191,0.43160724285197155,5.0799431800842285
6,2,6,23,2560,1,8210,7352,245,613,950,1000,1.0482630878686905,0.8496882071097692,0.3976491345070488,5.346072673797607
6,2,6,37,2560,1,8210,7352,245,613,950,1000,1.1144280582666397,0.8819905916849772,0.40303157048486116,4.729926109313965
6,2,9,11,2560,1,8210,7352,245,613,975,1000,0.7744374200701714,0.8873633941014608,0.2667171201895317,3.4034855365753174
6,2,9,23,2560,1,8210,7352,245,613,775,1000,0.7660307735204697,0.7464084575573603,0.2369062550725455,2.8796586990356445
6,2,9,37,2560,1,8210,7352,245,613,925,1000,0.7940071821212769,0.7592021922270457,0.239865543035087,3.325446844100952
6,2,10,11,2560,1,8210,7352,245,613,475,725,0.7692632749676704,0.683536892135938,0.22665914861146466,2.400517225265503
6,2,10,23,2560,1,8210,7352,245,613,850,1000,1.0848126411437988,0.785584402581056,0.29272117772711376,4.868156433105469
6,2,10,37,2560,1,8210,7352,245,613,775,1000,1.0899521112442017,0.7941857477029165,0.2754576406596367,4.15313196182251
6,2,12,11,2560,1,8210,7352,245,613,900,1000,0.8323740214109421,0.842528223991394,0.19599215291534713,4.250087261199951
6,2,12,23,2560,1,8210,7352,245,613,900,1000,0.9534226655960083,1.0447145303090413,0.16192407797144795,4.308462142944336
6,2,12,37,2560,1,8210,7352,245,613,1000,1000,0.7658398747444153,0.9174445966879526,0.19430586617825382,4.776111125946045
6,3,7,11,2560,1,8210,7352,245,613,900,1000,0.7049975469708443,0.6172803640365601,0.4048829188725751,2.905452251434326
6,3,7,23,2560,1,8210,7352,245,613,975,1000,0.7009292431175709,0.5939344565073649,0.4358011249053046,3.4488654136657715
6,3,7,37,2560,1,8210,7352,245,613,875,1000,0.7257398366928101,0.6846994062264761,0.34193769283647885,3.3420050144195557
6,3,11,11,2560,1,8210,7352,245,613,850,1000,0.7626835703849792,0.640214592218399,0.4361793005329762,3.0182371139526367
6,3,11,23,2560,1,8210,7352,245,613,750,1000,0.8329839706420898,0.5615423520406088,0.44292718186921776,3.347381830215454
6,3,11,37,2560,1,8210,7352,245,613,975,1000,0.8938354253768921,0.3529042402903239,1.1688189591742524,3.6848902702331543
6,3,13,11,2560,1,8210,7352,245,613,1000,1000,0.7663777321577072,0.6808202217022578,0.25179548391549633,2.6104390621185303
6,3,13,23,2560,1,8210,7352,245,613,850,1000,0.7718600034713745,0.7328569839398066,0.2699865870220011,2.808093786239624
6,3,13,37,2560,1,8210,7352,245,613,825,1000,0.7956496924161911,0.6670467853546143,0.3305672938837964,2.692761182785034
6,3,14,11,2560,1,8210,7352,245,613,975,1000,0.9151620864868164,0.9360176374514898,0.3550031788380769,5.186979293823242
6,3,14,23,2560,1,8210,7352,245,613,875,1000,0.9250351265072823,0.8455143372217814,0.4381989291939456,4.659059524536133
6,3,14,37,2560,1,8210,7352,245,613,825,1000,0.9742782413959503,0.8357995351155599,0.421758432849756,4.940163612365723
6,4,15,11,2560,1,8210,7352,245,613,575,825,0.6160151362419128,0.551180899143219,0.24711285753577333,2.6696245670318604
6,4,15,23,2560,1,8210,7352,245,613,975,1000,0.8282828778028488,0.7404935782154402,0.3576183268017566,4.093473434448242
6,4,15,37,2560,1,8210,7352,245,613,975,1000,0.7688200399279594,0.7300790498654047,0.29631691634948043,4.015884876251221
7,1,1,11,2560,1,8210,7352,245,613,975,1000,0.7911169975996017,0.8336641788482666,0.3185603395791742,2.696667194366455
7,1,1,23,2560,1,8210,7352,245,613,1000,1000,0.8632970154285431,0.8990862369537354,0.3845920464065463,2.989652633666992
7,1,1,37,2560,1,8210,7352,245,613,800,1000,0.6927187442779541,0.7337974707285563,0.3629686046302412,2.362002372741699
7,1,2,11,2560,1,8210,7352,245,613,1000,1000,1.3079141229391098,1.0706512729326885,0.40546090217513686,6.030200481414795
7,1,2,23,2560,1,8210,7352,245,613,825,1000,1.2188992500305176,1.018375555674235,0.4084942545732999,5.439400672912598
7,1,2,37,2560,1,8210,7352,245,613,875,1000,1.209013819694519,0.9675323565800985,0.368417052418838,5.559103488922119
7,1,4,11,2560,1,8210,7352,245,613,875,1000,1.1161365360021591,1.1190185646216075,0.1936624012698492,4.476616382598877
7,1,4,23,2560,1,8210,7352,245,613,1000,1000,1.0822024196386337,1.0124491651852925,0.25998792761065076,4.913754940032959
7,1,4,37,2560,1,8210,7352,245,613,1000,1000,1.063169002532959,1.0144253174463909,0.22691740725273582,4.703249931335449
7,1,8,11,2560,1,8210,7352,245,613,975,1000,0.9886853694915771,0.9788329601287842,0.16007775018257425,4.257077693939209
7,1,8,23,2560,1,8210,7352,245,613,650,900,0.9783255010843277,0.9550392230351766,0.19068006259503872,3.7254557609558105
7,1,8,37,2560,1,8210,7352,245,613,1000,1000,1.0630227327346802,1.0368901491165161,0.21852516969250674,5.146093368530273
7,2,3,11,2560,1,8210,7352,245,613,1000,1000,0.8340553790330887,0.6213614543279012,0.5153367710702841,3.886613368988037
7,2,3,23,2560,1,8210,7352,245,613,975,1000,0.8060444891452789,0.6663363774617513,0.47626367060199387,3.8075976371765137
7,2,3,37,2560,1,8210,7352,245,613,875,1000,0.8063571527600288,0.6892047772804896,0.47887550265160134,3.4549062252044678
7,2,5,11,2560,1,8210,7352,245,613,950,1000,0.6426204368472099,0.6217946112155914,0.27851532558864456,2.29643177986145
7,2,5,23,2560,1,8210,7352,245,613,1000,1000,0.7361575365066528,0.7119543155034384,0.29416134249420367,2.759639263153076
7,2,5,37,2560,1,8210,7352,245,613,900,1000,0.6953142881393433,0.6584196090698242,0.31316271702538084,2.2031378746032715
7,2,6,11,2560,1,8210,7352,245,613,925,1000,1.0291813611984253,0.9372331003348032,0.4207010503651887,5.087957859039307
7,2,6,23,2560,1,8210,7352,245,613,950,1000,1.1047365590929985,0.9217041283845901,0.4262421601584923,5.28391170501709
7,2,6,37,2560,1,8210,7352,245,613,1000,1000,1.150287389755249,0.9615021546681722,0.4378525603935872,5.972079277038574
7,2,9,11,2560,1,8210,7352,245,613,975,1000,0.8350747749209404,0.8852767546971639,0.29735737676823293,3.5715866088867188
7,2,9,23,2560,1,8210,7352,245,613,850,1000,0.7807343751192093,0.7920737266540527,0.27298222127859295,3.137600898742676
7,2,9,37,2560,1,8210,7352,245,613,1000,1000,0.8388288021087646,0.8819473534822464,0.26005247791117503,3.682440996170044
7,2,10,11,2560,1,8210,7352,245,613,1000,1000,1.0455889701843262,1.0384105046590169,0.33121255958216156,4.939895153045654
7,2,10,23,2560,1,8210,7352,245,613,1000,1000,1.0969951003789902,0.9830960035324097,0.3428980825065883,5.427298069000244
7,2,10,37,2560,1,8210,7352,245,613,925,1000,1.0738445818424225,1.0075409809748332,0.3266539827332512,4.67738676071167
7,2,12,11,2560,1,8210,7352,245,613,725,975,0.7955420091748238,0.9508801798025767,0.133155653024752,4.291156768798828
7,2,12,23,2560,1,8210,7352,245,613,1000,1000,0.9568569511175156,1.0955779155095418,0.21313141061043958,5.24788761138916
7,2,12,37,2560,1,8210,7352,245,613,800,1000,0.8379894495010376,0.947976311047872,0.1001848017076638,4.224541664123535
7,3,7,11,2560,1,8210,7352,245,613,1000,1000,0.7515604496002197,0.6638531237840652,0.42655911386283135,3.4068849086761475
7,3,7,23,2560,1,8210,7352,245,613,950,1000,0.7458522394299507,0.669507180651029,0.35228354679912843,3.4592130184173584
7,3,7,37,2560,1,8210,7352,245,613,900,1000,0.7163869887590408,0.6721476415793101,0.3294202572755658,3.302889823913574
7,3,11,11,2560,1,8210,7352,245,613,850,1000,0.8251422718167305,0.623655746380488,0.32518064203567304,3.20497465133667
7,3,11,23,2560,1,8210,7352,245,613,900,1000,0.7760862857103348,0.455635130405426,0.3040801749151946,3.7706472873687744
7,3,11,37,2560,1,8210,7352,245,613,925,1000,0.8319397419691086,0.3572210172812144,0.9674719361254974,3.958763599395752
7,3,13,11,2560,1,8210,7352,245,613,825,1000,0.6963775604963303,0.6796017785867056,0.3321178963774601,2.6076972484588623
7,3,13,23,2560,1,8210,7352,245,613,750,1000,0.7582076042890549,0.7557614942391714,0.22660179809674844,2.3944199085235596
7,3,13,37,2560,1,8210,7352,245,613,725,975,0.7058027982711792,0.6588970820109049,0.2703855096845296,2.287315845489502
7,3,14,11,2560,1,8210,7352,245,613,975,1000,0.9446978643536568,0.8930080235004425,0.36032193027580656,5.016380786895752
7,3,14,23,2560,1,8210,7352,245,613,975,1000,0.8388374969363213,0.8883946314454079,0.35837228860849235,5.284535884857178
7,3,14,37,2560,1,8210,7352,245,613,975,1000,0.9296465218067169,0.9198811848958334,0.3277629107851404,5.064724445343018
7,4,15,11,2560,1,8210,7352,245,613,1000,1000,0.7982742711901665,0.7145417928695679,0.3645558926966536,4.661559104919434
7,4,15,23,2560,1,8210,7352,245,613,950,1000,0.7449921369552612,0.6659704521298409,0.28928139693452176,3.7417244911193848
7,4,15,37,2560,1,8210,7352,245,613,900,1000,0.7662183120846748,0.56663578748703,0.30367238609074865,3.8566701412200928
8,1,1,11,2560,1,8210,7352,245,613,975,1000,0.7846180200576782,0.8764798243840536,0.3348106409669423,2.6053407192230225
8,1,1,23,2560,1,8210,7352,245,613,875,1000,0.7325974628329277,0.7608656783898672,0.36844307766705836,2.449209451675415
8,1,1,37,2560,1,8210,7352,245,613,1000,1000,0.8284114599227905,0.8716408014297485,0.4874157905512333,3.0869312286376953
8,1,2,11,2560,1,8210,7352,245,613,975,1000,1.3095142841339111,1.1618518630663555,0.39771642907431043,5.989612579345703
8,1,2,23,2560,1,8210,7352,245,613,850,1000,1.3649612665176392,1.1558024088541667,0.3962198823831009,5.767719268798828
8,1,2,37,2560,1,8210,7352,245,613,900,1000,1.2151907682418823,1.0492749611536663,0.40209179967407516,5.655807971954346
8,1,4,11,2560,1,8210,7352,245,613,1000,1000,1.0602762699127197,1.0702701409657795,0.22141074630848415,4.760039329528809
8,1,4,23,2560,1,8210,7352,245,613,925,1000,1.0467941910028458,1.0289172331492107,0.24125086714864669,4.76033353805542
8,1,4,37,2560,1,8210,7352,245,613,1000,1000,1.2044156789779663,1.0744471947352092,0.23526628870871488,4.859083652496338
8,1,8,11,2560,1,8210,7352,245,613,825,1000,1.0010961443185806,1.0331284801165264,0.2093844893916712,4.248050212860107
8,1,8,23,2560,1,8210,7352,245,613,900,1000,1.0892422199249268,1.0669540961583455,0.20426704378621838,4.149096488952637
8,1,8,37,2560,1,8210,7352,245,613,875,1000,1.0625377893447876,1.085281213124593,0.1891878337947947,4.4004364013671875
8,2,3,11,2560,1,8210,7352,245,613,975,1000,0.8956742286682129,0.8066728512446085,0.45033387662189056,3.9767370223999023
8,2,3,23,2560,1,8210,7352,245,613,725,975,0.8208162859082222,0.6977251768112183,0.45865153558986477,3.0171167850494385
8,2,3,37,2560,1,8210,7352,245,613,900,1000,0.8198147118091583,0.804924209912618,0.35922907586375996,3.6832447052001953
8,2,5,11,2560,1,8210,7352,245,613,950,1000,0.6126367971301079,0.5646695593992869,0.3080993814329757,2.5532641410827637
8,2,5,23,2560,1,8210,7352,245,613,675,925,0.5982162952423096,0.5781020025412241,0.2670676716934867,1.9643292427062988
8,2,5,37,2560,1,8210,7352,245,613,925,1000,0.6358595341444016,0.6097726325194041,0.29121606676769235,2.4607465267181396
8,2,6,11,2560,1,8210,7352,245,613,1000,1000,1.1160498782992363,0.8159334659576416,0.36411633208785793,4.884788513183594
8,2,6,23,2560,1,8210,7352,245,613,950,1000,1.1587976068258286,0.9794421990712484,0.3818366096794586,5.2871246337890625
8,2,6,37,2560,1,8210,7352,245,613,1000,1000,1.0951013565063477,0.9677613973617554,0.41234284819303335,5.608649253845215
8,2,9,11,2560,1,8210,7352,245,613,975,1000,0.7953488528728485,0.8405222942431768,0.27420206040332484,3.669569253921509
8,2,9,23,2560,1,8210,7352,245,613,775,1000,0.7988141775131226,0.8099143852790197,0.24121103543828767,2.9512457847595215
8,2,9,37,2560,1,8210,7352,245,613,1000,1000,0.8148976117372513,0.7825415035088857,0.25061519601377924,3.537801742553711
8,2,10,11,2560,1,8210,7352,245,613,900,1000,1.1214491203427315,0.7855616807937622,0.3893498776215967,5.172372817993164
8,2,10,23,2560,1,8210,7352,245,613,825,1000,1.0614811182022095,0.9313222219546636,0.2915102367063636,4.7168426513671875
8,2,10,37,2560,1,8210,7352,245,613,750,1000,0.9460773393511772,0.8534802993138632,0.28379908872250115,4.155614376068115
8,2,12,11,2560,1,8210,7352,245,613,900,1000,0.840535044670105,0.9163697560628256,0.1606613220282728,5.071362495422363
8,2,12,23,2560,1,8210,7352,245,613,700,950,0.840202808380127,1.021855354309082,0.16742910162289248,3.7991790771484375
8,2,12,37,2560,1,8210,7352,245,613,975,1000,0.8446269035339355,0.9538958072662354,0.21072515731303276,4.744651794433594
8,3,7,11,2560,1,8210,7352,245,613,1000,1000,0.7715399265289307,0.6037245988845825,0.5102338677590819,3.677347183227539
8,3,7,23,2560,1,8210,7352,245,613,950,1000,0.7775949537754059,0.6683260202407837,0.4379628645424418,3.6361865997314453
8,3,7,37,2560,1,8210,7352,245,613,875,1000,0.7291422635316849,0.629118412733078,0.4094346426006626,3.608440637588501
8,3,11,11,2560,1,8210,7352,245,613,975,1000,0.8512637540698051,0.5974320272604624,0.5760875503694013,3.6909499168395996
8,3,11,23,2560,1,8210,7352,245,613,925,1000,0.7157790660858154,0.541660264134407,0.4658810009259921,3.4873600006103516
8,3,11,37,2560,1,8210,7352,245,613,1000,1000,0.8066097944974899,0.23117806514104208,1.103642251857576,3.644496440887451
8,3,13,11,2560,1,8210,7352,245,613,925,1000,0.676519513130188,0.6451042493184408,0.3626595461209465,2.5621373653411865
8,3,13,23,2560,1,8210,7352,245,613,975,1000,0.7563173770904541,0.8444204727808634,0.30059194977757264,2.8259758949279785
8,3,13,37,2560,1,8210,7352,245,613,925,1000,0.8055499792098999,0.7276662985483805,0.30244900554670795,2.8317341804504395
8,3,14,11,2560,1,8210,7352,245,613,975,1000,1.0341804027557373,1.012403964996338,0.3253563474278838,5.086872100830078
8,3,14,23,2560,1,8210,7352,245,613,875,1000,1.0216392278671265,0.9516832033793131,0.391941383549057,5.259699821472168
8,3,14,37,2560,1,8210,7352,245,613,850,1000,0.9555501937866211,0.9274428735176722,0.32196128613633435,4.7119879722595215
8,4,15,11,2560,1,8210,7352,245,613,950,1000,0.8116471320390701,0.6723314573367437,0.4893846652880669,4.283210277557373
8,4,15,23,2560,1,8210,7352,245,613,975,1000,0.7695850133895874,0.752824584643046,0.263843852431677,4.1778693199157715
8,4,15,37,2560,1,8210,7352,245,613,600,850,0.6641489863395691,0.6019281496604284,0.32672317614530405,2.832594394683838
9,1,1,11,2560,1,8210,7352,245,613,950,1000,0.7733376771211624,0.809153159459432,0.4139164995537751,2.65401291847229
9,1,1,23,2560,1,8210,7352,245,613,700,950,0.7454721927642822,0.7250144084294637,0.3989334379796655,2.479681968688965
9,1,1,37,2560,1,8210,7352,245,613,500,750,0.5851438045501709,0.627204974492391,0.3648445512147083,1.5611048936843872
9,1,2,11,2560,1,8210,7352,245,613,900,1000,1.221335530281067,1.0035890539487202,0.37619002032387877,5.657824993133545
9,1,2,23,2560,1,8210,7352,245,613,975,1000,1.2567596286535263,1.1638998786608379,0.3919363060647942,6.424426078796387
9,1,2,37,2560,1,8210,7352,245,613,975,1000,1.2276434898376465,1.0319372415542603,0.47261709001676966,6.32084321975708
9,1,4,11,2560,1,8210,7352,245,613,875,1000,0.9913296401500702,0.9890793661276499,0.2117314362917571,4.08539342880249
9,1,4,23,2560,1,8210,7352,245,613,1000,1000,1.139131173491478,1.0631575187047322,0.2133366223619153,5.418392181396484
9,1,4,37,2560,1,8210,7352,245,613,1000,1000,1.1891595125198364,1.1330070892969768,0.24458606884916645,5.130484580993652
9,1,8,11,2560,1,8210,7352,245,613,850,1000,1.072605848312378,1.0319889783859253,0.2369674007664393,4.34848690032959
9,1,8,23,2560,1,8210,7352,245,613,900,1000,1.0641019344329834,1.0846322178840637,0.23479895620749414,4.603640079498291
9,1,8,37,2560,1,8210,7352,245,613,975,1000,1.0603044033050537,1.037968118985494,0.22717254959015706,4.827060699462891
9,2,3,11,2560,1,8210,7352,245,613,975,1000,0.8924897983670235,0.854285995165507,0.39069995216850506,3.902369737625122
9,2,3,23,2560,1,8210,7352,245,613,725,975,0.8298575803637505,-0.06423455476760864,1.4455671864531878,3.2230300903320312
9,2,3,37,2560,1,8210,7352,245,613,900,1000,0.8217973709106445,0.7464489936828613,0.4724697622254287,3.785121202468872
9,2,5,11,2560,1,8210,7352,245,613,925,1000,0.7122505158185959,0.6943924129009247,0.36472382796580965,2.534651517868042
9,2,5,23,2560,1,8210,7352,245,613,975,1000,0.672842726111412,0.6590628723303477,0.3786378171098767,2.485278367996216
9,2,5,37,2560,1,8210,7352,245,613,975,1000,0.6636773198843002,0.4983961159984271,0.29064444886699364,2.483333110809326
9,2,6,11,2560,1,8210,7352,245,613,900,1000,1.048574797809124,0.9325255999962488,0.41016482282541455,4.618863582611084
9,2,6,23,2560,1,8210,7352,245,613,800,1000,1.08267343044281,0.812729557355245,0.38272226252897557,4.357723712921143
9,2,6,37,2560,1,8210,7352,245,613,975,1000,1.1410675048828125,0.9735352198282877,0.41234502401388745,5.475330352783203
9,2,9,11,2560,1,8210,7352,245,613,875,1000,0.7644197046756744,0.8283280928929647,0.254080963627588,3.130032777786255
9,2,9,23,2560,1,8210,7352,245,613,775,1000,0.7820806950330734,0.801883265376091,0.25172850864160295,3.0459015369415283
9,2,9,37,2560,1,8210,7352,245,613,900,1000,0.8319437503814697,0.8958497444788615,0.2667645514217763,3.3228609561920166
9,2,10,11,2560,1,8210,7352,245,613,1000,1000,1.1584510952234268,1.0819864223400752,0.36558622535039526,5.314393520355225
9,2,10,23,2560,1,8210,7352,245,613,675,925,1.0473856925964355,0.8980427185694376,0.2873678896993944,3.927330255508423
9,2,10,37,2560,1,8210,7352,245,613,900,1000,1.1011295169591904,0.9987800518671671,0.336585029445069,4.986330032348633
9,2,12,11,2560,1,8210,7352,245,613,925,1000,0.8394314348697662,0.8756252527236938,0.19981006628447445,5.050792694091797
9,2,12,23,2560,1,8210,7352,245,613,900,1000,0.8714609146118164,1.0039290984471638,0.19724733293589441,4.973352909088135
9,2,12,37,2560,1,8210,7352,245,613,700,950,0.8006337136030197,0.8863685131072998,0.2001180739966054,3.89643931388855
9,3,7,11,2560,1,8210,7352,245,613,900,1000,0.8325132206082344,0.6931513523062071,0.4007476842730798,3.4943249225616455
9,3,7,23,2560,1,8210,7352,245,613,975,1000,0.8029043674468994,0.6895055721203486,0.47162755609466805,3.7000203132629395
9,3,7,37,2560,1,8210,7352,245,613,800,1000,0.7794706374406815,0.5830499629179636,0.4889893067124505,3.2386703491210938
9,3,11,11,2560,1,8210,7352,245,613,1000,1000,0.8903286531567574,0.6441269715627035,0.48125432226546194,3.991790533065796
9,3,11,23,2560,1,8210,7352,245,613,1000,1000,0.8535478040575981,0.5405644178390503,0.771543481989221,3.940340042114258
9,3,11,37,2560,1,8210,7352,245,613,925,1000,0.8332002237439156,0.4847569813330968,0.6107588801565567,3.7313601970672607
9,3,13,11,2560,1,8210,7352,245,613,675,925,0.6462064981460571,0.5846857378880183,0.27191022793891984,2.0996272563934326
9,3,13,23,2560,1,8210,7352,245,613,825,1000,0.7963519170880318,0.7583291232585907,0.3011304610915326,2.7165608406066895
9,3,13,37,2560,1,8210,7352,245,613,925,1000,0.7863515540957451,0.7891649057467779,0.2729215680793014,2.6859500408172607
9,3,14,11,2560,1,8210,7352,245,613,975,1000,1.0046905130147934,0.9391200741132101,0.36803853862411734,5.5413312911987305
9,3,14,23,2560,1,8210,7352,245,613,1000,1000,1.0113775730133057,0.9607887317736944,0.3560293548943351,5.683452606201172
9,3,14,37,2560,1,8210,7352,245,613,925,1000,0.9584101587533951,0.988213300704956,0.3506925017895908,5.316063404083252
9,4,15,11,2560,1,8210,7352,245,613,975,1000,0.8267734050750732,0.7059279630581538,0.397903850966314,4.288437843322754
9,4,15,23,2560,1,8210,7352,245,613,925,1000,0.7751287221908569,0.646250057965517,0.31882071839193993,4.397347927093506
9,4,15,37,2560,1,8210,7352,245,613,975,1000,0.7220854163169861,0.639787087837855,0.4116153274015101,4.3016581535339355
10,1,1,11,2560,1,8210,7352,245,613,1000,1000,0.7828088253736496,0.8321645259857178,0.4112393915302725,2.569580078125
10,1,1,23,2560,1,8210,7352,245,613,925,1000,0.7856713533401489,0.8537785609563192,0.34819655429018587,2.907486915588379
10,1,1,37,2560,1,8210,7352,245,613,950,1000,0.819057822227478,0.8165280818939209,0.41369508185175957,2.8852760791778564
10,1,2,11,2560,1,8210,7352,245,613,875,1000,1.2502433061599731,1.0521297454833984,0.35011074804828074,5.160338878631592
10,1,2,23,2560,1,8210,7352,245,613,975,1000,1.2999292761087418,1.2098441223303478,0.40063808699716547,6.474928379058838
10,1,2,37,2560,1,8210,7352,245,613,1000,1000,1.2820312976837158,1.0893442233403523,0.4460171517024273,6.178032875061035
10,1,4,11,2560,1,8210,7352,245,613,875,1000,1.088711366057396,1.0314178963502247,0.21213878001948683,4.088196277618408
10,1,4,23,2560,1,8210,7352,245,613,1000,1000,1.1145831197500229,1.1451291640599568,0.18585695541832867,5.014945983886719
10,1,4,37,2560,1,8210,7352,245,613,950,1000,1.0506543964147568,0.9884143869082133,0.2326396177538443,4.440187454223633
10,1,8,11,2560,1,8210,7352,245,613,850,1000,1.092979073524475,1.1280585527420044,0.2630594176512161,4.573034286499023
10,1,8,23,2560,1,8210,7352,245,613,975,1000,1.0601197630167007,1.1117687424023945,0.22863608614257588,4.70310115814209
10,1,8,37,2560,1,8210,7352,245,613,850,1000,1.05683733522892,0.9726330836613973,0.1767119950444237,4.423583507537842
10,2,3,11,2560,1,8210,7352,245,613,975,1000,0.9436576664447784,0.9360407789548238,0.4347686140055664,4.3822021484375
10,2,3,23,2560,1,8210,7352,245,613,900,1000,0.8276758193969727,0.6539978484312693,0.5624764654866491,3.5366439819335938
10,2,3,37,2560,1,8210,7352,245,613,900,1000,0.8786823451519012,0.8552468915780386,0.3752665871564559,3.949427604675293
10,2,5,11,2560,1,8210,7352,245,613,925,1000,0.757001169025898,0.7034053901831309,0.38047472834851276,2.806579351425171
10,2,5,23,2560,1,8210,7352,245,613,925,1000,0.7078804895281792,0.7312650680541992,0.36035521154891703,2.737736701965332
10,2,5,37,2560,1,8210,7352,245,613,575,825,0.6066092848777771,0.5955354372660319,0.298620706456985,1.7454105615615845
10,2,6,11,2560,1,8210,7352,245,613,900,1000,1.0772737264633179,0.9549291084210078,0.3900035706764627,5.098165988922119
10,2,6,23,2560,1,8210,7352,245,613,975,1000,1.066956877708435,0.8555668940146764,0.41096387086313696,5.486743450164795
10,2,6,37,2560,1,8210,7352,245,613,575,825,0.8469735085964203,0.6854922771453857,0.31760487828470463,3.282822370529175
10,2,9,11,2560,1,8210,7352,245,613,875,1000,0.8051970899105072,0.7862558315197626,0.2644247624435093,3.246310234069824
10,2,9,23,2560,1,8210,7352,245,613,750,1000,0.8361877202987671,0.7338276306788126,0.22022988322465753,2.729530096054077
10,2,9,37,2560,1,8210,7352,245,613,875,1000,0.7946077585220337,0.709791973233223,0.22466463357362085,3.1554393768310547
10,2,10,11,2560,1,8210,7352,245,613,925,1000,1.0343341827392578,0.8614768932263056,0.28082258779045166,4.481451034545898
10,2,10,23,2560,1,8210,7352,245,613,1000,1000,1.0969303995370865,1.0973347077767055,0.3734332376526254,5.299694538116455
10,2,10,37,2560,1,8210,7352,245,613,825,1000,1.1258602291345596,0.9649055302143097,0.36703585153563745,4.810746192932129
10,2,12,11,2560,1,8210,7352,245,613,1000,1000,0.9198506027460098,0.9940658708413442,0.19136648899852504,4.895740985870361
10,2,12,23,2560,1,8210,7352,245,613,1000,1000,0.9771581888198853,1.0188222527503967,0.22883465311147252,5.301050186157227
10,2,12,37,2560,1,8210,7352,245,613,900,1000,0.9401395320892334,1.057510217030843,0.22119952104820953,4.649423122406006
10,3,7,11,2560,1,8210,7352,245,613,900,1000,0.8316811323165894,0.680555189649264,0.39157738507139733,3.5426294803619385
10,3,7,23,2560,1,8210,7352,245,613,975,1000,0.7701465636491776,0.6128944158554077,0.38605797421331434,3.9742612838745117
10,3,7,37,2560,1,8210,7352,245,613,825,1000,0.725294828414917,0.7030990620454153,0.3318251829288963,3.341306209564209
10,3,11,11,2560,1,8210,7352,245,613,900,1000,0.7965149879455566,0.5471624135971069,0.5131980325081559,3.2556493282318115
10,3,11,23,2560,1,8210,7352,245,613,925,1000,0.7664604112505913,0.6600420450170835,0.2817883724583274,3.678823709487915
10,3,11,37,2560,1,8210,7352,245,613,900,1000,0.8437223136425018,0.5969565709431967,0.5713980207755586,3.692812442779541
10,3,13,11,2560,1,8210,7352,245,613,725,975,0.7464426308870316,0.7164466083049774,0.24391875172546726,2.2232131958007812
10,3,13,23,2560,1,8210,7352,245,613,850,1000,0.7582011222839355,0.7954546709855398,0.27990929097570494,2.7271170616149902
10,3,13,37,2560,1,8210,7352,245,613,950,1000,0.8154567033052444,0.7123350302378336,0.30595625749920957,3.015911340713501
10,3,14,11,2560,1,8210,7352,245,613,975,1000,0.971753716468811,0.9228700002034506,0.36987243017864097,5.200373649597168
10,3,14,23,2560,1,8210,7352,245,613,1000,1000,0.990773431956768,1.0181044737497966,0.3630821923051989,5.866774559020996
10,3,14,37,2560,1,8210,7352,245,613,1000,1000,1.018417239189148,1.031296928723653,0.3479285401371331,5.947065830230713
10,4,15,11,2560,1,8210,7352,245,613,900,1000,0.8722101449966431,0.6765298396348953,0.36107202778933073,4.0402421951293945
10,4,15,23,2560,1,8210,7352,245,613,1000,1000,0.8114625215530396,0.7332409967978796,0.28538760125977175,4.434010982513428
10,4,15,37,2560,1,8210,7352,245,613,575,825,0.7202423214912415,0.5637762049833933,0.26429515325136965,2.5238394737243652
11,1,1,11,2560,1,8210,7352,245,613,950,1000,0.780501201748848,0.7756452163060507,0.33168598929243615,2.8448867797851562
11,1,1,23,2560,1,8210,7352,245,613,675,925,0.7069045752286911,0.7167618672053019,0.3549548234409386,2.1118276119232178
11,1,1,37,2560,1,8210,7352,245,613,1000,1000,0.863929271697998,0.9092400868733724,0.44274941203684487,3.235854387283325
11,1,2,11,2560,1,8210,7352,245,613,1000,1000,1.1996823400259018,0.9425124029318491,0.3995798338315014,5.753483772277832
11,1,2,23,2560,1,8210,7352,245,613,875,1000,1.1823049783706665,1.0599884192148845,0.4274457602918898,5.58239221572876
11,1,2,37,2560,1,8210,7352,245,613,975,1000,1.1487836837768555,0.9468522071838379,0.39281804473224086,6.160295486450195
11,1,4,11,2560,1,8210,7352,245,613,875,1000,1.1369985342025757,1.0694246292114258,0.22115247192685647,4.6120195388793945
11,1,4,23,2560,1,8210,7352,245,613,1000,1000,1.0738060474395752,0.8977423111597697,0.1801672641785036,4.868432521820068
11,1,4,37,2560,1,8210,7352,245,613,925,1000,1.0759354829788208,1.0347575545310974,0.23156616091967866,4.24998140335083
11,1,8,11,2560,1,8210,7352,245,613,925,1000,1.071020245552063,1.0571425358454387,0.231170691097071,4.48460054397583
11,1,8,23,2560,1,8210,7352,245,613,950,1000,1.0614458322525024,1.0679084459940593,0.1781547337647091,4.803589820861816
11,1,8,37,2560,1,8210,7352,245,613,825,1000,1.0322765111923218,0.9888761440912882,0.16820542014021628,4.516432285308838
11,2,3,11,2560,1,8210,7352,245,613,975,1000,0.8452392369508743,0.7766448656717936,0.38204343556768144,3.6377298831939697
11,2,3,23,2560,1,8210,7352,245,613,1000,1000,0.8488999903202057,0.48404791951179504,0.8603371660275886,3.610666513442993
11,2,3,37,2560,1,8210,7352,245,613,875,1000,0.8671536147594452,0.7279240687688192,0.4339109054167153,3.6034915447235107
11,2,5,11,2560,1,8210,7352,245,613,750,1000,0.7184921503067017,0.6846782316764196,0.2705860479332514,2.4141552448272705
11,2,5,23,2560,1,8210,7352,245,613,1000,1000,0.7942705154418945,0.7851980080207189,0.3133093600141252,2.9943039417266846
11,2,5,37,2560,1,8210,7352,245,613,1000,1000,0.7122412919998169,0.732659786939621,0.3475274921461419,2.944265127182007
11,2,6,11,2560,1,8210,7352,245,613,1000,1000,1.1191061735153198,0.8704865376154581,0.37978508314501214,5.299783706665039
11,2,6,23,2560,1,8210,7352,245,613,650,900,1.0049216896295547,0.8035215263565382,0.38049137514328596,3.7128994464874268
11,2,6,37,2560,1,8210,7352,245,613,950,1000,1.0935726016759872,0.9197725156943003,0.36428755518920775,5.285547256469727
11,2,9,11,2560,1,8210,7352,245,613,975,1000,0.7551700994372368,0.8201290418704351,0.300685478385965,3.3564329147338867
11,2,9,23,2560,1,8210,7352,245,613,975,1000,0.8486748039722443,0.784786139925321,0.30582882432582875,3.613023519515991
11,2,9,37,2560,1,8210,7352,245,613,1000,1000,0.8525596559047699,0.8593853712081909,0.2579522442897588,3.614737033843994
11,2,10,11,2560,1,8210,7352,245,613,1000,1000,1.1688740402460098,1.040992110967636,0.34411834922382784,5.971818447113037
11,2,10,23,2560,1,8210,7352,245,613,700,950,1.0173798650503159,0.884623130162557,0.2866635307095562,3.7774057388305664
11,2,10,37,2560,1,8210,7352,245,613,625,875,1.0320593267679214,0.886449138323466,0.2945593770820844,3.711815595626831
11,2,12,11,2560,1,8210,7352,245,613,650,900,0.7753282189369202,0.9693938593069712,0.16299429140443142,3.4128715991973877
11,2,12,23,2560,1,8210,7352,245,613,900,1000,0.9373557716608047,1.048972100019455,0.14623647670174791,4.662811756134033
11,2,12,37,2560,1,8210,7352,245,613,875,1000,0.9095925092697144,1.0150817235310872,0.18209276469123076,4.719134330749512
11,3,7,11,2560,1,8210,7352,245,613,925,1000,0.7215381860733032,0.7019790510336558,0.4523756714436883,3.2084193229675293
11,3,7,23,2560,1,8210,7352,245,613,975,1000,0.7929834127426147,0.616176093618075,0.458339122914942,3.700345993041992
11,3,7,37,2560,1,8210,7352,245,613,900,1000,0.7737277001142502,0.7059655686219534,0.37156989192556855,3.7531700134277344
11,3,11,11,2560,1,8210,7352,245,613,950,1000,0.828790619969368,0.6274547278881073,0.47359745692167926,3.3180201053619385
11,3,11,23,2560,1,8210,7352,245,613,925,1000,0.7753300666809082,0.7129577373464903,0.4309960706467049,3.71889328956604
11,3,11,37,2560,1,8210,7352,245,613,800,1000,0.7773085236549377,0.6903412938117981,0.287933260433341,3.3519909381866455
11,3,13,11,2560,1,8210,7352,245,613,950,1000,0.8178069591522217,0.7507507503032684,0.36261502609117896,2.9587302207946777
11,3,13,23,2560,1,8210,7352,245,613,975,1000,0.8699831888079643,0.8374986946582794,0.28783121750252794,3.122971534729004
11,3,13,37,2560,1,8210,7352,245,613,950,1000,0.9062742441892624,0.7310608526070913,0.2649369937271457,3.008782148361206
11,3,14,11,2560,1,8210,7352,245,613,975,1000,1.0213260650634766,0.9808533390363058,0.38253559973043194,5.26258659362793
11,3,14,23,2560,1,8210,7352,245,613,875,1000,1.01499605178833,0.9594742010037104,0.32681638933388435,4.779536724090576
11,3,14,37,2560,1,8210,7352,245,613,975,1000,1.0118169635534286,0.959591676791509,0.405259470934407,5.356449604034424
11,4,15,11,2560,1,8210,7352,245,613,950,1000,0.8018371611833572,0.6307828823725382,0.42946788561851196,3.999748468399048
11,4,15,23,2560,1,8210,7352,245,613,1000,1000,0.7601679563522339,0.7679609060287476,0.35972610416355405,4.2303876876831055
11,4,15,37,2560,1,8210,7352,245,613,975,1000,0.8406901359558105,0.7036496053139368,0.3141953224135821,4.105268478393555
12,1,1,11,2560,1,8210,7352,245,613,900,1000,0.6683753728866577,0.7208261092503866,0.3218263428610241,2.659313440322876
12,1,1,23,2560,1,8210,7352,245,613,1000,1000,0.7480543106794357,0.7856038411458334,0.34272405923916754,2.8001701831817627
12,1,1,37,2560,1,8210,7352,245,613,950,1000,0.7668344974517822,0.7768778800964355,0.3882608796035244,3.0199694633483887
12,1,2,11,2560,1,8210,7352,245,613,1000,1000,1.4425670057535172,1.2524917523066204,0.4230411137477794,6.860283851623535
12,1,2,23,2560,1,8210,7352,245,613,1000,1000,1.3286038637161255,1.048878808816274,0.4110490063950361,6.275732517242432
12,1,2,37,2560,1,8210,7352,245,613,975,1000,1.2827783823013306,1.1256742080052693,0.4165408844262855,6.251326560974121
12,1,4,11,2560,1,8210,7352,245,613,875,1000,1.1354758739471436,1.098635991414388,0.23511451920952994,4.291253089904785
12,1,4,23,2560,1,8210,7352,245,613,1000,1000,1.103191614151001,1.0290538469950359,0.22087369064063223,4.7856245040893555
12,1,4,37,2560,1,8210,7352,245,613,950,1000,1.276398777961731,1.196154276529948,0.22034212416790527,4.8626275062561035
12,1,8,11,2560,1,8210,7352,245,613,825,1000,0.921649232506752,0.858763853708903,0.19110107672680013,3.787660837173462
12,1,8,23,2560,1,8210,7352,245,613,1000,1000,1.022943139076233,1.076190710067749,0.21519884000476913,4.808305740356445
12,1,8,37,2560,1,8210,7352,245,613,875,1000,1.0537950992584229,1.004679540793101,0.175573102778469,4.191162586212158
12,2,3,11,2560,1,8210,7352,245,613,975,1000,0.8902447521686554,0.8180807034174601,0.36466138444345003,3.65442156791687
12,2,3,23,2560,1,8210,7352,245,613,850,1000,0.953333854675293,0.8071015278498331,0.413332488998397,3.6465916633605957
12,2,3,37,2560,1,8210,7352,245,613,875,1000,0.9022872447967529,0.7755352954069773,0.438779840259836,3.968510150909424
12,2,5,11,2560,1,8210,7352,245,613,925,1000,0.71720290184021,0.7130287090937296,0.30947996518393583,3.007242202758789
12,2,5,23,2560,1,8210,7352,245,613,875,1000,0.7474534586071968,0.7555420051018397,0.32149031999890887,2.7339210510253906
12,2,5,37,2560,1,8210,7352,245,613,975,1000,0.8762062788009644,0.7579286893208822,0.3967985562539886,2.9768035411834717
12,2,6,11,2560,1,8210,7352,245,613,925,1000,1.142980933189392,0.9958315392335256,0.3848997563914741,5.076629161834717
12,2,6,23,2560,1,8210,7352,245,613,950,1000,1.1382437869906425,0.941517117122809,0.3757545286906233,5.074294567108154
12,2,6,37,2560,1,8210,7352,245,613,900,1000,1.129141941666603,0.9111538430054983,0.41033302017979567,5.205028057098389
12,2,9,11,2560,1,8210,7352,245,613,950,1000,0.7330139130353928,0.755520780881246,0.292598467940076,3.4701294898986816
12,2,9,23,2560,1,8210,7352,245,613,825,1000,0.8742400407791138,0.8266178717215856,0.2484369033223424,3.1522140502929688
12,2,9,37,2560,1,8210,7352,245,613,875,1000,0.8017558753490448,0.7534365256627401,0.25328816204241655,3.17934513092041
12,2,10,11,2560,1,8210,7352,245,613,950,1000,1.1563156992197037,1.074548174937566,0.373305025845256,5.245490074157715
12,2,10,23,2560,1,8210,7352,245,613,875,1000,1.0927714109420776,0.9678482611974081,0.277341454744742,4.730947971343994
12,2,10,37,2560,1,8210,7352,245,613,975,1000,1.1285344362258911,1.1046213209629059,0.32901719673419283,5.287410259246826
12,2,12,11,2560,1,8210,7352,245,613,950,1000,0.910985141992569,1.0367838740348816,0.22783761374085726,5.1186652183532715
12,2,12,23,2560,1,8210,7352,245,613,1000,1000,0.8832510709762573,0.8965243895848592,0.24296032933801145,4.975971221923828
12,2,12,37,2560,1,8210,7352,245,613,900,1000,0.8366081714630127,0.979852169752121,0.20261110549763345,4.692896366119385
12,3,7,11,2560,1,8210,7352,245,613,925,1000,0.8836937248706818,0.7723377123475075,0.360076282065862,3.508971691131592
12,3,7,23,2560,1,8210,7352,245,613,775,1000,0.7333269044756889,0.6928372358282407,0.37173560610703704,3.1085288524627686
12,3,7,37,2560,1,8210,7352,245,613,900,1000,0.7854702472686768,0.6973145504792532,0.32401838242424547,3.4102835655212402
12,3,11,11,2560,1,8210,7352,245,613,950,1000,0.8608080074191093,0.3718019872903824,0.43970028983748327,3.4827442169189453
12,3,11,23,2560,1,8210,7352,245,613,1000,1000,0.8191264867782593,0.6619617889324824,0.42876672403136756,3.744856119155884
12,3,11,37,2560,1,8210,7352,245,613,1000,1000,0.8631621599197388,0.2285705010096232,1.2864264196645898,4.000593662261963
12,3,13,11,2560,1,8210,7352,245,613,750,1000,0.7343386858701706,0.7103803555170695,0.24239419963201958,2.3519694805145264
12,3,13,23,2560,1,8210,7352,245,613,1000,1000,0.8383681774139404,0.7844231128692627,0.2820024327252184,3.183778762817383
12,3,13,37,2560,1,8210,7352,245,613,950,1000,0.8829083144664764,0.8153048058350881,0.25973060542711895,3.0237646102905273
12,3,14,11,2560,1,8210,7352,245,613,975,1000,0.9196611642837524,0.9111302743355433,0.3590187711990495,4.931555271148682
12,3,14,23,2560,1,8210,7352,245,613,1000,1000,1.0259419679641724,1.0552977323532104,0.402507807205159,5.731489181518555
12,3,14,37,2560,1,8210,7352,245,613,1000,1000,0.957852840423584,0.9884261091550192,0.3889924025506821,5.228938102722168
12,4,15,11,2560,1,8210,7352,245,613,950,1000,0.8414666950702667,-0.4624570608139038,1.0852362871483745,4.35750150680542
12,4,15,23,2560,1,8210,7352,245,613,675,925,0.7188274264335632,0.5819557349508008,0.3107480154878696,3.2785866260528564
12,4,15,37,2560,1,8210,7352,245,613,975,1000,0.8711823523044586,0.7463096429904302,0.31213466270921514,4.099930286407471
13,1,1,11,2560,1,8210,7352,245,613,950,1000,0.8092527389526367,0.8681979576746622,0.38194158992647337,2.8749563694000244
13,1,1,23,2560,1,8210,7352,245,613,650,900,0.6729487925767899,0.6557610332965851,0.3754048486104632,2.0550384521484375
13,1,1,37,2560,1,8210,7352,245,613,875,1000,0.7151691913604736,0.7574899593989054,0.35430023408233624,2.6441116333007812
13,1,2,11,2560,1,8210,7352,245,613,900,1000,1.2825487852096558,1.109262506167094,0.36137711975266995,5.861630916595459
13,1,2,23,2560,1,8210,7352,245,613,900,1000,1.2381107807159424,1.0057745277881622,0.4291449143292557,6.145354747772217
13,1,2,37,2560,1,8210,7352,245,613,975,1000,1.3735705614089966,1.176533301671346,0.4250071998095451,7.015699863433838
13,1,4,11,2560,1,8210,7352,245,613,1000,1000,1.0524051189422607,1.062243143717448,0.2378462131990327,4.928349494934082
13,1,4,23,2560,1,8210,7352,245,613,650,900,0.9094937741756439,0.8493048747380575,0.20725784538538197,2.992389678955078
13,1,4,37,2560,1,8210,7352,245,613,950,1000,1.1435016244649887,1.137966275215149,0.20101527655334184,4.687031269073486
13,1,8,11,2560,1,8210,7352,245,613,925,1000,1.0114461034536362,0.9154156446456909,0.2533757831761285,4.170083045959473
13,1,8,23,2560,1,8210,7352,245,613,1000,1000,1.121372103691101,1.1312212745348613,0.1771798498129207,4.989286422729492
13,1,8,37,2560,1,8210,7352,245,613,975,1000,0.9993033409118652,0.9272284110387167,0.28273670286426894,4.407445907592773
13,2,3,11,2560,1,8210,7352,245,613,1000,1000,0.9110847860574722,0.7510263919830322,0.49476710391080203,3.855724573135376
13,2,3,23,2560,1,8210,7352,245,613,725,975,0.8600366413593292,0.6319438268740972,0.5258418285042408,3.221665620803833
13,2,3,37,2560,1,8210,7352,245,613,900,1000,0.8438447415828705,0.8267440398534139,0.3821575416372741,3.920159339904785
13,2,5,11,2560,1,8210,7352,245,613,950,1000,0.8224958181381226,0.7766047318776449,0.35028064937394127,2.970592975616455
13,2,5,23,2560,1,8210,7352,245,613,1000,1000,0.7052414454519749,0.6879546344280243,0.34547964806070497,2.916294574737549
13,2,5,37,2560,1,8210,7352,245,613,950,1000,0.7099514007568359,0.7397705217202505,0.3430686716892299,2.7716429233551025
13,2,6,11,2560,1,8210,7352,245,613,1000,1000,1.1926482915878296,0.9040625542402267,0.4018458318097403,5.366227626800537
13,2,6,23,2560,1,8210,7352,245,613,1000,1000,1.1585358381271362,0.945394883553187,0.4291188441306708,5.853444576263428
13,2,6,37,2560,1,8210,7352,245,613,950,1000,1.2230167537927628,1.0398013790448506,0.40717923762242425,5.442440986633301
13,2,9,11,2560,1,8210,7352,245,613,725,975,0.7495516464114189,0.796000083287557,0.2467760467684109,2.818216562271118
13,2,9,23,2560,1,8210,7352,245,613,950,1000,0.7325304746627808,0.7198161284128824,0.2590967696698497,3.4951038360595703
13,2,9,37,2560,1,8210,7352,245,613,850,1000,0.7401785850524902,0.6744478146235148,0.2526370644011396,2.8717288970947266
13,2,10,11,2560,1,8210,7352,245,613,925,1000,1.1065911129117012,0.919870063662529,0.3081985981450754,4.797309875488281
13,2,10,23,2560,1,8210,7352,245,613,925,1000,1.1142972707748413,0.9629029780626297,0.347436767578359,5.240772247314453
13,2,10,37,2560,1,8210,7352,245,613,825,1000,1.1242769807577133,0.9735671083132426,0.35789082086873497,4.600862503051758
13,2,12,11,2560,1,8210,7352,245,613,1000,1000,0.8035663366317749,0.8957028388977051,0.18893309973039168,4.868508338928223
13,2,12,23,2560,1,8210,7352,245,613,850,1000,0.8880413770675659,0.9833525617917379,0.2520298096739159,4.736888885498047
13,2,12,37,2560,1,8210,7352,245,613,850,1000,0.8852857351303101,0.9666155775388082,0.20368802479862871,4.154523849487305
13,3,7,11,2560,1,8210,7352,245,613,975,1000,0.8397843763232231,0.6869478623072306,0.5082240924587248,3.9931480884552
13,3,7,23,2560,1,8210,7352,245,613,600,850,0.7197605296969414,0.5900687078634897,0.40884374429144027,2.778257131576538
13,3,7,37,2560,1,8210,7352,245,613,550,800,0.6937640905380249,0.3803299864133199,0.6510963210483034,2.5720694065093994
13,3,11,11,2560,1,8210,7352,245,613,925,1000,0.8230975791811943,0.5316292742888132,0.5856481478613469,3.423733949661255
13,3,11,23,2560,1,8210,7352,245,613,950,1000,0.832867506891489,0.6043011049429575,0.5398160687402649,3.329681396484375
13,3,11,37,2560,1,8210,7352,245,613,850,1000,0.8509235382080078,0.7628507614135742,0.3170908362104781,3.752873420715332
13,3,13,11,2560,1,8210,7352,245,613,925,1000,0.812293216586113,0.7902756532033285,0.301767151539419,2.934436798095703
13,3,13,23,2560,1,8210,7352,245,613,875,1000,0.8243780061602592,0.8493907898664474,0.2750767102543684,2.999164581298828
13,3,13,37,2560,1,8210,7352,245,613,950,1000,0.7990789413452148,0.7981055974960327,0.2760343860825094,2.993931293487549
13,3,14,11,2560,1,8210,7352,245,613,875,1000,0.9266701862215996,0.922914539774259,0.29992270730877435,4.664159774780273
13,3,14,23,2560,1,8210,7352,245,613,950,1000,0.9722601473331451,0.9446644832690557,0.33044330377534664,4.860141277313232
13,3,14,37,2560,1,8210,7352,245,613,1000,1000,0.9768594801425934,0.9178155263264974,0.3513705345436226,5.078285217285156
13,4,15,11,2560,1,8210,7352,245,613,900,1000,0.839362695813179,0.5817785660425822,0.5717919638712983,4.188612937927246
13,4,15,23,2560,1,8210,7352,245,613,600,850,0.6685464456677437,0.5962781483928362,0.2847070537084871,2.826690196990967
13,4,15,37,2560,1,8210,7352,245,613,975,1000,0.85495725274086,0.7647060106197993,0.32123469902442847,4.348740577697754
14,1,1,11,2560,1,8210,7352,245,613,1000,1000,0.7649122476577759,0.8041866223017374,0.371012189927275,2.91206693649292
14,1,1,23,2560,1,8210,7352,245,613,875,1000,0.8164399117231369,0.8349525531133016,0.3930902347834671,2.8350205421447754
14,1,1,37,2560,1,8210,7352,245,613,575,825,0.5255675315856934,0.5912863810857137,0.3269924931242962,1.8314493894577026
14,1,2,11,2560,1,8210,7352,245,613,1000,1000,1.2524539232254028,1.0573160250981648,0.365566413987096,5.7006683349609375
14,1,2,23,2560,1,8210,7352,245,613,850,1000,1.2973896265029907,1.1001884539922078,0.3975774268887754,6.318121433258057
14,1,2,37,2560,1,8210,7352,245,613,975,1000,1.3188230991363525,1.070845325787862,0.40865878244878096,5.856070518493652
14,1,4,11,2560,1,8210,7352,245,613,925,1000,1.1001086235046387,0.9917508761088053,0.20286899752842363,4.296316146850586
14,1,4,23,2560,1,8210,7352,245,613,875,1000,1.0825543701648712,1.0722057422002156,0.19407841047465058,4.343861103057861
14,1,4,37,2560,1,8210,7352,245,613,850,1000,1.082898497581482,1.1128634214401245,0.21671728012613273,4.457854747772217
14,1,8,11,2560,1,8210,7352,245,613,925,1000,0.9836649894714355,1.0851327180862427,0.24668576771907486,4.732344627380371
14,1,8,23,2560,1,8210,7352,245,613,900,1000,1.067713513970375,1.0262294908364613,0.19315239956536914,4.696934223175049
14,1,8,37,2560,1,8210,7352,245,613,1000,1000,1.1028321981430054,1.0148965120315552,0.21183491521980932,4.615849494934082
14,2,3,11,2560,1,8210,7352,245,613,975,1000,0.8668062761425972,0.839911495645841,0.37904060724142946,4.011077404022217
14,2,3,23,2560,1,8210,7352,245,613,725,975,0.863198883831501,0.6706535766522089,0.37366756071790164,3.2689037322998047
14,2,3,37,2560,1,8210,7352,245,613,875,1000,0.8383439481258392,0.7716270685195923,0.4072036311671517,3.7658298015594482
14,2,5,11,2560,1,8210,7352,245,613,925,1000,0.749398946762085,0.6959618230660757,0.37959625362210797,2.9186038970947266
14,2,5,23,2560,1,8210,7352,245,613,875,1000,0.7362019568681717,0.7527581850687662,0.34096132182345784,2.844517230987549
14,2,5,37,2560,1,8210,7352,245,613,575,825,0.5259884744882584,0.5225941489140192,0.26004789456803395,1.786061406135559
14,2,6,11,2560,1,8210,7352,245,613,925,1000,1.1207054927945137,0.8110542297363281,0.38354439113673594,5.048163414001465
14,2,6,23,2560,1,8210,7352,245,613,925,1000,1.1814080476760864,0.9576619118452072,0.3879450737564137,5.496779441833496
14,2,6,37,2560,1,8210,7352,245,613,950,1000,1.129938468337059,0.8612121244271597,0.3910355876290214,5.406829833984375
14,2,9,11,2560,1,8210,7352,245,613,800,1000,0.7964952886104584,0.7701326211293539,0.25380557577186197,3.0313620567321777
14,2,9,23,2560,1,8210,7352,245,613,800,1000,0.7677044868469238,0.7541625996430715,0.2545805962292949,2.903071403503418
14,2,9,37,2560,1,8210,7352,245,613,850,1000,0.8174789249897003,0.8021945158640543,0.27801473599004245,3.1933484077453613
14,2,10,11,2560,1,8210,7352,245,613,750,1000,1.061340682208538,0.72215003768603,0.456875884670971,4.054398059844971
14,2,10,23,2560,1,8210,7352,245,613,925,1000,1.1063983291387558,0.9028301189343134,0.3861696164838426,5.366944313049316
14,2,10,37,2560,1,8210,7352,245,613,925,1000,1.1226254850625992,1.1110007762908936,0.353137050710574,5.126692295074463
14,2,12,11,2560,1,8210,7352,245,613,950,1000,0.8933834731578827,1.1056416134039562,0.21426401807075687,4.749494552612305
14,2,12,23,2560,1,8210,7352,245,613,850,1000,0.8788827583193779,1.0321044127146404,0.23066250492827875,4.324994087219238
14,2,12,37,2560,1,8210,7352,245,613,875,1000,0.916280061006546,1.0209429860115051,0.17295769684950485,4.56719970703125
14,3,7,11,2560,1,8210,7352,245,613,975,1000,0.7712910175323486,0.6877598365147909,0.46304552931499754,3.6978375911712646
14,3,7,23,2560,1,8210,7352,245,613,975,1000,0.8232051059603691,0.5342202484607697,0.7082038632452996,3.768333911895752
14,3,7,37,2560,1,8210,7352,245,613,550,800,0.7046454399824142,0.5727391242980957,0.5019420368242541,2.750478982925415
14,3,11,11,2560,1,8210,7352,245,613,925,1000,0.7919414043426514,0.41014210134744644,0.6847658448950648,3.6404616832733154
14,3,11,23,2560,1,8210,7352,245,613,850,1000,0.7622503042221069,0.6759646385908127,0.39930271084003033,3.3555190563201904
14,3,11,37,2560,1,8210,7352,245,613,875,1000,0.8370428085327148,0.6879417498906454,0.5082553774379146,3.7127203941345215
14,3,13,11,2560,1,8210,7352,245,613,875,1000,0.7541214153170586,0.7189822196960449,0.2649378683759722,2.579035758972168
14,3,13,23,2560,1,8210,7352,245,613,750,1000,0.8852356374263763,0.7300522724787394,0.24548440428383675,2.4894657135009766
14,3,13,37,2560,1,8210,7352,245,613,875,1000,0.8232172280550003,0.7245987753073374,0.28526589959217646,2.6018989086151123
14,3,14,11,2560,1,8210,7352,245,613,1000,1000,1.0593887865543365,1.0230802297592163,0.3910634904238125,5.3929314613342285
14,3,14,23,2560,1,8210,7352,245,613,1000,1000,0.9859014824032784,0.9832856704791387,0.3183607766135791,5.310710430145264
14,3,14,37,2560,1,8210,7352,245,613,975,1000,1.014322280883789,0.9420577983061472,0.37506257981768804,5.208526134490967
14,4,15,11,2560,1,8210,7352,245,613,900,1000,0.8242044001817703,0.7336885084708532,0.36983095140935107,4.330541610717773
14,4,15,23,2560,1,8210,7352,245,613,875,1000,0.802270770072937,0.7210371866822243,0.34257267645627304,3.886565685272217
14,4,15,37,2560,1,8210,7352,245,613,975,1000,0.9275707006454468,0.7913565337657928,0.32163231993705643,4.303679466247559
15,1,1,11,2560,1,8210,7352,245,613,450,700,0.5390950441360474,0.550744871298472,0.28439265170478617,1.431099534034729
15,1,1,23,2560,1,8210,7352,245,613,925,1000,0.7312936335802078,0.7905621528625488,0.39007242177738366,2.8649063110351562
15,1,1,37,2560,1,8210,7352,245,613,625,875,0.587939903140068,0.6057624419530233,0.47131791161942854,1.911704659461975
15,1,2,11,2560,1,8210,7352,245,613,975,1000,1.177357792854309,0.9771537979443868,0.38019109285288605,6.351776599884033
15,1,2,23,2560,1,8210,7352,245,613,875,1000,1.1663234233856201,1.0857998132705688,0.3795850078038368,6.109677314758301
15,1,2,37,2560,1,8210,7352,245,613,975,1000,1.2478766441345215,1.0302051107088726,0.395863623253657,6.316379070281982
15,1,4,11,2560,1,8210,7352,245,613,1000,1000,1.1006933450698853,1.1034481128056843,0.20725750124478107,4.704033374786377
15,1,4,23,2560,1,8210,7352,245,613,1000,1000,1.1477731615304947,1.133950670560201,0.19060174180005637,4.805354118347168
15,1,4,37,2560,1,8210,7352,245,613,900,1000,1.0634999424219131,0.9306188722451528,0.18536093815788776,4.2259931564331055
15,1,8,11,2560,1,8210,7352,245,613,975,1000,1.0246697515249252,1.025502363840739,0.1982804196398957,4.6079487800598145
15,1,8,23,2560,1,8210,7352,245,613,625,875,0.9326467514038086,0.9305720726648966,0.16939419331219327,3.2009434700012207
15,1,8,37,2560,1,8210,7352,245,613,1000,1000,1.0797195434570312,1.0118540128072102,0.2665006379845507,4.573075294494629
15,2,3,11,2560,1,8210,7352,245,613,900,1000,0.8241097629070282,0.6161128679911295,0.6068623760421602,3.8815858364105225
15,2,3,23,2560,1,8210,7352,245,613,850,1000,0.8403913974761963,0.7369861602783203,0.44083004855087143,3.639742851257324
15,2,3,37,2560,1,8210,7352,245,613,1000,1000,0.8411723375320435,0.857482393582662,0.3265868353168102,3.8066675662994385
15,2,5,11,2560,1,8210,7352,245,613,800,1000,0.7126432582736015,0.6705015202363332,0.3200008325726947,2.345247745513916
15,2,5,23,2560,1,8210,7352,245,613,925,1000,0.7725883796811104,0.7277014255523682,0.3494930681841079,2.722886800765991
15,2,5,37,2560,1,8210,7352,245,613,950,1000,0.7921511679887772,0.7609197646379471,0.32834554583246034,2.7892696857452393
15,2,6,11,2560,1,8210,7352,245,613,1000,1000,1.181957483291626,0.9103418240944544,0.4249183540096694,5.718916893005371
15,2,6,23,2560,1,8210,7352,245,613,950,1000,1.1288033872842789,0.9481974095106125,0.3827721601362645,5.312189102172852
15,2,6,37,2560,1,8210,7352,245,613,975,1000,1.057572141289711,0.9397866229216257,0.4203496399380089,5.234432220458984
15,2,9,11,2560,1,8210,7352,245,613,950,1000,0.7391835600137711,0.802485778927803,0.317414990348129,3.2369799613952637
15,2,9,23,2560,1,8210,7352,245,613,975,1000,0.7563113868236542,0.7854949285586675,0.22021755641229718,3.3561604022979736
15,2,9,37,2560,1,8210,7352,245,613,925,1000,0.8073885440826416,0.8206367492675781,0.2602135478084017,3.4815752506256104
15,2,10,11,2560,1,8210,7352,245,613,1000,1000,1.2224439531564713,1.1223800083001454,0.3141032914827493,5.774582862854004
15,2,10,23,2560,1,8210,7352,245,613,800,1000,1.0745807886123657,0.9911315441131592,0.31656071055888446,4.63899564743042
15,2,10,37,2560,1,8210,7352,245,613,875,1000,1.069091334939003,0.8654721180597941,0.2773525801982144,4.599759578704834
15,2,12,11,2560,1,8210,7352,245,613,975,1000,0.8186903595924377,1.001888632774353,0.2268095522586888,4.681213855743408
15,2,12,23,2560,1,8210,7352,245,613,850,1000,0.8762029483914375,0.9877574145793915,0.20924823216941965,4.529919147491455
15,2,12,37,2560,1,8210,7352,245,613,875,1000,0.8738991320133209,0.9953924020131429,0.16270630230976077,4.392849922180176
15,3,7,11,2560,1,8210,7352,245,613,900,1000,0.7941899225115776,0.727081261575222,0.407850712640342,3.487731456756592
15,3,7,23,2560,1,8210,7352,245,613,775,1000,0.8038247898221016,0.7373585750659307,0.386456162097055,3.3964712619781494
15,3,7,37,2560,1,8210,7352,245,613,925,1000,0.7806719541549683,0.7278556823730469,0.3746507231825638,3.7329862117767334
15,3,11,11,2560,1,8210,7352,245,613,875,1000,0.8265990763902664,0.6287819196780523,0.3388380831805415,3.4008939266204834
15,3,11,23,2560,1,8210,7352,245,613,800,1000,0.7150601074099541,0.7004369695981344,0.26517571436360965,3.2136752605438232
15,3,11,37,2560,1,8210,7352,245,613,900,1000,0.8579848557710648,0.6536092360814413,0.5817763516928058,3.8555502891540527
15,3,13,11,2560,1,8210,7352,245,613,725,975,0.7592535093426704,0.7379196137189865,0.2605322506678605,2.367483139038086
15,3,13,23,2560,1,8210,7352,245,613,875,1000,0.7818209826946259,0.7846189687649409,0.2519807277862276,2.761147975921631
15,3,13,37,2560,1,8210,7352,245,613,600,850,0.6550884246826172,0.5586241732041041,0.2648377249805356,1.9594089984893799
15,3,14,11,2560,1,8210,7352,245,613,975,1000,0.9931083992123604,0.9735025614500046,0.34254537688952785,4.955459117889404
15,3,14,23,2560,1,8210,7352,245,613,875,1000,0.9768623113632202,0.9078898827234904,0.3239923014694414,4.888782501220703
15,3,14,37,2560,1,8210,7352,245,613,1000,1000,0.9600542783737183,0.9647251764933268,0.3357309530305833,5.437379360198975
15,4,15,11,2560,1,8210,7352,245,613,1000,1000,0.8137664794921875,0.1792009969552358,0.7670970189317994,4.085328102111816
15,4,15,23,2560,1,8210,7352,245,613,1000,1000,0.8439954444766045,0.7377384006977081,0.37614048139066336,4.4324846267700195
15,4,15,37,2560,1,8210,7352,245,613,975,1000,0.8005151674151421,0.7341105143229166,0.5164801284652284,4.401093482971191
16,1,1,11,2560,1,8210,7352,245,613,950,1000,0.7840332984924316,0.8640719652175903,0.4363309480837756,2.749484062194824
16,1,1,23,2560,1,8210,7352,245,613,1000,1000,0.7758874818682671,0.8060927788416544,0.33508740770343104,2.6396498680114746
16,1,1,37,2560,1,8210,7352,245,613,650,900,0.629637598991394,0.6604090134302775,0.34370627418807514,1.916422963142395
16,1,2,11,2560,1,8210,7352,245,613,875,1000,1.1502724885940552,0.982297937075297,0.34075144709898214,5.311944007873535
16,1,2,23,2560,1,8210,7352,245,613,1000,1000,1.301961898803711,1.1962247689565022,0.4185701754437764,6.762068748474121
16,1,2,37,2560,1,8210,7352,245,613,850,1000,1.2059816122055054,1.0300770203272502,0.39972667703537923,5.199331283569336
16,1,4,11,2560,1,8210,7352,245,613,875,1000,1.101404294371605,1.060616175333659,0.23251797357372972,4.136880874633789
16,1,4,23,2560,1,8210,7352,245,613,900,1000,1.072334185242653,1.1475119590759277,0.220393563046188,4.317140102386475
16,1,4,37,2560,1,8210,7352,245,613,1000,1000,1.302858829498291,1.1919780174891155,0.24801494061257023,5.293944835662842
16,1,8,11,2560,1,8210,7352,245,613,850,1000,1.130768895149231,1.0352476040522258,0.22417649739886497,4.217973709106445
16,1,8,23,2560,1,8210,7352,245,613,1000,1000,1.2008620500564575,1.1648072401682537,0.21355590408955452,5.30738639831543
16,1,8,37,2560,1,8210,7352,245,613,950,1000,1.0527247190475464,1.029136300086975,0.32042390524477715,4.553908348083496
16,2,3,11,2560,1,8210,7352,245,613,975,1000,0.8436677753925323,0.7938555479049683,0.42486937958660154,4.1476874351501465
16,2,3,23,2560,1,8210,7352,245,613,725,975,0.876327745616436,0.608647033572197,0.6434721930168371,3.275416612625122
16,2,3,37,2560,1,8210,7352,245,613,900,1000,0.8935931026935577,0.8322081565856934,0.37138304461303767,3.9294912815093994
16,2,5,11,2560,1,8210,7352,245,613,950,1000,0.7277376651763916,0.6975571314493815,0.30697912608842176,2.5022308826446533
16,2,5,23,2560,1,8210,7352,245,613,925,1000,0.7249063700437546,0.7582757771015167,0.35565913493631035,2.713547945022583
16,2,5,37,2560,1,8210,7352,245,613,950,1000,0.7214046716690063,0.7177938918272654,0.32519892776009135,2.669210433959961
16,2,6,11,2560,1,8210,7352,245,613,775,1000,1.0317329168319702,0.8621698518594106,0.3975024400337965,4.425601959228516
16,2,6,23,2560,1,8210,7352,245,613,925,1000,1.0901145935058594,0.9136152863502502,0.3625192748646636,4.987811088562012
16,2,6,37,2560,1,8210,7352,245,613,975,1000,1.1102503389120102,0.9852792024612427,0.4060738687034405,5.536494255065918
16,2,9,11,2560,1,8210,7352,245,613,875,1000,0.7567251920700073,0.8041850328445435,0.2651401824773562,3.119353771209717
16,2,9,23,2560,1,8210,7352,245,613,1000,1000,0.7584013938903809,0.8548744966586431,0.24266620810535344,3.4635753631591797
16,2,9,37,2560,1,8210,7352,245,613,900,1000,0.7615488320589066,0.8108555475870768,0.2523495252230839,3.2826638221740723
16,2,10,11,2560,1,8210,7352,245,613,750,1000,1.0525754690170288,0.6194464415311813,0.8178010637153011,4.167839527130127
16,2,10,23,2560,1,8210,7352,245,613,975,1000,1.1236203908920288,1.0315928558508556,0.3389215472649808,5.398739814758301
16,2,10,37,2560,1,8210,7352,245,613,875,1000,1.0480210781097412,0.8580470482508341,0.3133900517643374,4.392002582550049
16,2,12,11,2560,1,8210,7352,245,613,925,1000,0.8517794609069824,0.9076490799585978,0.14062998139841995,4.842979907989502
16,2,12,23,2560,1,8210,7352,245,613,750,1000,0.8498290777206421,0.886485775311788,0.21071990194465587,3.9211301803588867
16,2,12,37,2560,1,8210,7352,245,613,900,1000,0.911590576171875,1.0638018449147542,0.1459412543867248,4.679013729095459
16,3,7,11,2560,1,8210,7352,245,613,975,1000,0.7729282304644585,0.6400919308265051,0.5054916144140097,3.5925474166870117
16,3,7,23,2560,1,8210,7352,245,613,775,1000,0.7913849353790283,0.6507248878479004,0.41088818778231584,3.197596788406372
16,3,7,37,2560,1,8210,7352,245,613,975,1000,0.7777608186006546,0.7329207559426626,0.38814392087029836,3.840961217880249
16,3,11,11,2560,1,8210,7352,245,613,925,1000,0.7822977304458618,0.4678955127795537,0.6252008515372787,3.6774425506591797
16,3,11,23,2560,1,8210,7352,245,613,975,1000,0.8046263009309769,0.6572892218828201,0.34664113368920757,3.4235188961029053
16,3,11,37,2560,1,8210,7352,245,613,1000,1000,0.8233739137649536,0.6675103803475698,0.40998184426045414,3.9049596786499023
16,3,13,11,2560,1,8210,7352,245,613,775,1000,0.7872855588793755,0.7279175072908401,0.2723893076949115,2.5782740116119385
16,3,13,23,2560,1,8210,7352,245,613,1000,1000,0.8930138424038887,0.7683932383855184,0.26770159648225456,3.2519803047180176
16,3,13,37,2560,1,8210,7352,245,613,925,1000,0.8157352656126022,0.7270798683166504,0.26898230055076067,2.6970977783203125
16,3,14,11,2560,1,8210,7352,245,613,1000,1000,0.9421377256512642,0.9308402190605799,0.43208910809046897,5.063636302947998
16,3,14,23,2560,1,8210,7352,245,613,950,1000,0.9369194433093071,0.9012567649284998,0.33181882455302125,4.955857753753662
16,3,14,37,2560,1,8210,7352,245,613,1000,1000,0.9809942543506622,0.9367713729540507,0.3322226872277206,5.280221462249756
16,4,15,11,2560,1,8210,7352,245,613,975,1000,0.7995469495654106,0.22799368699391684,1.068352216537708,4.399543285369873
16,4,15,23,2560,1,8210,7352,245,613,1000,1000,0.7354489266872406,0.7793411463499069,0.32427010692437264,4.435608863830566
16,4,15,37,2560,1,8210,7352,245,613,975,1000,0.7707720920443535,0.6044295330842336,0.3792942537395319,4.032888412475586
17,1,1,11,2560,1,8210,7352,245,613,1000,1000,0.7623227387666702,0.8552526235580444,0.4238162660886858,2.7412002086639404
17,1,1,23,2560,1,8210,7352,245,613,650,900,0.6485794708132744,0.6579048732916514,0.33446796657759853,1.8648325204849243
17,1,1,37,2560,1,8210,7352,245,613,1000,1000,0.7962323427200317,0.7693585157394409,0.44764032848065594,2.9080288410186768
17,1,2,11,2560,1,8210,7352,245,613,850,1000,1.088744044303894,0.939155101776123,0.36753857298462506,5.505262851715088
17,1,2,23,2560,1,8210,7352,245,613,1000,1000,1.1903490871191025,1.073342760403951,0.402953054449642,6.039681434631348
17,1,2,37,2560,1,8210,7352,245,613,1000,1000,1.2191534042358398,1.0912017822265625,0.44503670110699367,5.687514781951904
17,1,4,11,2560,1,8210,7352,245,613,875,1000,1.082448735833168,0.982174019018809,0.22858114889651548,3.8975579738616943
17,1,4,23,2560,1,8210,7352,245,613,950,1000,1.1570144891738892,1.1805762350559235,0.21047395173805422,4.457324981689453
17,1,4,37,2560,1,8210,7352,245,613,900,1000,1.1361661106348038,1.1531314452489216,0.22801676788947625,4.4807000160217285
17,1,8,11,2560,1,8210,7352,245,613,850,1000,1.038118600845337,0.9629232088724772,0.2567601161540016,3.8844552040100098
17,1,8,23,2560,1,8210,7352,245,613,875,1000,1.0726584196090698,1.058022141456604,0.221689315719045,4.611043930053711
17,1,8,37,2560,1,8210,7352,245,613,725,975,0.976677417755127,0.9660112460454305,0.27410812964147296,3.5506577491760254
17,2,3,11,2560,1,8210,7352,245,613,975,1000,0.7852077484130859,0.6956410805384318,0.31230827907864234,3.5018434524536133
17,2,3,23,2560,1,8210,7352,245,613,850,1000,0.837285153567791,0.7671028772989908,0.36909348437488787,3.3069589138031006
17,2,3,37,2560,1,8210,7352,245,613,1000,1000,0.8256864547729492,0.7766927083333334,0.3267313372337099,3.590895652770996
17,2,5,11,2560,1,8210,7352,245,613,750,1000,0.6213259696960449,0.5649008924762408,0.21918367118318743,2.195551872253418
17,2,5,23,2560,1,8210,7352,245,613,1000,1000,0.757580041885376,0.787670448422432,0.3290638704846954,2.692241668701172
17,2,5,37,2560,1,8210,7352,245,613,1000,1000,0.7813963443040848,0.7075012524922689,0.24708830758520334,2.7474656105041504
17,2,6,11,2560,1,8210,7352,245,613,950,1000,1.0680604130029678,0.9453776379426321,0.4269920566777952,5.1124677658081055
17,2,6,23,2560,1,8210,7352,245,613,975,1000,1.1243340969085693,0.8052596934139729,0.4138223849482801,5.388026714324951
17,2,6,37,2560,1,8210,7352,245,613,700,950,1.0339909940958023,0.7938241461912791,0.3769225615974477,3.7963528633117676
17,2,9,11,2560,1,8210,7352,245,613,975,1000,0.7225186675786972,0.8752865840991338,0.2781983839972636,3.238212823867798
17,2,9,23,2560,1,8210,7352,245,613,975,1000,0.870335578918457,0.874847412109375,0.22192956915609502,3.578542470932007
17,2,9,37,2560,1,8210,7352,245,613,925,1000,0.7617315500974655,0.7531678378582001,0.28764286204514267,3.3527750968933105
17,2,10,11,2560,1,8210,7352,245,613,450,700,0.8451816141605377,0.7313524583975474,0.24348335376299413,2.5269367694854736
17,2,10,23,2560,1,8210,7352,245,613,925,1000,1.1325145810842514,1.0357081890106201,0.33720662435394955,4.879829406738281
17,2,10,37,2560,1,8210,7352,245,613,775,1000,1.0567890405654907,0.8722734053929647,0.2854639060439399,4.31939172744751
17,2,12,11,2560,1,8210,7352,245,613,950,1000,0.9316739961504936,1.0359633167584736,0.2598901784211902,5.014108657836914
17,2,12,23,2560,1,8210,7352,245,613,900,1000,0.8252589702606201,0.9232405424118042,0.178365487419866,4.429925918579102
17,2,12,37,2560,1,8210,7352,245,613,800,1000,0.9124158918857574,1.0210235913594563,0.19504917518475,4.197854042053223
17,3,7,11,2560,1,8210,7352,245,613,975,1000,0.7584509775042534,0.5312331269184748,0.5172293283291542,3.4779014587402344
17,3,7,23,2560,1,8210,7352,245,613,825,1000,0.7207517698407173,0.6376089652379354,0.3453337923354098,3.187312602996826
17,3,7,37,2560,1,8210,7352,245,613,900,1000,0.7655749395489693,0.6942723939816157,0.3318452102551276,3.3571794033050537
17,3,11,11,2560,1,8210,7352,245,613,975,1000,0.7602225616574287,0.5140252610047659,0.5279909193254035,3.6440765857696533
17,3,11,23,2560,1,8210,7352,245,613,925,1000,0.8434706032276154,0.5864517490069071,0.35993572052813794,3.4448089599609375
17,3,11,37,2560,1,8210,7352,245,613,900,1000,0.8926981687545776,0.34442516167958576,1.173113084638942,3.7635509967803955
17,3,13,11,2560,1,8210,7352,245,613,1000,1000,0.7883207052946091,0.6444037755330404,0.2221664567829813,2.7600438594818115
17,3,13,23,2560,1,8210,7352,245,613,850,1000,0.83253014087677,0.770190159479777,0.2928811539502786,2.708418369293213
17,3,13,37,2560,1,8210,7352,245,613,1000,1000,0.8201269656419754,0.734238381187121,0.290929131041523,3.0832459926605225
17,3,14,11,2560,1,8210,7352,245,613,975,1000,0.8661181852221489,0.8458639731009802,0.347439771966412,4.95864200592041
17,3,14,23,2560,1,8210,7352,245,613,975,1000,0.9574315622448921,0.98184767862161,0.37373759634469494,5.5162353515625
17,3,14,37,2560,1,8210,7352,245,613,1000,1000,0.9128469079732895,0.8175036509831747,0.3346119143271821,5.029359340667725
17,4,15,11,2560,1,8210,7352,245,613,850,1000,0.8168243244290352,0.6776308963696162,0.33309669920112805,3.556751012802124
17,4,15,23,2560,1,8210,7352,245,613,1000,1000,0.8286909610033035,0.7153426359097163,0.34323130254041284,4.401690483093262
17,4,15,37,2560,1,8210,7352,245,613,975,1000,0.7846554219722748,0.7016427914301554,0.36724264584026045,3.9617671966552734
18,1,1,11,2560,1,8210,7352,245,613,850,1000,0.692855641245842,0.7329538265864054,0.36912204773687357,2.3535971641540527
18,1,1,23,2560,1,8210,7352,245,613,975,1000,0.7143921852111816,0.7246870299180349,0.4319283119002431,2.406256914138794
18,1,1,37,2560,1,8210,7352,245,613,800,1000,0.6443952769041061,0.6636465887228647,0.3445223801148299,2.071449041366577
18,1,2,11,2560,1,8210,7352,245,613,950,1000,1.21816885471344,1.055065393447876,0.3772308289799345,5.514139175415039
18,1,2,23,2560,1,8210,7352,245,613,975,1000,1.2137397527694702,0.974683423837026,0.3962993078285955,6.172016620635986
18,1,2,37,2560,1,8210,7352,245,613,875,1000,1.143086776137352,0.9710721572240194,0.39841269382430294,5.092470169067383
18,1,4,11,2560,1,8210,7352,245,613,950,1000,1.017471194267273,0.9407932360967001,0.23366017430639632,4.307053089141846
18,1,4,23,2560,1,8210,7352,245,613,850,1000,1.1498640775680542,1.0761864085992177,0.23580365558866875,4.351041316986084
18,1,4,37,2560,1,8210,7352,245,613,1000,1000,1.258588194847107,1.080071598291397,0.2190950605269356,4.855499744415283
18,1,8,11,2560,1,8210,7352,245,613,900,1000,0.9933077096939087,1.0653889973958333,0.23121269932871516,4.264922142028809
18,1,8,23,2560,1,8210,7352,245,613,1000,1000,1.0383594036102295,1.0687256654103596,0.21059066337066537,4.651664733886719
18,1,8,37,2560,1,8210,7352,245,613,575,825,0.8543409109115601,0.8258285125096639,0.14784378053099492,2.497530937194824
18,2,3,11,2560,1,8210,7352,245,613,1000,1000,0.856497123837471,0.7496422926584879,0.47449607043748293,3.688873052597046
18,2,3,23,2560,1,8210,7352,245,613,725,975,0.7789974212646484,0.5670959949493408,0.5833356249708357,3.148135185241699
18,2,3,37,2560,1,8210,7352,245,613,900,1000,0.8166824877262115,0.7674281994501749,0.3922522883743212,3.6910412311553955
18,2,5,11,2560,1,8210,7352,245,613,750,1000,0.6741800755262375,0.6720738361279169,0.2805632262881797,2.208083391189575
18,2,5,23,2560,1,8210,7352,245,613,925,1000,0.6724328994750977,0.632822185754776,0.3072753254444054,2.3378849029541016
18,2,5,37,2560,1,8210,7352,245,613,625,875,0.5775348395109177,0.5364969571431478,0.3392133850599937,1.7865631580352783
18,2,6,11,2560,1,8210,7352,245,613,1000,1000,1.1403533071279526,0.9292212054133415,0.42276687841774807,5.613770008087158
18,2,6,23,2560,1,8210,7352,245,613,800,1000,0.9866203144192696,0.701737845937411,0.35736666985274224,4.653783798217773
18,2,6,37,2560,1,8210,7352,245,613,975,1000,1.10550606995821,0.8716897467772166,0.38632832279903806,4.987295627593994
18,2,9,11,2560,1,8210,7352,245,613,725,975,0.7670876681804657,0.8083460827668508,0.244802682857187,2.6713294982910156
18,2,9,23,2560,1,8210,7352,245,613,975,1000,0.7724366188049316,0.8196630080540975,0.2705134978968117,3.3153467178344727
18,2,9,37,2560,1,8210,7352,245,613,925,1000,0.7668250799179077,0.7395398616790771,0.3084089853435502,3.051177978515625
18,2,10,11,2560,1,8210,7352,245,613,900,1000,1.1514965295791626,0.9848469495773315,0.34645434397822156,4.7010722160339355
18,2,10,23,2560,1,8210,7352,245,613,750,1000,1.0207424089312553,0.9118872781594595,0.2890591671170889,4.000256538391113
18,2,10,37,2560,1,8210,7352,245,613,975,1000,1.1281708329916,0.9920058647791544,0.32489135455938145,4.979031562805176
18,2,12,11,2560,1,8210,7352,245,613,1000,1000,0.8512605130672455,0.7950704395771027,0.19472244804515373,4.531126976013184
18,2,12,23,2560,1,8210,7352,245,613,850,1000,0.8126531839370728,1.0177274545033772,0.1876024073186493,4.1125102043151855
18,2,12,37,2560,1,8210,7352,245,613,875,1000,0.7982996106147766,0.9248068730036417,0.16500075510601805,4.380363464355469
18,3,7,11,2560,1,8210,7352,245,613,975,1000,0.7939769476652145,0.6084163983662924,0.44921535051366523,3.25119948387146
18,3,7,23,2560,1,8210,7352,245,613,825,1000,0.7021977975964546,0.6478621512651443,0.34010022728638106,3.381190299987793
18,3,7,37,2560,1,8210,7352,245,613,900,1000,0.7900141477584839,0.718636711438497,0.32886784638148486,3.2453064918518066
18,3,11,11,2560,1,8210,7352,245,613,875,1000,0.8074124604463577,0.5881742611527443,0.29402230551627045,3.425963878631592
18,3,11,23,2560,1,8210,7352,245,613,1000,1000,0.8735539838671684,0.599644253651301,0.38811090306522583,3.8400745391845703
18,3,11,37,2560,1,8210,7352,245,613,850,1000,0.8657799959182739,0.728009819984436,0.352522671022167,3.3661582469940186
18,3,13,11,2560,1,8210,7352,245,613,825,1000,0.7301877439022064,0.6647627055644989,0.3040259505836203,2.6453638076782227
18,3,13,23,2560,1,8210,7352,245,613,1000,1000,0.7538414373993874,0.6897768477598826,0.2888025252732571,2.951646327972412
18,3,13,37,2560,1,8210,7352,245,613,575,825,0.601889431476593,0.559307465950648,0.2306132409942113,1.7432937622070312
18,3,14,11,2560,1,8210,7352,245,613,975,1000,0.9269280508160591,0.8755349765221278,0.3486840333780232,4.428152561187744
18,3,14,23,2560,1,8210,7352,245,613,1000,1000,0.9124031141400337,0.947579542795817,0.35831464597448154,5.494558811187744
18,3,14,37,2560,1,8210,7352,245,613,875,1000,0.8903861045837402,0.9510059754053751,0.32239441095658616,4.501619815826416
18,4,15,11,2560,1,8210,7352,245,613,975,1000,0.9117435216903687,0.6735134124755859,0.3738331050519919,3.899738311767578
18,4,15,23,2560,1,8210,7352,245,613,900,1000,0.7920935228466988,0.6527928014596304,0.44768543922468557,3.930248498916626
18,4,15,37,2560,1,8210,7352,245,613,900,1000,0.8182119876146317,0.5379853149255117,0.2920466733932356,3.6943047046661377
19,1,1,11,2560,1,8210,7352,245,613,1000,1000,0.767231747508049,0.8355391025543213,0.4122647276777946,2.564387798309326
19,1,1,23,2560,1,8210,7352,245,613,875,1000,0.7103647738695145,0.7267975409825643,0.35695715621646373,2.352572202682495
19,1,1,37,2560,1,8210,7352,245,613,575,825,0.5498010516166687,0.5876039365927378,0.2801352195248271,1.5917160511016846
19,1,2,11,2560,1,8210,7352,245,613,800,1000,1.2049319744110107,1.0413285891215007,0.37813454872587643,5.4402008056640625
19,1,2,23,2560,1,8210,7352,245,613,550,800,1.0051013380289078,0.8373235464096069,0.3718091524007263,3.610456943511963
19,1,2,37,2560,1,8210,7352,245,613,950,1000,1.1663046926259995,0.9884625673294067,0.3574987307115672,5.593948841094971
19,1,4,11,2560,1,8210,7352,245,613,875,1000,1.010302186012268,0.9825458526611328,0.20891857813859077,3.639890670776367
19,1,4,23,2560,1,8210,7352,245,613,1000,1000,1.1722799688577652,1.0034856001536052,0.23297375500830608,4.579941749572754
19,1,4,37,2560,1,8210,7352,245,613,900,1000,1.1307315975427628,0.9806375503540039,0.2118219435495462,4.2600226402282715
19,1,8,11,2560,1,8210,7352,245,613,850,1000,1.0264874696731567,1.0024561285972595,0.23157962114439026,3.825681209564209
19,1,8,23,2560,1,8210,7352,245,613,900,1000,1.125918984413147,1.1188088953495026,0.19994748656836947,4.354560375213623
19,1,8,37,2560,1,8210,7352,245,613,1000,1000,1.050181046128273,1.066040535767873,0.23992676804478547,4.445735931396484
19,2,3,11,2560,1,8210,7352,245,613,925,1000,0.729039303958416,0.7060096263885498,0.31200300398985015,3.040539503097534
19,2,3,23,2560,1,8210,7352,245,613,700,950,0.7995866537094116,0.7225129256645838,0.3671401612159881,3.21437406539917
19,2,3,37,2560,1,8210,7352,245,613,925,1000,0.8852688372135162,0.48482127984364826,0.9029319535830805,3.63468074798584
19,2,5,11,2560,1,8210,7352,245,613,925,1000,0.7123157978057861,0.6645098527272543,0.3471693606310018,2.52864146232605
19,2,5,23,2560,1,8210,7352,245,613,775,1000,0.6172891408205032,0.5539713290830454,0.32213458309122195,2.0919957160949707
19,2,5,37,2560,1,8210,7352,245,613,975,1000,0.7610111311078072,0.7025148570537567,0.3037654035088507,2.6080188751220703
19,2,6,11,2560,1,8210,7352,245,613,1000,1000,1.144391544163227,0.8595826327800751,0.3807350274379809,5.269215106964111
19,2,6,23,2560,1,8210,7352,245,613,950,1000,1.029949314892292,0.7578541884819666,0.38299687402875315,5.04330587387085
19,2,6,37,2560,1,8210,7352,245,613,975,1000,1.088011384010315,0.848001961906751,0.4259731810791383,4.94404411315918
19,2,9,11,2560,1,8210,7352,245,613,775,1000,0.7223925590515137,0.7369331220785776,0.26721049518512185,2.6657044887542725
19,2,9,23,2560,1,8210,7352,245,613,1000,1000,0.7852187231183052,0.7610985487699509,0.2917102357046657,3.6268630027770996
19,2,9,37,2560,1,8210,7352,245,613,975,1000,0.7497097551822662,0.8310653765996298,0.29005970904271633,3.598527431488037
19,2,10,11,2560,1,8210,7352,245,613,1000,1000,1.082274079322815,1.0107972671588261,0.3223022779823815,5.490072727203369
19,2,10,23,2560,1,8210,7352,245,613,925,1000,1.1205190420150757,1.0011256337165833,0.31217502397926167,5.028515815734863
19,2,10,37,2560,1,8210,7352,245,613,1000,1000,1.0679719299077988,0.9846752484639486,0.324435607239465,5.153383255004883
19,2,12,11,2560,1,8210,7352,245,613,775,1000,0.8157895356416702,0.9105728069941202,0.18948790572522767,4.060055255889893
19,2,12,23,2560,1,8210,7352,245,613,900,1000,0.8788639307022095,1.1273731390635173,0.2240793438703372,4.819243431091309
19,2,12,37,2560,1,8210,7352,245,613,625,875,0.7324710488319397,0.8340293069680532,0.1307854548087019,3.161987066268921
19,3,7,11,2560,1,8210,7352,245,613,975,1000,0.7537704706192017,0.3244904379049937,0.7288070406296623,3.471540927886963
19,3,7,23,2560,1,8210,7352,245,613,900,1000,0.7283079624176025,0.3678549552957217,0.7681865826319095,3.1367177963256836
19,3,7,37,2560,1,8210,7352,245,613,900,1000,0.7506632804870605,0.691991776227951,0.30988049742435547,3.437924861907959
19,3,11,11,2560,1,8210,7352,245,613,750,1000,0.7998840063810349,0.5675932765007019,0.4382003379436568,3.0903656482696533
19,3,11,23,2560,1,8210,7352,245,613,925,1000,0.8526365011930466,0.5990721036990484,0.294385534908132,3.5567851066589355
19,3,11,37,2560,1,8210,7352,245,613,900,1000,0.8589220494031906,0.7038476467132568,0.4653611710916334,3.642432928085327
19,3,13,11,2560,1,8210,7352,245,613,875,1000,0.6360428258776665,0.612734317779541,0.25847719126479846,2.425291061401367
19,3,13,23,2560,1,8210,7352,245,613,850,1000,0.7782067805528641,0.8324588139851888,0.28199946563931494,2.6771349906921387
19,3,13,37,2560,1,8210,7352,245,613,625,875,0.5962982177734375,0.6010368367036184,0.2546397919891302,2.052577018737793
19,3,14,11,2560,1,8210,7352,245,613,650,900,0.8276599645614624,0.8055913001298904,0.33812630641682223,3.7066822052001953
19,3,14,23,2560,1,8210,7352,245,613,875,1000,1.012536995112896,0.9525808046261469,0.33276192390512804,4.910658836364746
19,3,14,37,2560,1,8210,7352,245,613,975,1000,0.9312863349914551,0.9625695943832397,0.3518028091206316,5.748791694641113
19,4,15,11,2560,1,8210,7352,245,613,925,1000,0.8608992099761963,0.658264954884847,0.45147699292699495,3.6736745834350586
19,4,15,23,2560,1,8210,7352,245,613,1000,1000,0.760223738849163,0.6821177303791046,0.32027092339838015,4.011523723602295
19,4,15,37,2560,1,8210,7352,245,613,1000,1000,0.864312082529068,0.6555216809113821,0.36759269448081733,3.7575414180755615
20,1,1,11,2560,1,8210,7352,245,613,950,1000,0.7259259968996048,0.8063505093256632,0.42126030113755336,2.680293083190918
20,1,1,23,2560,1,8210,7352,245,613,925,1000,0.7376660108566284,0.805001695950826,0.35291916176928184,2.7430219650268555
20,1,1,37,2560,1,8210,7352,245,613,525,775,0.5077636241912842,0.5875916878382365,0.2888546572120577,1.3424625396728516
20,1,2,11,2560,1,8210,7352,245,613,900,1000,1.1809940338134766,1.0808824300765991,0.38273218317924257,5.705821514129639
20,1,2,23,2560,1,8210,7352,245,613,925,1000,1.0482084900140762,0.8216470082600912,0.4284438783289916,5.483768939971924
20,1,2,37,2560,1,8210,7352,245,613,875,1000,1.2577580213546753,1.0635454257329304,0.3976535488533227,5.856943607330322
20,1,4,11,2560,1,8210,7352,245,613,975,1000,1.1315590143203735,1.0991815725962322,0.24356826525594397,4.414275169372559
20,1,4,23,2560,1,8210,7352,245,613,1000,1000,1.034460537135601,1.0691536664962769,0.2178109896042646,4.542088031768799
20,1,4,37,2560,1,8210,7352,245,613,950,1000,1.1108267307281494,1.0327625473340352,0.22951810209907358,4.456063270568848
20,1,8,11,2560,1,8210,7352,245,613,950,1000,0.9435116201639175,0.9636203050613403,0.2796368452225338,4.174706935882568
20,1,8,23,2560,1,8210,7352,245,613,875,1000,1.0668565034866333,1.0209352175394695,0.21319156656224542,4.058421611785889
20,1,8,37,2560,1,8210,7352,245,613,1000,1000,1.1395565271377563,1.0746784210205078,0.2183646559666164,4.451825141906738
20,2,3,11,2560,1,8210,7352,245,613,925,1000,0.8112871572375298,0.755783478418986,0.31908343245358073,3.6438937187194824
20,2,3,23,2560,1,8210,7352,245,613,700,950,0.767548680305481,0.6055581967035929,0.3634968520706219,3.0634756088256836
20,2,3,37,2560,1,8210,7352,245,613,725,975,0.7783197462558746,0.7123234669367472,0.5511241809642563,3.0118069648742676
20,2,5,11,2560,1,8210,7352,245,613,850,1000,0.6851780340075493,0.6655730803807577,0.3035160704775584,2.3351995944976807
20,2,5,23,2560,1,8210,7352,245,613,850,1000,0.6524823755025864,0.6090125342210134,0.3752102639524994,2.2198660373687744
20,2,5,37,2560,1,8210,7352,245,613,925,1000,0.5960423946380615,0.5969755252202352,0.2719498612489407,2.4206457138061523
20,2,6,11,2560,1,8210,7352,245,613,1000,1000,1.1060471534729004,0.8600548406442007,0.4031441005083076,4.970315456390381
20,2,6,23,2560,1,8210,7352,245,613,975,1000,1.0962634161114693,0.8284907837708791,0.42058765909692,5.52320671081543
20,2,6,37,2560,1,8210,7352,245,613,975,1000,1.064001202583313,0.8901232481002808,0.4162761856029259,4.9000325202941895
20,2,9,11,2560,1,8210,7352,245,613,975,1000,0.7586594521999359,0.8691397507985433,0.26985526504048896,3.235384941101074
20,2,9,23,2560,1,8210,7352,245,613,750,1000,0.7298039197921753,0.7038203080495199,0.2134239576413877,2.6928818225860596
20,2,9,37,2560,1,8210,7352,245,613,900,1000,0.7717641517519951,0.8517605861028036,0.24228445985609398,3.11513614654541
20,2,10,11,2560,1,8210,7352,245,613,800,1000,1.0128016471862793,0.43124747773011524,0.7330990125901286,4.069540500640869
20,2,10,23,2560,1,8210,7352,245,613,825,1000,1.1096123456954956,0.8952983617782593,0.27124558115204717,4.305536270141602
20,2,10,37,2560,1,8210,7352,245,613,800,1000,1.083748459815979,0.8554849624633789,0.301047692628432,4.351325035095215
20,2,12,11,2560,1,8210,7352,245,613,1000,1000,0.8112976551055908,1.0358691612879436,0.25577410733889033,4.755886554718018
20,2,12,23,2560,1,8210,7352,245,613,850,1000,0.8054712936282158,1.0177355110645294,0.1926525070731442,4.1904730796813965
20,2,12,37,2560,1,8210,7352,245,613,900,1000,0.8119060546159744,1.0141332944234211,0.18428214836406315,4.792652130126953
20,3,7,11,2560,1,8210,7352,245,613,900,1000,0.6857119202613831,0.6266595472892126,0.3358962560257889,3.138465642929077
20,3,7,23,2560,1,8210,7352,245,613,1000,1000,0.7283503264188766,0.6419249077637991,0.355812893569912,3.4850292205810547
20,3,7,37,2560,1,8210,7352,245,613,1000,1000,0.713061735033989,0.6379075547059377,0.3432873571318155,3.223799705505371
20,3,11,11,2560,1,8210,7352,245,613,925,1000,0.8089293166995049,0.6135482961932818,0.33684497299451543,3.483281373977661
20,3,11,23,2560,1,8210,7352,245,613,950,1000,0.6851638630032539,0.646026407678922,0.26219197371859115,3.436746120452881
20,3,11,37,2560,1,8210,7352,245,613,900,1000,0.8247143477201462,0.3852536976337433,1.1040736179827804,3.4209680557250977
20,3,13,11,2560,1,8210,7352,245,613,975,1000,0.7321159839630127,0.7825401326020559,0.327284149570226,2.9305458068847656
20,3,13,23,2560,1,8210,7352,245,613,725,975,0.6334053128957748,0.6881960531075796,0.2728998086656127,2.4575037956237793
20,3,13,37,2560,1,8210,7352,245,613,925,1000,0.7193131446838379,0.6490888893604279,0.24565381624474852,2.7012686729431152
20,3,14,11,2560,1,8210,7352,245,613,900,1000,0.930158257484436,0.9600605517625809,0.34203453389998306,4.840184211730957
20,3,14,23,2560,1,8210,7352,245,613,875,1000,0.9431464597582817,0.8963449001312256,0.32295341772454333,4.759109973907471
20,3,14,37,2560,1,8210,7352,245,613,925,1000,0.942672848701477,0.9224408864974976,0.3535807848705146,5.197479724884033
20,4,15,11,2560,1,8210,7352,245,613,975,1000,0.817589282989502,0.5859105611840884,0.362811976907538,3.7947869300842285
20,4,15,23,2560,1,8210,7352,245,613,1000,1000,0.7816562950611115,0.6485844155152639,0.37750491383200424,3.959017515182495
20,4,15,37,2560,1,8210,7352,245,613,975,1000,0.9213137626647949,0.7204141120115916,0.34169527692466617,3.8326985836029053
21,1,1,11,2560,1,8210,7352,245,613,900,1000,0.7423677444458008,0.7401634454727173,0.3823749145490945,2.3927292823791504
21,1,1,23,2560,1,8210,7352,245,613,950,1000,0.6912400722503662,0.7226073344548544,0.31309120148914643,2.749286651611328
21,1,1,37,2560,1,8210,7352,245,613,1000,1000,0.7098805904388428,0.7601656119028727,0.4453365505096165,2.7067112922668457
21,1,2,11,2560,1,8210,7352,245,613,900,1000,1.176923856139183,1.0735521117846172,0.36394025499117905,5.808538913726807
21,1,2,23,2560,1,8210,7352,245,613,925,1000,1.205230474472046,1.083286424477895,0.42195677785653096,5.815323829650879
21,1,2,37,2560,1,8210,7352,245,613,875,1000,1.2683664560317993,1.1066087285677593,0.37864317068153847,5.132373332977295
21,1,4,11,2560,1,8210,7352,245,613,975,1000,1.1384906768798828,1.062566081682841,0.21383156113278404,4.5351881980896
21,1,4,23,2560,1,8210,7352,245,613,1000,1000,1.2021894305944443,1.0963256259759266,0.21949417936356708,4.942925930023193
21,1,4,37,2560,1,8210,7352,245,613,950,1000,1.114723563194275,1.0609678030014038,0.22885747462070227,4.710726737976074
21,1,8,11,2560,1,8210,7352,245,613,900,1000,0.9671194702386856,0.9472424983978271,0.3334203994388724,4.5905561447143555
21,1,8,23,2560,1,8210,7352,245,613,975,1000,1.053772196173668,1.0272577007611592,0.22073713077793639,5.15897274017334
21,1,8,37,2560,1,8210,7352,245,613,675,925,0.92768394947052,0.9144701162974039,0.17516252730345166,3.1719985008239746
21,2,3,11,2560,1,8210,7352,245,613,1000,1000,0.7755038142204285,0.7236637224753698,0.38840258763659036,3.946200370788574
21,2,3,23,2560,1,8210,7352,245,613,875,1000,0.8212480545043945,0.7083849608898163,0.49208652330577335,3.5663790702819824
21,2,3,37,2560,1,8210,7352,245,613,1000,1000,0.7969125509262085,0.7694343427817026,0.3234575899988509,3.7960362434387207
21,2,5,11,2560,1,8210,7352,245,613,850,1000,0.6373785771429539,0.6712130208810171,0.3202986018301992,2.2810771465301514
21,2,5,23,2560,1,8210,7352,245,613,1000,1000,0.6386966854333878,0.6275023221969604,0.3438221088430044,2.164426326751709
21,2,5,37,2560,1,8210,7352,245,613,975,1000,0.7162717655301094,0.656866600116094,0.26724868937020974,2.5989785194396973
21,2,6,11,2560,1,8210,7352,245,613,1000,1000,1.0806596279144287,0.8162765863041083,0.4041657775940176,4.982954502105713
21,2,6,23,2560,1,8210,7352,245,613,975,1000,1.1489546298980713,0.8107211937506994,0.4345595802491949,5.5568928718566895
21,2,6,37,2560,1,8210,7352,245,613,950,1000,1.134303793311119,0.8865779638290405,0.4337974302524529,5.150209426879883
21,2,9,11,2560,1,8210,7352,245,613,975,1000,0.796520359814167,0.8853158553441366,0.2796880213141401,3.2501306533813477
21,2,9,23,2560,1,8210,7352,245,613,825,1000,0.7500656098127365,0.7260683377583822,0.23899715277092673,2.8268349170684814
21,2,9,37,2560,1,8210,7352,245,613,900,1000,0.7546283453702927,0.7933065891265869,0.2515358791464702,3.3713767528533936
21,2,10,11,2560,1,8210,7352,245,613,925,1000,1.1044162511825562,1.0180331816275914,0.3467671281576199,4.450253486633301
21,2,10,23,2560,1,8210,7352,245,613,1000,1000,1.0576814338564873,0.9049092953403791,0.3584020018088692,4.8466877937316895
21,2,10,37,2560,1,8210,7352,245,613,900,1000,1.0747843980789185,0.877305785814921,0.33533632324301543,4.721210956573486
21,2,12,11,2560,1,8210,7352,245,613,875,1000,0.8081089854240417,0.9733163217703501,0.23325174281325578,4.42652702331543
21,2,12,23,2560,1,8210,7352,245,613,950,1000,0.7982868254184723,1.054312825202942,0.26777361859232446,4.764150142669678
21,2,12,37,2560,1,8210,7352,245,613,875,1000,0.8596475124359131,0.9816634257634481,0.17594523298078538,4.677938938140869
21,3,7,11,2560,1,8210,7352,245,613,1000,1000,0.7037618085741997,0.44460336367289227,0.5391340146885436,3.454923629760742
21,3,7,23,2560,1,8210,7352,245,613,925,1000,0.6954140663146973,0.3956032296021779,0.5376191782037301,3.507922887802124
21,3,7,37,2560,1,8210,7352,245,613,900,1000,0.778587818145752,0.6967641115188599,0.36366406277355734,3.4489688873291016
21,3,11,11,2560,1,8210,7352,245,613,800,1000,0.775845892727375,0.637996107339859,0.2937834565573691,3.284064292907715
21,3,11,23,2560,1,8210,7352,245,613,1000,1000,0.711882833391428,0.5941752369205157,0.35856174928440804,3.840810775756836
21,3,11,37,2560,1,8210,7352,245,613,900,1000,0.8259352892637253,0.611483762661616,0.45666126392443496,3.799098014831543
21,3,13,11,2560,1,8210,7352,245,613,900,1000,0.6562903374433517,0.6406883398691813,0.3120599068108135,2.6692957878112793
21,3,13,23,2560,1,8210,7352,245,613,975,1000,0.7567543536424637,0.7377419074376425,0.2863748702866944,2.8459157943725586
21,3,13,37,2560,1,8210,7352,245,613,925,1000,0.6968677043914795,0.637800375620524,0.26297580052769676,2.6473302841186523
21,3,14,11,2560,1,8210,7352,245,613,900,1000,0.9055008962750435,0.9049617052078247,0.31937364735501694,4.497366905212402
21,3,14,23,2560,1,8210,7352,245,613,875,1000,0.9662537649273872,0.9904929747184118,0.31176023015116017,4.945282459259033
21,3,14,37,2560,1,8210,7352,245,613,850,1000,0.8949780166149139,0.8467912673950195,0.362797167142889,4.583074569702148
21,4,15,11,2560,1,8210,7352,245,613,975,1000,0.8019640445709229,0.6701695521672567,0.3099692789424901,3.8284921646118164
21,4,15,23,2560,1,8210,7352,245,613,750,1000,0.7341673970222473,0.5517646471659342,0.3010722172755683,3.0602662563323975
21,4,15,37,2560,1,8210,7352,245,613,925,1000,0.7959290742874146,0.5798381169637045,0.27532720228756014,3.416628122329712
22,1,1,11,2560,1,8210,7352,245,613,950,1000,0.6748815774917603,0.7625586489836375,0.3998671604122947,2.4822235107421875
22,1,1,23,2560,1,8210,7352,245,613,1000,1000,0.7476276233792305,0.816563606262207,0.37149672992631755,2.835853099822998
22,1,1,37,2560,1,8210,7352,245,613,950,1000,0.7120734453201294,0.8088780641555786,0.43324774309151964,2.5485129356384277
22,1,2,11,2560,1,8210,7352,245,613,925,1000,1.1791354417800903,0.9846209287643433,0.3856000619765158,5.723669528961182
22,1,2,23,2560,1,8210,7352,245,613,800,1000,1.1407543420791626,0.8954213162263235,0.35505454186552937,5.567942142486572
22,1,2,37,2560,1,8210,7352,245,613,825,1000,1.1751484721899033,0.9648064374923706,0.3715379377571299,4.96705436706543
22,1,4,11,2560,1,8210,7352,245,613,975,1000,1.084787130355835,1.0745842059453328,0.21124927891362622,4.130484104156494
22,1,4,23,2560,1,8210,7352,245,613,850,1000,0.9769342243671417,0.937162051598231,0.20787577033595148,3.863718271255493
22,1,4,37,2560,1,8210,7352,245,613,925,1000,1.1075202375650406,1.0755267937978108,0.21956487433798821,4.020477294921875
22,1,8,11,2560,1,8210,7352,245,613,825,1000,0.9617588222026825,0.9793582161267599,0.1811209461432404,3.7926197052001953
22,1,8,23,2560,1,8210,7352,245,613,875,1000,1.0514932870864868,0.9995420376459757,0.1724160016618735,3.9550228118896484
22,1,8,37,2560,1,8210,7352,245,613,850,1000,1.0146143287420273,1.0354470411936443,0.16828788965667843,4.083191871643066
22,2,3,11,2560,1,8210,7352,245,613,600,850,0.7085733488202095,0.6351439903179804,0.3140330830835576,2.6936914920806885
22,2,3,23,2560,1,8210,7352,245,613,700,950,0.7833045795559883,0.6731828798850378,0.44970799228425984,3.1897032260894775
22,2,3,37,2560,1,8210,7352,245,613,875,1000,0.8406768143177032,0.661060651143392,0.6191924054397372,3.377791166305542
22,2,5,11,2560,1,8210,7352,245,613,950,1000,0.7299802303314209,0.677967756986618,0.2835694446071933,2.578442335128784
22,2,5,23,2560,1,8210,7352,245,613,1000,1000,0.6974179744720459,0.7360365788141886,0.33557156937290805,2.5075173377990723
22,2,5,37,2560,1,8210,7352,245,613,975,1000,0.6821937561035156,0.736357053120931,0.38020107959809857,2.5949742794036865
22,2,6,11,2560,1,8210,7352,245,613,925,1000,1.1075946241617203,0.925523966550827,0.4112769666259064,5.080158710479736
22,2,6,23,2560,1,8210,7352,245,613,800,1000,1.054538019001484,0.801984116435051,0.3781992849253004,4.081315040588379
22,2,6,37,2560,1,8210,7352,245,613,900,1000,1.0814059972763062,0.8928749958674113,0.39237074607106215,4.718481540679932
22,2,9,11,2560,1,8210,7352,245,613,800,1000,0.6758069545030594,0.7134751876195272,0.22945543404459776,2.486016273498535
22,2,9,23,2560,1,8210,7352,245,613,1000,1000,0.7755988016724586,0.7414978394905726,0.25147817684460294,3.3499977588653564
22,2,9,37,2560,1,8210,7352,245,613,900,1000,0.7793693467974663,0.8423533091942469,0.2478942057721086,3.1351096630096436
22,2,10,11,2560,1,8210,7352,245,613,1000,1000,1.1264592334628105,0.9519565453131994,0.3132561365908833,5.030943393707275
22,2,10,23,2560,1,8210,7352,245,613,825,1000,1.1058508306741714,0.9567226568857828,0.29943577381671316,4.460972785949707
22,2,10,37,2560,1,8210,7352,245,613,1000,1000,1.0870919078588486,0.8948722233374914,0.29248998169401474,5.016003608703613
22,2,12,11,2560,1,8210,7352,245,613,850,1000,0.8833280801773071,1.0282286802927654,0.24693148006921212,4.315471649169922
22,2,12,23,2560,1,8210,7352,245,613,675,925,0.7979223132133484,0.9142051041126251,0.1743182038834693,3.4615769386291504
22,2,12,37,2560,1,8210,7352,245,613,900,1000,0.8556515425443649,0.9773399035135905,0.15823780766313797,4.234652519226074
22,3,7,11,2560,1,8210,7352,245,613,825,1000,0.6738631799817085,0.6053334871927897,0.4092429076325753,3.166045904159546
22,3,7,23,2560,1,8210,7352,245,613,925,1000,0.7404962182044983,0.45473097016414005,0.3976627404883675,3.451303720474243
22,3,7,37,2560,1,8210,7352,245,613,975,1000,0.7618462145328522,0.6609212954839071,0.38763825862047446,3.6892218589782715
22,3,11,11,2560,1,8210,7352,245,613,1000,1000,0.7934851720929146,0.32798095295826596,0.8538821002295898,3.6413216590881348
22,3,11,23,2560,1,8210,7352,245,613,925,1000,0.744263656437397,0.6571435083945593,0.3291861358878829,3.2997615337371826
22,3,11,37,2560,1,8210,7352,245,613,800,1000,0.7652580738067627,0.6162666281064352,0.26714340604268877,3.2489137649536133
22,3,13,11,2560,1,8210,7352,245,613,825,1000,0.7134696170687675,0.7059660653273264,0.3370901042332506,2.7384514808654785
22,3,13,23,2560,1,8210,7352,245,613,950,1000,0.6776028797030449,0.7184392611185709,0.28978575069672546,2.903175115585327
22,3,13,37,2560,1,8210,7352,245,613,975,1000,0.7210688143968582,0.6815979878107706,0.3282786250873816,2.8533072471618652
22,3,14,11,2560,1,8210,7352,245,613,900,1000,0.8862660825252533,0.9205761353174845,0.3658015999479607,4.405693054199219
22,3,14,23,2560,1,8210,7352,245,613,950,1000,0.9051113426685333,0.8833928058544794,0.3663591452309527,5.377101421356201
22,3,14,37,2560,1,8210,7352,245,613,925,1000,0.8412977755069733,0.8410375416278839,0.34147742710877965,5.116372585296631
22,4,15,11,2560,1,8210,7352,245,613,725,975,0.6714632585644722,0.6121940265099207,0.25119329277655034,2.840820550918579
22,4,15,23,2560,1,8210,7352,245,613,800,1000,0.7832832261919975,0.6340870807568232,0.28028465016163523,3.2839736938476562
22,4,15,37,2560,1,8210,7352,245,613,975,1000,0.8404171466827393,0.7063536942005157,0.3362152196119209,3.847907543182373
23,1,1,11,2560,1,8210,7352,245,613,950,1000,0.7216055393218994,0.814616839090983,0.4429711334056848,2.581789016723633
23,1,1,23,2560,1,8210,7352,245,613,900,1000,0.6532336473464966,0.7646792332331339,0.46083764042952957,2.6037755012512207
23,1,1,37,2560,1,8210,7352,245,613,950,1000,0.7138101309537888,0.7879562775293986,0.42017506237513286,2.6964547634124756
23,1,2,11,2560,1,8210,7352,245,613,1000,1000,1.1198101118206978,0.9478786488374075,0.41296975845031236,6.229833126068115
23,1,2,23,2560,1,8210,7352,245,613,975,1000,1.2852864414453506,1.145352880160014,0.41117413438262446,5.930382251739502
23,1,2,37,2560,1,8210,7352,245,613,875,1000,1.2167523950338364,1.0689315001169841,0.39041508958880805,5.283310890197754
23,1,4,11,2560,1,8210,7352,245,613,975,1000,1.121771216392517,1.0747265815734863,0.22705923366737008,4.302504062652588
23,1,4,23,2560,1,8210,7352,245,613,1000,1000,1.1087310314178467,1.0618866483370464,0.22489485573353304,5.053961277008057
23,1,4,37,2560,1,8210,7352,245,613,975,1000,1.129559874534607,1.1133023103078206,0.23311687718478652,4.5512189865112305
23,1,8,11,2560,1,8210,7352,245,613,950,1000,1.0262111276388168,1.0946614344914753,0.23080775809596016,4.153769016265869
23,1,8,23,2560,1,8210,7352,245,613,900,1000,1.0638419389724731,1.121185342470805,0.18811528676135447,4.199305057525635
23,1,8,37,2560,1,8210,7352,245,613,850,1000,1.027115136384964,1.069465418656667,0.1927358449759472,4.2394232749938965
23,2,3,11,2560,1,8210,7352,245,613,925,1000,0.8207629472017288,0.7814730803171793,0.35284143333525686,3.663255214691162
23,2,3,23,2560,1,8210,7352,245,613,975,1000,0.85370934009552,0.45018118619918823,0.9801935394463605,3.753298282623291
23,2,3,37,2560,1,8210,7352,245,613,1000,1000,0.7717924565076828,0.7359191576639811,0.3518226453306258,3.429056406021118
23,2,5,11,2560,1,8210,7352,245,613,750,1000,0.6605590581893921,0.6257630089918772,0.2619858133431688,2.0889666080474854
23,2,5,23,2560,1,8210,7352,245,613,750,1000,0.6667758636176586,0.6276158466935158,0.2897330439290376,2.089264154434204
23,2,5,37,2560,1,8210,7352,245,613,975,1000,0.7488313987851143,0.681499237815539,0.24281764710974685,2.462817430496216
23,2,6,11,2560,1,8210,7352,245,613,925,1000,1.1158652231097221,0.9280969599882761,0.39270528890645195,4.789423942565918
23,2,6,23,2560,1,8210,7352,245,613,925,1000,1.0533920526504517,0.8667083630959193,0.40121040535736746,4.904739856719971
23,2,6,37,2560,1,8210,7352,245,613,950,1000,1.0005537196993828,0.8685300648212433,0.40239274254265744,4.890641689300537
23,2,9,11,2560,1,8210,7352,245,613,825,1000,0.7400287464261055,0.789863700668017,0.26440233331082796,2.756636142730713
23,2,9,23,2560,1,8210,7352,245,613,750,1000,0.7221584469079971,0.7231819679339727,0.21781589951378733,2.5793113708496094
23,2,9,37,2560,1,8210,7352,245,613,1000,1000,0.7985372543334961,0.8718547423680624,0.22188919237053406,3.527449607849121
23,2,10,11,2560,1,8210,7352,245,613,900,1000,1.0408319309353828,0.9399533669153849,0.3189012142691475,4.452402114868164
23,2,10,23,2560,1,8210,7352,245,613,825,1000,1.0865544080734253,0.9691679527362188,0.2901156476149469,4.425003528594971
23,2,10,37,2560,1,8210,7352,245,613,1000,1000,1.0371858030557632,0.9947774012883505,0.31949328763409884,4.87189245223999
23,2,12,11,2560,1,8210,7352,245,613,825,1000,0.8006051778793335,0.9534170230229696,0.16722297517862306,4.027652263641357
23,2,12,23,2560,1,8210,7352,245,613,750,1000,0.8896295130252838,0.9478602011998495,0.2010738844792387,3.9653549194335938
23,2,12,37,2560,1,8210,7352,245,613,1000,1000,0.8550970554351807,0.982164333264033,0.22197713943736802,4.74484395980835
23,3,7,11,2560,1,8210,7352,245,613,975,1000,0.7182866260409355,0.4965250492095947,0.5468113687893208,3.2166311740875244
23,3,7,23,2560,1,8210,7352,245,613,925,1000,0.6653991937637329,0.1309495816628138,0.6694017084064106,3.209792375564575
23,3,7,37,2560,1,8210,7352,245,613,950,1000,0.7171593979001045,0.681371251742045,0.37542688035804544,3.7787132263183594
23,3,11,11,2560,1,8210,7352,245,613,1000,1000,0.7953216135501862,0.5375774403413137,0.5320558245108449,3.719022750854492
23,3,11,23,2560,1,8210,7352,245,613,725,975,0.7145523950457573,0.6394589940706888,0.2980998111015425,2.9266443252563477
23,3,11,37,2560,1,8210,7352,245,613,800,1000,0.779201090335846,0.6722803314526876,0.28035759447248826,3.3313844203948975
23,3,13,11,2560,1,8210,7352,245,613,925,1000,0.7441678494215012,0.6816430886586508,0.3465365836259458,2.76666259765625
23,3,13,23,2560,1,8210,7352,245,613,1000,1000,0.6981405466794968,0.7301114400227865,0.2721506657381475,3.256674289703369
23,3,13,37,2560,1,8210,7352,245,613,600,850,0.5903714299201965,0.5236882617076238,0.23099393304278368,1.900651216506958
23,3,14,11,2560,1,8210,7352,245,613,975,1000,0.9030528366565704,0.903439166645209,0.3407671797428722,4.764289855957031
23,3,14,23,2560,1,8210,7352,245,613,900,1000,0.9152935445308685,0.9198459287484487,0.3348306743704608,5.130434989929199
23,3,14,37,2560,1,8210,7352,245,613,975,1000,0.9258495718240738,0.9032081266244253,0.3953484957502369,4.971233367919922
23,4,15,11,2560,1,8210,7352,245,613,850,1000,0.7422065809369087,0.6300599922736486,0.3264785225505319,3.055464267730713
23,4,15,23,2560,1,8210,7352,245,613,1000,1000,0.7242422178387642,0.6809121270974478,0.28614306815742724,3.9567031860351562
23,4,15,37,2560,1,8210,7352,245,613,1000,1000,0.7704270482063293,0.7033359209696451,0.3428274303213607,3.843975782394409
24,1,1,11,2560,1,8210,7352,245,613,1000,1000,0.7951462268829346,0.8798118034998575,0.44908437614597796,2.574739456176758
24,1,1,23,2560,1,8210,7352,245,613,950,1000,0.6928502321243286,0.7360494534174601,0.3775734849831229,2.304291009902954
24,1,1,37,2560,1,8210,7352,245,613,625,875,0.6649291962385178,0.6592985391616821,0.3716733508743405,1.8380627632141113
24,1,2,11,2560,1,8210,7352,245,613,975,1000,1.0990616232156754,1.0035879214604695,0.40375015198851466,5.738780498504639
24,1,2,23,2560,1,8210,7352,245,613,900,1000,1.2887070178985596,1.1205983559290569,0.4366094841631743,6.005692958831787
24,1,2,37,2560,1,8210,7352,245,613,850,1000,1.1963520050048828,1.0481502612431843,0.45411242234982924,5.467668056488037
24,1,4,11,2560,1,8210,7352,245,613,1000,1000,1.135376200079918,1.0135750373204548,0.23868975491367747,4.549278736114502
24,1,4,23,2560,1,8210,7352,245,613,1000,1000,1.1517008394002914,1.0098449389139812,0.2098968700768032,4.934002876281738
24,1,4,37,2560,1,8210,7352,245,613,950,1000,1.2016345411539078,1.1043319602807362,0.22582172317388205,4.464320182800293
24,1,8,11,2560,1,8210,7352,245,613,850,1000,0.9546726942062378,0.9553387959798177,0.1857491902637246,3.5864336490631104
24,1,8,23,2560,1,8210,7352,245,613,825,1000,1.0525822788476944,1.001406967639923,0.19310533705919677,4.215623378753662
24,1,8,37,2560,1,8210,7352,245,613,1000,1000,1.089566707611084,0.9075313011805216,0.24986094593583286,5.001469612121582
24,2,3,11,2560,1,8210,7352,245,613,1000,1000,0.8645615503191948,0.7737689018249512,0.4790342303917484,3.8204121589660645
24,2,3,23,2560,1,8210,7352,245,613,975,1000,0.7291067838668823,0.0791352391242981,1.4246698163761211,3.5790443420410156
24,2,3,37,2560,1,8210,7352,245,613,1000,1000,0.809108167886734,0.8097206751505533,0.34142310582584445,3.617088556289673
24,2,5,11,2560,1,8210,7352,245,613,750,1000,0.7052833288908005,0.6575884819030762,0.28095373119553985,2.236776828765869
24,2,5,23,2560,1,8210,7352,245,613,1000,1000,0.6661700755357742,0.688985158999761,0.30902098769635766,2.452977418899536
24,2,5,37,2560,1,8210,7352,245,613,525,775,0.5126551389694214,0.4658886790275574,0.2483756460604774,1.499119758605957
24,2,6,11,2560,1,8210,7352,245,613,900,1000,1.018634557723999,0.9113123764594396,0.38974470756335633,4.361866474151611
24,2,6,23,2560,1,8210,7352,245,613,950,1000,1.0421208068728447,0.8438655038674673,0.40371552012496137,5.240808486938477
24,2,6,37,2560,1,8210,7352,245,613,975,1000,1.0939915254712105,0.8623469968636831,0.4152181389596041,4.96642541885376
24,2,9,11,2560,1,8210,7352,245,613,975,1000,0.7250133007764816,0.8732065707445145,0.2795667755666296,3.423708200454712
24,2,9,23,2560,1,8210,7352,245,613,775,1000,0.7258075326681137,0.7852783699830373,0.24981285174019713,2.9093539714813232
24,2,9,37,2560,1,8210,7352,245,613,950,1000,0.6975631862878799,0.7695966909329096,0.263641752096984,3.2739617824554443
24,2,10,11,2560,1,8210,7352,245,613,1000,1000,1.0769168213009834,0.8131186912457148,0.29800669449544737,5.032225131988525
24,2,10,23,2560,1,8210,7352,245,613,1000,1000,1.1815899461507797,1.073619117339452,0.3445501817808717,5.1726531982421875
24,2,10,37,2560,1,8210,7352,245,613,1000,1000,1.0352606922388077,1.0030173410971959,0.3162132803686791,5.050479412078857
24,2,12,11,2560,1,8210,7352,245,613,900,1000,0.8563666045665741,0.9702432453632355,0.22060567368593845,4.702134132385254
24,2,12,23,2560,1,8210,7352,245,613,875,1000,0.8461010903120041,0.9374454319477081,0.12771903688975586,4.431225299835205
24,2,12,37,2560,1,8210,7352,245,613,800,1000,0.8616336286067963,0.914275328318278,0.16840732239063813,4.3110151290893555
24,3,7,11,2560,1,8210,7352,245,613,900,1000,0.6939570866525173,0.6571923494338989,0.375800345319876,3.355713367462158
24,3,7,23,2560,1,8210,7352,245,613,1000,1000,0.7640967443585396,0.7276149193445841,0.3495422923898232,3.6885056495666504
24,3,7,37,2560,1,8210,7352,245,613,975,1000,0.751185342669487,0.6075867513815562,0.38712831629164135,3.548377275466919
24,3,11,11,2560,1,8210,7352,245,613,1000,1000,0.8517271280288696,0.3477107286453247,0.7428177628457199,3.54327130317688
24,3,11,23,2560,1,8210,7352,245,613,950,1000,0.7452307343482971,0.6197609454393387,0.27185689325971313,3.6186397075653076
24,3,11,37,2560,1,8210,7352,245,613,775,1000,0.7215633988380432,0.6020258069038391,0.2979228863767302,3.243297576904297
24,3,13,11,2560,1,8210,7352,245,613,1000,1000,0.6491284370422363,0.560654749472936,0.23707262537405865,2.6266958713531494
24,3,13,23,2560,1,8210,7352,245,613,850,1000,0.7486687898635864,0.7653563022613525,0.28495290516007743,2.8078982830047607
24,3,13,37,2560,1,8210,7352,245,613,675,925,0.6451343894004822,0.6715355416138967,0.28991869892202154,2.135654926300049
24,3,14,11,2560,1,8210,7352,245,613,1000,1000,0.9294734001159668,0.8913860271374384,0.34926996047376385,5.021305084228516
24,3,14,23,2560,1,8210,7352,245,613,1000,1000,0.9191648885607719,0.9137814988692602,0.42929424510842423,5.414847373962402
24,3,14,37,2560,1,8210,7352,245,613,575,825,0.7536564990878105,0.7714739640553793,0.2805679902419049,3.29730486869812
24,4,15,11,2560,1,8210,7352,245,613,975,1000,0.8749699890613556,0.6947656869888306,0.31401401503091286,3.6889142990112305
24,4,15,23,2560,1,8210,7352,245,613,825,1000,0.7514284774661064,0.6349154710769653,0.30776363132094886,3.493190288543701
24,4,15,37,2560,1,8210,7352,245,613,1000,1000,0.7870536968111992,0.5957078039646149,0.41839921291115456,3.628952741622925
25,1,1,11,2560,1,8210,7352,245,613,975,1000,0.7645705491304398,0.8059431711832682,0.3621388320387665,2.6477298736572266
25,1,1,23,2560,1,8210,7352,245,613,1000,1000,0.6851253062486649,0.7741139729817709,0.33463722314210553,2.6599349975585938
25,1,1,37,2560,1,8210,7352,245,613,625,875,0.6388427764177322,0.6840180257956187,0.3668969702950987,1.7335753440856934
25,1,2,11,2560,1,8210,7352,245,613,1000,1000,1.1699352115392685,1.06286617120107,0.43751332275364696,6.280995845794678
25,1,2,23,2560,1,8210,7352,245,613,900,1000,1.2154102474451065,1.076354702313741,0.41523457108830614,6.295438289642334
25,1,2,37,2560,1,8210,7352,245,613,850,1000,1.2115365266799927,1.072990397612254,0.38369607451439836,5.397507190704346
25,1,4,11,2560,1,8210,7352,245,613,1000,1000,1.1289293766021729,1.0771486361821492,0.22916471219077697,4.285924434661865
25,1,4,23,2560,1,8210,7352,245,613,925,1000,1.0616460889577866,1.0297628045082092,0.22175949451050442,4.245846748352051
25,1,4,37,2560,1,8210,7352,245,613,900,1000,1.1370129436254501,1.0374238391717274,0.22017745885432122,4.420128345489502
25,1,8,11,2560,1,8210,7352,245,613,950,1000,1.0772899240255356,1.1579536000887554,0.24230042612098257,4.920595169067383
25,1,8,23,2560,1,8210,7352,245,613,775,1000,1.0088222026824951,1.035349686940511,0.22853285926217487,4.102964401245117
25,1,8,37,2560,1,8210,7352,245,613,1000,1000,1.0892266035079956,1.0811572472254436,0.2862880837892046,5.0362749099731445
25,2,3,11,2560,1,8210,7352,245,613,1000,1000,0.8702719211578369,0.7956641962130865,0.45858066709525747,4.008235931396484
25,2,3,23,2560,1,8210,7352,245,613,900,1000,0.8667563199996948,0.6994187831878662,0.565245673121902,3.5238893032073975
25,2,3,37,2560,1,8210,7352,245,613,900,1000,0.8181597888469696,0.784436027208964,0.3596312769416917,3.84426212310791
25,2,5,11,2560,1,8210,7352,245,613,925,1000,0.6515784412622452,0.5793410539627075,0.3562738404932563,2.1365890502929688
25,2,5,23,2560,1,8210,7352,245,613,975,1000,0.6614522971212864,0.6744406720002493,0.3993753676627777,2.528618097305298
25,2,5,37,2560,1,8210,7352,245,613,950,1000,0.7028443366289139,0.6892314453919729,0.37991398018781386,2.6162683963775635
25,2,6,11,2560,1,8210,7352,245,613,1000,1000,1.0874139070510864,0.8911888152360916,0.4247708533706687,5.324619293212891
25,2,6,23,2560,1,8210,7352,245,613,850,1000,1.0606037229299545,0.7600361158450445,0.3819531232201375,4.708964824676514
25,2,6,37,2560,1,8210,7352,245,613,975,1000,1.0183806493878365,0.8488487899303436,0.39049671106134387,5.263453960418701
25,2,9,11,2560,1,8210,7352,245,613,900,1000,0.7733992412686348,0.8277250528335571,0.26114262664512383,3.123385429382324
25,2,9,23,2560,1,8210,7352,245,613,925,1000,0.6937685087323189,0.7789459278186163,0.23503369791944842,3.33707332611084
25,2,9,37,2560,1,8210,7352,245,613,975,1000,0.7480044364929199,0.8183751900990804,0.2692970725627143,3.257402181625366
25,2,10,11,2560,1,8210,7352,245,613,900,1000,1.0791171714663506,0.9471484869718552,0.33180838088274106,4.713784217834473
25,2,10,23,2560,1,8210,7352,245,613,850,1000,1.0004102066159248,0.8062707980473837,0.2669657801261317,4.43783712387085
25,2,10,37,2560,1,8210,7352,245,613,875,1000,1.1089297384023666,0.9795080423355103,0.30718422953616065,4.550756454467773
25,2,12,11,2560,1,8210,7352,245,613,825,1000,0.8432033061981201,0.9398406346638998,0.1601089497115151,4.066896915435791
25,2,12,23,2560,1,8210,7352,245,613,850,1000,0.8146499395370483,0.9657267729441324,0.2229431983197773,4.46449089050293
25,2,12,37,2560,1,8210,7352,245,613,625,875,0.740071065723896,0.9139209191004435,0.18495530055248288,3.690073013305664
25,3,7,11,2560,1,8210,7352,245,613,950,1000,0.698938250541687,0.6172770708799362,0.4000611489440157,3.2225582599639893
25,3,7,23,2560,1,8210,7352,245,613,900,1000,0.7235674932599068,0.5344422360261282,0.5250853245104333,3.345407247543335
25,3,7,37,2560,1,8210,7352,245,613,925,1000,0.7322704717516899,0.6284484416246414,0.37469926682643623,3.5562191009521484
25,3,11,11,2560,1,8210,7352,245,613,925,1000,0.7990701273083687,0.4018821765979131,0.5994607300437667,3.6238934993743896
25,3,11,23,2560,1,8210,7352,245,613,975,1000,0.8672130182385445,0.715571994582812,0.3283592976030778,3.7229652404785156
25,3,11,37,2560,1,8210,7352,245,613,1000,1000,0.837085485458374,0.6646495461463928,0.34118230659049664,3.4352147579193115
25,3,13,11,2560,1,8210,7352,245,613,725,975,0.5399478822946548,0.6102749208609263,0.254986849685383,2.216618061065674
25,3,13,23,2560,1,8210,7352,245,613,850,1000,0.6958607286214828,0.6697281201680502,0.29021877388136225,2.7764430046081543
25,3,13,37,2560,1,8210,7352,245,613,775,1000,0.6757587790489197,0.6937604248523712,0.302627057712285,2.544017791748047
25,3,14,11,2560,1,8210,7352,245,613,975,1000,0.8458384275436401,0.8813817203044891,0.3647688540605085,4.714270114898682
25,3,14,23,2560,1,8210,7352,245,613,925,1000,0.9286000430583954,0.8756254861752192,0.3568426785864727,4.879849433898926
25,3,14,37,2560,1,8210,7352,245,613,900,1000,0.9016236960887909,0.8277758757273356,0.344919390146605,4.647913455963135
25,4,15,11,2560,1,8210,7352,245,613,950,1000,0.827558159828186,0.7008631279071172,0.3198286319736442,3.7407140731811523
25,4,15,23,2560,1,8210,7352,245,613,1000,1000,0.7735259458422661,0.6341806203126907,0.2835618282504125,3.877800226211548
25,4,15,37,2560,1,8210,7352,245,613,1000,1000,0.7787462025880814,0.6414188543955485,0.38990368087095956,3.6625254154205322
26,1,1,11,2560,1,8210,7352,245,613,925,1000,0.7547651529312134,0.829226533571879,0.4141939477440969,2.496912717819214
26,1,1,23,2560,1,8210,7352,245,613,975,1000,0.7137316390872002,0.7993240257104238,0.4572399136684888,2.8158583641052246
26,1,1,37,2560,1,8210,7352,245,613,900,1000,0.6705856323242188,0.7602518796920776,0.306971703531429,2.317751884460449
26,1,2,11,2560,1,8210,7352,245,613,1000,1000,1.209208607673645,1.0127552052338917,0.41423276931437897,5.703276634216309
26,1,2,23,2560,1,8210,7352,245,613,850,1000,1.2872453778982162,1.1485801339149475,0.405273721157319,5.990652561187744
26,1,2,37,2560,1,8210,7352,245,613,900,1000,1.29558265209198,1.0578869581222534,0.4109099010466408,6.074742317199707
26,1,4,11,2560,1,8210,7352,245,613,900,1000,1.0612030029296875,1.024258315563202,0.2301281763975942,3.897980213165283
26,1,4,23,2560,1,8210,7352,245,613,1000,1000,1.1095796823501587,1.088545302549998,0.2377765042517477,4.6917243003845215
26,1,4,37,2560,1,8210,7352,245,613,600,850,0.8273512870073318,0.8235868116219839,0.1684668050147153,2.4057276248931885
26,1,8,11,2560,1,8210,7352,245,613,850,1000,1.0838879197835922,1.0307268301645915,0.18883819158878465,4.1899824142456055
26,1,8,23,2560,1,8210,7352,245,613,775,1000,0.9527297019958496,0.9414579073588053,0.22044428925322962,4.154637336730957
26,1,8,37,2560,1,8210,7352,245,613,1000,1000,1.0584800094366074,1.0743493636449177,0.2246597827805035,4.789905548095703
26,2,3,11,2560,1,8210,7352,245,613,1000,1000,0.9262830168008804,0.8073263565699259,0.40433468383617643,4.134700298309326
26,2,3,23,2560,1,8210,7352,245,613,1000,1000,0.9401700496673584,0.679187168677648,0.6828163083030964,3.7742719650268555
26,2,3,37,2560,1,8210,7352,245,613,725,975,0.8369440734386444,0.7327094475428263,0.5681096849046074,3.29683780670166
26,2,5,11,2560,1,8210,7352,245,613,950,1000,0.6396376043558121,0.5475312322378159,0.23315860007001715,2.509625196456909
26,2,5,23,2560,1,8210,7352,245,613,750,1000,0.6459529399871826,0.5546593368053436,0.27146332639834164,2.0634846687316895
26,2,5,37,2560,1,8210,7352,245,613,950,1000,0.7597699910402298,0.7296003897984823,0.30271319631737015,2.6706838607788086
26,2,6,11,2560,1,8210,7352,245,613,900,1000,1.0153434351086617,0.8698326349258423,0.3911234527680717,4.659657001495361
26,2,6,23,2560,1,8210,7352,245,613,925,1000,1.0802600532770157,0.8806990484396616,0.4025888118150276,5.112907409667969
26,2,6,37,2560,1,8210,7352,245,613,975,1000,0.9915228933095932,0.852111225326856,0.42635376335019437,5.15471076965332
26,2,9,11,2560,1,8210,7352,245,613,975,1000,0.7374508380889893,0.8397129774093628,0.25389722415073246,3.44675874710083
26,2,9,23,2560,1,8210,7352,245,613,750,1000,0.7350260093808174,0.7247391144434611,0.21726546492107726,2.9588470458984375
26,2,9,37,2560,1,8210,7352,245,613,925,1000,0.7476606369018555,0.853990395863851,0.27437615540662136,3.296560287475586
26,2,10,11,2560,1,8210,7352,245,613,1000,1000,1.1640479564666748,0.9784686615069708,0.29845435454118346,4.83278751373291
26,2,10,23,2560,1,8210,7352,245,613,850,1000,1.0785465091466904,0.8856291423241297,0.2737938252644629,4.7978925704956055
26,2,10,37,2560,1,8210,7352,245,613,850,1000,1.0764361470937729,0.826319416364034,0.3054955535265056,4.68380880355835
26,2,12,11,2560,1,8210,7352,245,613,975,1000,0.9185134321451187,1.0223690271377563,0.17532569518267427,4.711184978485107
26,2,12,23,2560,1,8210,7352,245,613,875,1000,0.8921328783035278,1.0044994155565898,0.14839202064857268,4.598668098449707
26,2,12,37,2560,1,8210,7352,245,613,1000,1000,0.9478650093078613,0.9742724597454071,0.20623466679414387,4.77327823638916
26,3,7,11,2560,1,8210,7352,245,613,900,1000,0.7477575615048409,0.6556151310602824,0.4461185923987417,3.4039673805236816
26,3,7,23,2560,1,8210,7352,245,613,625,875,0.711488526314497,0.6232551957170168,0.34996404593444363,2.7501978874206543
26,3,7,37,2560,1,8210,7352,245,613,950,1000,0.718012809753418,0.7373395363489786,0.35584767251410765,3.6355233192443848
26,3,11,11,2560,1,8210,7352,245,613,925,1000,0.7809379026293755,0.5076367259025574,0.38427620338087,3.374737024307251
26,3,11,23,2560,1,8210,7352,245,613,925,1000,0.8046243116259575,0.531472901503245,0.4933210901383173,3.1991426944732666
26,3,11,37,2560,1,8210,7352,245,613,850,1000,0.8501390218734741,0.6423836549123129,0.3768182648578505,3.419466733932495
26,3,13,11,2560,1,8210,7352,245,613,825,1000,0.6951316595077515,0.7401197652022043,0.3233443336523202,2.6027145385742188
26,3,13,23,2560,1,8210,7352,245,613,900,1000,0.7281687334179878,0.7061625321706136,0.29496273055209604,2.9535627365112305
26,3,13,37,2560,1,8210,7352,245,613,550,800,0.5971367955207825,0.6168671945730845,0.2595576271658407,1.6357412338256836
26,3,14,11,2560,1,8210,7352,245,613,775,1000,0.9742204025387764,0.8233839720487595,0.3862815049134045,4.471677303314209
26,3,14,23,2560,1,8210,7352,245,613,1000,1000,1.0048810243606567,0.9359810004631678,0.3724740315032969,5.584023475646973
26,3,14,37,2560,1,8210,7352,245,613,850,1000,0.8709234297275543,0.822418729464213,0.3360919825995313,4.7470703125
26,4,15,11,2560,1,8210,7352,245,613,925,1000,0.7749277427792549,0.6858390669027964,0.3771351009859563,3.836284875869751
26,4,15,23,2560,1,8210,7352,245,613,975,1000,0.8285376131534576,0.734344040354093,0.33891592748427035,3.7816271781921387
26,4,15,37,2560,1,8210,7352,245,613,1000,1000,0.7750160694122314,0.6199586391448975,0.35817775672846786,3.5916807651519775
27,1,1,11,2560,1,8210,7352,245,613,1000,1000,0.8207226693630219,0.883760134379069,0.4319547226941367,2.7812235355377197
27,1,1,23,2560,1,8210,7352,245,613,775,1000,0.7247067242860794,0.7967109680175781,0.42031945146579547,2.2617619037628174
27,1,1,37,2560,1,8210,7352,245,613,950,1000,0.6923438310623169,0.7320127884546915,0.5085018126279063,2.7168593406677246
27,1,2,11,2560,1,8210,7352,245,613,1000,1000,1.188621997833252,0.9738576710224152,0.44364771036640516,6.090287208557129
27,1,2,23,2560,1,8210,7352,245,613,975,1000,1.277857318520546,1.0763823638359706,0.4375876572840172,6.821545600891113
27,1,2,37,2560,1,8210,7352,245,613,950,1000,1.2355910539627075,1.1223407983779907,0.4517460179921821,6.197723865509033
27,1,4,11,2560,1,8210,7352,245,613,1000,1000,1.1610233634710312,1.1139285961786907,0.2308907658277735,4.885181903839111
27,1,4,23,2560,1,8210,7352,245,613,1000,1000,1.1727893203496933,1.1850808560848236,0.24705065324961709,5.121328830718994
27,1,4,37,2560,1,8210,7352,245,613,900,1000,1.119818553328514,1.0775602261225383,0.2188938232362253,4.375539779663086
27,1,8,11,2560,1,8210,7352,245,613,775,1000,1.066895604133606,1.0695906082789104,0.19663348784609913,4.236141681671143
27,1,8,23,2560,1,8210,7352,245,613,950,1000,1.132110595703125,1.1093846758206685,0.19630117527340324,4.695662498474121
27,1,8,37,2560,1,8210,7352,245,613,925,1000,1.0966347455978394,1.077651818593343,0.18566974878934464,4.691323280334473
27,2,3,11,2560,1,8210,7352,245,613,975,1000,0.8414199352264404,0.8130241632461548,0.3602576795517175,3.8425588607788086
27,2,3,23,2560,1,8210,7352,245,613,850,1000,0.8359241485595703,0.7923181504011154,0.44431900574241545,3.7922699451446533
27,2,3,37,2560,1,8210,7352,245,613,1000,1000,0.8905118405818939,0.8988384703795115,0.36889287195105747,4.096668243408203
27,2,5,11,2560,1,8210,7352,245,613,900,1000,0.6659673899412155,0.6721544166405996,0.3402498636052961,2.432453155517578
27,2,5,23,2560,1,8210,7352,245,613,750,1000,0.727665901184082,0.6818248132864634,0.28428000729048986,2.345226526260376
27,2,5,37,2560,1,8210,7352,245,613,875,1000,0.6278611570596695,0.5372052093346914,0.2666268916085366,2.4019954204559326
27,2,6,11,2560,1,8210,7352,245,613,825,1000,1.0754938200116158,0.8837830970684687,0.3960596676011356,4.416602611541748
27,2,6,23,2560,1,8210,7352,245,613,950,1000,1.0426584333181381,0.8506317188342413,0.390086436242396,5.031406402587891
27,2,6,37,2560,1,8210,7352,245,613,975,1000,1.08533476293087,0.8992930551369985,0.3918666768857265,5.698113441467285
27,2,9,11,2560,1,8210,7352,245,613,1000,1000,0.8547143936157227,0.8546255777279536,0.26781510834064,3.3306162357330322
27,2,9,23,2560,1,8210,7352,245,613,750,1000,0.8246165439486504,0.7846269657214483,0.22271160050293878,2.787766456604004
27,2,9,37,2560,1,8210,7352,245,613,900,1000,0.7882291004061699,0.8889023860295614,0.24391898611640922,3.3168184757232666
27,2,10,11,2560,1,8210,7352,245,613,1000,1000,1.0695176273584366,0.918721154332161,0.28859437297537494,4.744991302490234
27,2,10,23,2560,1,8210,7352,245,613,825,1000,1.1209176778793335,0.8251994550228119,0.3316735271797031,4.377439022064209
27,2,10,37,2560,1,8210,7352,245,613,1000,1000,1.1136491149663925,1.045110861460368,0.3633316995287215,5.064450740814209
27,2,12,11,2560,1,8210,7352,245,613,825,1000,0.8791404515504837,1.015488604704539,0.18587257460608506,4.543252468109131
27,2,12,23,2560,1,8210,7352,245,613,975,1000,0.82915198802948,0.9983942111333212,0.19103355214352952,4.715450286865234
27,2,12,37,2560,1,8210,7352,245,613,625,875,0.7319634556770325,0.8564213911692301,0.11630513919431329,3.210801601409912
27,3,7,11,2560,1,8210,7352,245,613,950,1000,0.7477966547012329,0.6359262466430664,0.4543000851232459,3.2965781688690186
27,3,7,23,2560,1,8210,7352,245,613,900,1000,0.7388154342770576,0.6065004269282023,0.578593981322806,3.3473024368286133
27,3,7,37,2560,1,8210,7352,245,613,800,1000,0.6798902675509453,0.6798984607060751,0.397583096189452,3.2793617248535156
27,3,11,11,2560,1,8210,7352,245,613,1000,1000,0.7597991228103638,0.6905551453431448,0.3407710074346502,3.480226516723633
27,3,11,23,2560,1,8210,7352,245,613,975,1000,0.7931560352444649,0.598796675602595,0.4661919035841748,3.165450096130371
27,3,11,37,2560,1,8210,7352,245,613,900,1000,0.8763474971055984,0.7377694497505823,0.36936587899668266,3.542001247406006
27,3,13,11,2560,1,8210,7352,245,613,850,1000,0.6314849704504013,0.6795163949330648,0.28551805900382393,2.639378786087036
27,3,13,23,2560,1,8210,7352,245,613,975,1000,0.7373878955841064,0.8634061366319656,0.2927616320452941,3.071190357208252
27,3,13,37,2560,1,8210,7352,245,613,625,875,0.6178392767906189,0.6237144867579142,0.2685542682182026,2.126046657562256
27,3,14,11,2560,1,8210,7352,245,613,950,1000,0.9487331211566925,0.9681888868411382,0.3799189864201494,4.9298224449157715
27,3,14,23,2560,1,8210,7352,245,613,900,1000,0.9172048270702362,0.8382631142934164,0.35880008895416066,4.598870277404785
27,3,14,37,2560,1,8210,7352,245,613,775,1000,0.8468744680285454,0.7833344439665476,0.3087163635288539,4.013786792755127
27,4,15,11,2560,1,8210,7352,245,613,975,1000,0.8124157190322876,0.644290879368782,0.31300735454010764,3.487128973007202
27,4,15,23,2560,1,8210,7352,245,613,975,1000,0.7858908176422119,0.6579681634902954,0.32592596604070706,3.793112277984619
27,4,15,37,2560,1,8210,7352,245,613,1000,1000,0.8056647330522537,0.713379979133606,0.38974485300846756,3.5298876762390137
28,1,1,11,2560,1,8210,7352,245,613,975,1000,0.805311918258667,0.9223817984263102,0.37573408895811694,2.7988500595092773
28,1,1,23,2560,1,8210,7352,245,613,700,950,0.776848666369915,0.8096282879511515,0.4196995521986766,2.2894415855407715
28,1,1,37,2560,1,8210,7352,245,613,950,1000,0.840044379234314,0.8872460921605428,0.461385359725609,2.9135515689849854
28,1,2,11,2560,1,8210,7352,245,613,1000,1000,1.1995429992675781,1.0719819863637288,0.43340966230895994,6.62479305267334
28,1,2,23,2560,1,8210,7352,245,613,675,925,1.1419579982757568,0.9388148188591003,0.34317186854416953,5.06326961517334
28,1,2,37,2560,1,8210,7352,245,613,900,1000,1.2287729978561401,1.0476866960525513,0.39174431510494384,6.054224014282227
28,1,4,11,2560,1,8210,7352,245,613,975,1000,1.192616581916809,1.083289662996928,0.24093891101794898,4.7369489669799805
28,1,4,23,2560,1,8210,7352,245,613,550,800,0.9057868421077728,0.8670310179392496,0.18566007350797198,3.05782413482666
28,1,4,37,2560,1,8210,7352,245,613,825,1000,1.1273813396692276,1.0634987552960713,0.19386199332110554,4.2000908851623535
28,1,8,11,2560,1,8210,7352,245,613,825,1000,0.9862639009952545,1.0746743083000183,0.15870215813033822,4.100369930267334
28,1,8,23,2560,1,8210,7352,245,613,850,1000,1.0983404070138931,1.1936450898647308,0.1716775245819703,4.6508355140686035
28,1,8,37,2560,1,8210,7352,245,613,1000,1000,1.0188565254211426,1.065000335375468,0.20128719781261756,4.829359531402588
28,2,3,11,2560,1,8210,7352,245,613,900,1000,0.9211713075637817,0.8236134847005209,0.41065569252307105,3.7588906288146973
28,2,3,23,2560,1,8210,7352,245,613,850,1000,0.9242745563387871,0.12768983840942383,1.4762306477343183,3.589820146560669
28,2,3,37,2560,1,8210,7352,245,613,925,1000,0.9392592906951904,0.36164384086926776,1.1075358765930359,4.043054580688477
28,2,5,11,2560,1,8210,7352,245,613,950,1000,0.7003756016492844,0.6056102911631266,0.31580742605114825,2.5341830253601074
28,2,5,23,2560,1,8210,7352,245,613,750,1000,0.6401032209396362,0.5897887349128723,0.24382923362675044,2.1347815990448
28,2,5,37,2560,1,8210,7352,245,613,1000,1000,0.7354043275117874,0.6850354671478271,0.34848843833215404,2.8559024333953857
28,2,6,11,2560,1,8210,7352,245,613,925,1000,1.1041345745325089,0.9418981820344925,0.38158478873516655,4.973967552185059
28,2,6,23,2560,1,8210,7352,245,613,925,1000,0.9986968040466309,0.7267673363288244,0.3586121882335306,4.6658806800842285
28,2,6,37,2560,1,8210,7352,245,613,900,1000,0.9844828993082047,0.8305766185124716,0.37401113662892166,5.060803413391113
28,2,9,11,2560,1,8210,7352,245,613,950,1000,0.7879986763000488,0.837776189049085,0.2997881550852366,3.2509102821350098
28,2,9,23,2560,1,8210,7352,245,613,725,975,0.7669391185045242,0.8041393856207529,0.24640026597491815,2.8090057373046875
28,2,9,37,2560,1,8210,7352,245,613,900,1000,0.8456708192825317,0.811835840344429,0.24006076656990147,3.4229612350463867
28,2,10,11,2560,1,8210,7352,245,613,1000,1000,1.1323643773794174,0.986923893292745,0.31806886648044835,5.06654167175293
28,2,10,23,2560,1,8210,7352,245,613,950,1000,1.0705913230776787,0.9308252111077309,0.37963138990550677,5.1336798667907715
28,2,10,37,2560,1,8210,7352,245,613,925,1000,1.1306850910186768,0.9358559052149454,0.3536466067728688,4.8928656578063965
28,2,12,11,2560,1,8210,7352,245,613,975,1000,0.8856737613677979,0.9821063180764517,0.19506751248031168,4.6746063232421875
28,2,12,23,2560,1,8210,7352,245,613,975,1000,0.8819535672664642,1.0511180758476257,0.2085560877046763,5.088141441345215
28,2,12,37,2560,1,8210,7352,245,613,1000,1000,0.8981970548629761,1.0093490878740947,0.20253112129960868,4.913029193878174
28,3,7,11,2560,1,8210,7352,245,613,975,1000,0.7028765678405762,0.09259951114654541,0.8812756556413729,3.467994451522827
28,3,7,23,2560,1,8210,7352,245,613,975,1000,0.7606126070022583,0.6710005154212316,0.38722102820077775,3.842024564743042
28,3,7,37,2560,1,8210,7352,245,613,900,1000,0.7511084005236626,0.7743022441864014,0.3444290569528138,3.729290723800659
28,3,11,11,2560,1,8210,7352,245,613,950,1000,0.802695631980896,0.4438060124715169,0.7098045085324045,3.6172947883605957
28,3,11,23,2560,1,8210,7352,245,613,1000,1000,0.833628848195076,0.6379470477501551,0.3167912048900299,3.5243735313415527
28,3,11,37,2560,1,8210,7352,245,613,850,1000,0.8630557134747505,0.7092066556215286,0.3370978744911494,3.4342739582061768
28,3,13,11,2560,1,8210,7352,245,613,675,925,0.6369293332099915,0.6604628264904022,0.23889116180585862,2.0188679695129395
28,3,13,23,2560,1,8210,7352,245,613,975,1000,0.7398772165179253,0.7949386437733968,0.29220614526831795,2.897064447402954
28,3,13,37,2560,1,8210,7352,245,613,925,1000,0.6633703708648682,0.7391988833745321,0.3137859218125376,2.980407238006592
28,3,14,11,2560,1,8210,7352,245,613,875,1000,0.928635984659195,0.856990580757459,0.3559826058277653,4.8671345710754395
28,3,14,23,2560,1,8210,7352,245,613,1000,1000,0.9347577020525932,0.9044058273235956,0.37135229193660607,5.397729873657227
28,3,14,37,2560,1,8210,7352,245,613,975,1000,0.8945046663284302,0.8019509017467499,0.4020421946445827,5.075588226318359
28,4,15,11,2560,1,8210,7352,245,613,975,1000,0.8491342067718506,0.6664499094088873,0.4350214744875448,3.5830085277557373
28,4,15,23,2560,1,8210,7352,245,613,675,925,0.6538326740264893,0.6247138219575087,0.29062102314498517,2.868469476699829
28,4,15,37,2560,1,8210,7352,245,613,925,1000,0.7640687227249146,0.6773947576681772,0.35152927912345416,3.64778733253479
29,1,1,11,2560,1,8210,7352,245,613,1000,1000,0.7432804554700851,0.8352607091267904,0.3823814027149124,2.911703586578369
29,1,1,23,2560,1,8210,7352,245,613,950,1000,0.7251664400100708,0.8564875523249308,0.4161888123835798,2.747499942779541
29,1,1,37,2560,1,8210,7352,245,613,1000,1000,0.8040929138660431,0.8879801432291666,0.46108936667532757,3.1589975357055664
29,1,2,11,2560,1,8210,7352,245,613,1000,1000,1.2779472917318344,1.1229911645253499,0.4097786229668933,6.021658897399902
29,1,2,23,2560,1,8210,7352,245,613,850,1000,1.2479968070983887,1.0917549133300781,0.35654550960625137,6.20021390914917
29,1,2,37,2560,1,8210,7352,245,613,875,1000,1.2466002702713013,0.9658838510513306,0.3941370609386372,5.558759689331055
29,1,4,11,2560,1,8210,7352,245,613,950,1000,1.0793917030096054,1.084937334060669,0.27926581023613145,4.771718502044678
29,1,4,23,2560,1,8210,7352,245,613,925,1000,1.1696454286575317,1.1705937484900157,0.24542283315026645,4.790534973144531
29,1,4,37,2560,1,8210,7352,245,613,1000,1000,1.1725904792547226,1.1028494934240978,0.21279158092077508,4.837767124176025
29,1,8,11,2560,1,8210,7352,245,613,975,1000,1.0311580896377563,1.0283739864826202,0.19708115710385082,5.261937618255615
29,1,8,23,2560,1,8210,7352,245,613,825,1000,1.1117734760046005,1.0480005542437236,0.22205489914229212,4.482298374176025
29,1,8,37,2560,1,8210,7352,245,613,925,1000,1.0417157411575317,0.966165562470754,0.2446351474795265,4.837245941162109
29,2,3,11,2560,1,8210,7352,245,613,975,1000,0.8328483402729034,0.6957159837086996,0.3712132374019538,3.791985273361206
29,2,3,23,2560,1,8210,7352,245,613,825,1000,0.85074782371521,0.6720194468895594,0.3832319266580704,3.5068743228912354
29,2,3,37,2560,1,8210,7352,245,613,825,1000,0.8865847587585449,0.783839742342631,0.47428689009069097,3.5269761085510254
29,2,5,11,2560,1,8210,7352,245,613,925,1000,0.6758048683404922,0.6516395409901937,0.28094785067377326,2.727810859680176
29,2,5,23,2560,1,8210,7352,245,613,800,1000,0.7252849414944649,0.6628935635089874,0.26051433853973843,2.3858346939086914
29,2,5,37,2560,1,8210,7352,245,613,975,1000,0.7003862857818604,0.6694771846135458,0.3473810545642683,2.7120280265808105
29,2,6,11,2560,1,8210,7352,245,613,925,1000,1.0471663400530815,0.8502776920795441,0.39744049842752377,4.674950122833252
29,2,6,23,2560,1,8210,7352,245,613,925,1000,1.1353735998272896,0.9524775296449661,0.3931657025251484,5.079987525939941
29,2,6,37,2560,1,8210,7352,245,613,950,1000,1.1036636680364609,0.9361054499944051,0.409293550777777,5.254968166351318
29,2,9,11,2560,1,8210,7352,245,613,875,1000,0.8600679710507393,0.833072101076444,0.2577308073069643,3.2018015384674072
29,2,9,23,2560,1,8210,7352,245,613,975,1000,0.8623547554016113,0.7926711191733679,0.26193260833823484,3.743924140930176
29,2,9,37,2560,1,8210,7352,245,613,875,1000,0.8957726657390594,0.8764319817225138,0.21237247917964935,3.238859176635742
29,2,10,11,2560,1,8210,7352,245,613,750,1000,1.1069908291101456,0.9046738545099894,0.2784701949502362,3.9766316413879395
29,2,10,23,2560,1,8210,7352,245,613,975,1000,1.0915780067443848,0.9255615125099818,0.31823662689506876,5.124650001525879
29,2,10,37,2560,1,8210,7352,245,613,925,1000,1.1522959619760513,1.0068621635437012,0.361312839791802,5.10347843170166
29,2,12,11,2560,1,8210,7352,245,613,950,1000,0.8634622097015381,1.1057570377985637,0.21348995352710284,5.212465763092041
29,2,12,23,2560,1,8210,7352,245,613,950,1000,0.8566724061965942,1.0068514943122864,0.2982108979161726,4.980499267578125
29,2,12,37,2560,1,8210,7352,245,613,1000,1000,0.9835976362228394,1.1150134801864624,0.19900916973560775,5.473050117492676
29,3,7,11,2560,1,8210,7352,245,613,975,1000,0.7332833930850029,0.4992777109146118,0.5317293287698068,3.5755443572998047
29,3,7,23,2560,1,8210,7352,245,613,950,1000,0.7522890493273735,0.6715424433350563,0.3872881359139579,3.6542155742645264
29,3,7,37,2560,1,8210,7352,245,613,975,1000,0.7807192802429199,0.7079190065463384,0.36373796625773164,3.806920289993286
29,3,11,11,2560,1,8210,7352,245,613,925,1000,0.8627781867980957,0.46526596943537396,0.5109028953096566,3.622619390487671
29,3,11,23,2560,1,8210,7352,245,613,975,1000,0.8363939970731735,0.6897575408220291,0.2813740702292348,3.7032036781311035
29,3,11,37,2560,1,8210,7352,245,613,1000,1000,0.8642435073852539,0.7226953109105428,0.447985483528486,4.050727844238281
29,3,13,11,2560,1,8210,7352,245,613,525,775,0.575677216053009,0.5996142625808716,0.23269342292256726,1.7505842447280884
29,3,13,23,2560,1,8210,7352,245,613,975,1000,0.8106265515089035,0.8273589660724004,0.3329507775168659,2.983783006668091
29,3,13,37,2560,1,8210,7352,245,613,950,1000,0.7566490471363068,0.7969738145669302,0.2929412467932851,2.902956485748291
29,3,14,11,2560,1,8210,7352,245,613,975,1000,0.8362308740615845,0.8279037972291311,0.4051746789980737,5.144222736358643
29,3,14,23,2560,1,8210,7352,245,613,900,1000,0.9776793718338013,0.8616735438505808,0.3497853274135621,5.002697944641113
29,3,14,37,2560,1,8210,7352,245,613,950,1000,0.8998005092144012,0.9228543738524119,0.3751965345297664,5.0261125564575195
29,4,15,11,2560,1,8210,7352,245,613,975,1000,0.7308958694338799,0.5919356346130371,0.5562061528367546,3.555516242980957
29,4,15,23,2560,1,8210,7352,245,613,1000,1000,0.7361244037747383,0.7865984092156092,0.29732212097041744,4.060778617858887
29,4,15,37,2560,1,8210,7352,245,613,1000,1000,0.7614484578371048,0.6561989386876425,0.3956451033129369,3.7637457847595215
30,1,1,11,2560,1,8210,7352,245,613,950,1000,0.7812978774309158,0.8861103455225626,0.4271418690604865,2.9360744953155518
30,1,1,23,2560,1,8210,7352,245,613,925,1000,0.7611035108566284,0.8239230712254842,0.33411618269941906,2.735978364944458
30,1,1,37,2560,1,8210,7352,245,613,1000,1000,0.7776116132736206,0.892489473025004,0.40487659961852074,2.9799351692199707
30,1,2,11,2560,1,8210,7352,245,613,975,1000,1.327228307723999,1.141566276550293,0.39658509380138085,6.797889709472656
30,1,2,23,2560,1,8210,7352,245,613,925,1000,1.2317308187484741,0.9854823549588522,0.4256831299194544,5.822110652923584
30,1,2,37,2560,1,8210,7352,245,613,975,1000,1.2371612787246704,1.1154117981592815,0.42360086632091654,6.1650071144104
30,1,4,11,2560,1,8210,7352,245,613,950,1000,1.0803754478693008,1.1350513398647308,0.2380104708114338,4.688364028930664
30,1,4,23,2560,1,8210,7352,245,613,1000,1000,1.2196046113967896,1.1441654364267986,0.22529352239640008,5.4275617599487305
30,1,4,37,2560,1,8210,7352,245,613,975,1000,1.108853816986084,0.7875561316808065,0.37001808724757856,5.15614128112793
30,1,8,11,2560,1,8210,7352,245,613,950,1000,1.1099382638931274,1.1805169185002644,0.2026998429202903,5.0824666023254395
30,1,8,23,2560,1,8210,7352,245,613,825,1000,1.0779242366552353,1.1202963789304097,0.1891847236947579,4.605781078338623
30,1,8,37,2560,1,8210,7352,245,613,1000,1000,1.165224328637123,1.1190076073010762,0.23112892887111286,5.395301342010498
30,2,3,11,2560,1,8210,7352,245,613,975,1000,0.8941023349761963,0.8429144620895386,0.3738211675954522,3.8394265174865723
30,2,3,23,2560,1,8210,7352,245,613,850,1000,0.8979122638702393,0.785923920571804,0.4823951301613367,3.586728811264038
30,2,3,37,2560,1,8210,7352,245,613,925,1000,0.8865401744842529,0.7717275321483612,0.5624920350655446,4.174905776977539
30,2,5,11,2560,1,8210,7352,245,613,950,1000,0.8044815063476562,0.7646673570076624,0.31797800194849607,2.730224132537842
30,2,5,23,2560,1,8210,7352,245,613,950,1000,0.7958502322435379,0.6865733390053114,0.33101978059501863,2.463008403778076
30,2,5,37,2560,1,8210,7352,245,613,950,1000,0.6915485113859177,0.7004642883936564,0.3346842921016831,2.7353458404541016
30,2,6,11,2560,1,8210,7352,245,613,950,1000,1.0580967664718628,0.9632028341293335,0.36703213457697004,4.93735933303833
30,2,6,23,2560,1,8210,7352,245,613,975,1000,1.0804519653320312,0.8692005115250746,0.39642405451209617,5.205690860748291
30,2,6,37,2560,1,8210,7352,245,613,1000,1000,1.1045857667922974,1.003660539786021,0.40139178711077017,5.428371429443359
30,2,9,11,2560,1,8210,7352,245,613,900,1000,0.9130535423755646,0.8968170086542765,0.2870680398406761,3.598658561706543
30,2,9,23,2560,1,8210,7352,245,613,975,1000,0.8688204362988472,0.9092986583709717,0.22922240203138672,3.690727472305298
30,2,9,37,2560,1,8210,7352,245,613,975,1000,0.7360960245132446,0.7442381083965302,0.21936163580410725,3.482818841934204
30,2,10,11,2560,1,8210,7352,245,613,1000,1000,1.139182686805725,1.0437120546897252,0.3523401984678905,5.069546699523926
30,2,10,23,2560,1,8210,7352,245,613,975,1000,1.1448147147893906,0.9846032857894897,0.32476702558987863,5.395016193389893
30,2,10,37,2560,1,8210,7352,245,613,975,1000,1.136094093322754,1.1125622689723969,0.3506806006471419,5.520503044128418
30,2,12,11,2560,1,8210,7352,245,613,975,1000,0.9765177071094513,1.1141282816727955,0.23197406956623223,5.239284038543701
30,2,12,23,2560,1,8210,7352,245,613,1000,1000,0.9119468629360199,0.9879707793394724,0.22565618221820535,5.143162727355957
30,2,12,37,2560,1,8210,7352,245,613,875,1000,0.8373159170150757,0.8892185290654501,0.20651628909736797,4.923540115356445
30,3,7,11,2560,1,8210,7352,245,613,600,850,0.6474961079657078,0.5218199640512466,0.3329405820215927,2.6135294437408447
30,3,7,23,2560,1,8210,7352,245,613,1000,1000,0.6724592410027981,0.4869283239046733,0.49727031871170696,3.866208076477051
30,3,7,37,2560,1,8210,7352,245,613,975,1000,0.7744606658816338,0.7191547155380249,0.3415200842911272,3.808551788330078
30,3,11,11,2560,1,8210,7352,245,613,925,1000,0.8885440826416016,0.7187116891145706,0.3385653521587795,3.7685067653656006
30,3,11,23,2560,1,8210,7352,245,613,1000,1000,0.8068369626998901,0.7481955736875534,0.2675017684417009,3.926976442337036
30,3,11,37,2560,1,8210,7352,245,613,900,1000,0.8928589522838593,0.41999971866607666,0.9546908276748455,3.617095947265625
30,3,13,11,2560,1,8210,7352,245,613,925,1000,0.6992011070251465,0.7414105435212454,0.3064327906586621,2.8900837898254395
30,3,13,23,2560,1,8210,7352,245,613,975,1000,0.8232947513461113,0.8652843236923218,0.3315085038696576,3.275123119354248
30,3,13,37,2560,1,8210,7352,245,613,950,1000,0.7254764586687088,0.7584728896617889,0.29057653063824884,2.9945337772369385
30,3,14,11,2560,1,8210,7352,245,613,1000,1000,1.0677764564752579,0.9709083835283915,0.39877344515573365,5.512357711791992
30,3,14,23,2560,1,8210,7352,245,613,875,1000,0.972022294998169,0.9089674204587936,0.32896344036087555,4.872224807739258
30,3,14,37,2560,1,8210,7352,245,613,925,1000,0.9074451923370361,0.9516756534576416,0.37856176822444,4.893512725830078
30,4,15,11,2560,1,8210,7352,245,613,850,1000,0.7044394090771675,0.6176357269287109,0.3898601437228846,3.1782631874084473
30,4,15,23,2560,1,8210,7352,245,613,825,1000,0.7304040268063545,0.6206524322430292,0.3047662410723334,3.6238036155700684
30,4,15,37,2560,1,8210,7352,245,613,850,1000,0.7207109183073044,0.5757530232270559,0.4439957391912807,3.5295002460479736
